date,Regroupement,Croisement,Nom,cas_cum_lab_n,cas_cum_epi_n,cases,cas_cum_tot_t,cas_quo_tot_t,cas_quo_lab_n,cas_quo_epi_n,new_cases,active_cases,act_cum_tot_t,cas_quo_tot_m,cas_quo_tot_tm,recovered,new_recovered,deaths,dec_cum_tot_t,dec_quo_tot_t,deaths_chsld,deaths_psr,deaths_home,deaths_other,new_deaths,dec_quo_chs_n,dec_quo_rpa_n,dec_quo_dom_n,dec_quo_aut_n,dec_quo_tot_m,dec_quo_tot_tm,hos_cum_reg_n,hos_cum_si_n,hos_cum_tot_n,hos_cum_tot_t,hos_quo_tot_t,hos_quo_reg_n,hos_quo_si_n,hos_quo_tot_n,hos_quo_tot_m,psi_cum_tes_n,psi_cum_pos_n,negative_tests,psi_quo_pos_n,new_negative_tests,psi_quo_tes_n,psi_quo_pos_t
2020-01-23,Région,RSS99,Ensemble du Québec,0,0,0,0.0,0.0,0,0,0,0,0.0,na,na,0,0,0,0.0,0.0,0,0,0,0,0,0,0,0,0,na,na,0.0,0.0,0.0,0.0,0.0,0.0,0.0,0.0,na,2,0,2,0,2,2,0.0
2020-01-24,Région,RSS99,Ensemble du Québec,0,0,0,0.0,0.0,0,0,0,0,0.0,na,na,0,0,0,0.0,0.0,0,0,0,0,0,0,0,0,0,na,na,0.0,0.0,0.0,0.0,0.0,0.0,0.0,0.0,na,2,0,2,0,0,0,na
2020-01-25,Région,RSS99,Ensemble du Québec,0,0,0,0.0,0.0,0,0,0,0,0.0,na,na,1,1,0,0.0,0.0,0,0,0,0,0,0,0,0,0,na,na,0.0,0.0,0.0,0.0,0.0,0.0,0.0,0.0,na,2,0,2,0,0,0,na
2020-01-26,Région,RSS99,Ensemble du Québec,0,0,0,0.0,0.0,0,0,0,0,0.0,0.0,0.0,1,0,0,0.0,0.0,0,0,0,0,0,0,0,0,0,0.0,0.0,0.0,0.0,0.0,0.0,0.0,0.0,0.0,0.0,0.0,2,0,2,0,0,0,na
2020-01-27,Région,RSS99,Ensemble du Québec,0,0,0,0.0,0.0,0,0,0,0,0.0,0.0,0.0,1,0,0,0.0,0.0,0,0,0,0,0,0,0,0,0,0.0,0.0,0.0,0.0,0.0,0.0,0.0,0.0,0.0,0.0,0.0,3,0,3,0,1,1,0.0
2020-01-28,Région,RSS99,Ensemble du Québec,0,0,0,0.0,0.0,0,0,0,0,0.0,0.0,0.0,1,0,0,0.0,0.0,0,0,0,0,0,0,0,0,0,0.0,0.0,0.0,0.0,0.0,0.0,0.0,0.0,0.0,0.0,0.0,3,0,3,0,0,0,na
2020-01-29,Région,RSS99,Ensemble du Québec,0,0,0,0.0,0.0,0,0,0,0,0.0,0.0,0.0,1,0,0,0.0,0.0,0,0,0,0,0,0,0,0,0,0.0,0.0,0.0,0.0,0.0,0.0,0.0,0.0,0.0,0.0,0.0,3,0,3,0,0,0,na
2020-01-30,Région,RSS99,Ensemble du Québec,0,0,0,0.0,0.0,0,0,0,0,0.0,0.0,0.0,1,0,0,0.0,0.0,0,0,0,0,0,0,0,0,0,0.0,0.0,0.0,0.0,0.0,0.0,0.0,0.0,0.0,0.0,0.0,7,0,7,0,6,6,0.0
2020-01-31,Région,RSS99,Ensemble du Québec,0,0,0,0.0,0.0,0,0,0,0,0.0,0.0,0.0,1,0,0,0.0,0.0,0,0,0,0,0,0,0,0,0,0.0,0.0,0.0,0.0,0.0,0.0,0.0,0.0,0.0,0.0,0.0,9,0,9,0,4,4,0.0
2020-02-01,Région,RSS99,Ensemble du Québec,0,0,0,0.0,0.0,0,0,0,0,0.0,0.0,0.0,1,0,0,0.0,0.0,0,0,0,0,0,0,0,0,0,0.0,0.0,0.0,0.0,0.0,0.0,0.0,0.0,0.0,0.0,0.0,9,0,9,0,0,0,na
2020-02-02,Région,RSS99,Ensemble du Québec,0,0,0,0.0,0.0,0,0,0,0,0.0,0.0,0.0,1,0,0,0.0,0.0,0,0,0,0,0,0,0,0,0,0.0,0.0,0.0,0.0,0.0,0.0,0.0,0.0,0.0,0.0,0.0,9,0,9,0,0,0,na
2020-02-03,Région,RSS99,Ensemble du Québec,0,0,0,0.0,0.0,0,0,0,0,0.0,0.0,0.0,1,0,0,0.0,0.0,0,0,0,0,0,0,0,0,0,0.0,0.0,0.0,0.0,0.0,0.0,0.0,0.0,0.0,0.0,0.0,10,0,10,0,1,1,0.0
2020-02-04,Région,RSS99,Ensemble du Québec,0,0,0,0.0,0.0,0,0,0,0,0.0,0.0,0.0,1,0,0,0.0,0.0,0,0,0,0,0,0,0,0,0,0.0,0.0,0.0,0.0,0.0,0.0,0.0,0.0,0.0,0.0,0.0,10,0,10,0,0,0,na
2020-02-05,Région,RSS99,Ensemble du Québec,0,0,0,0.0,0.0,0,0,0,0,0.0,0.0,0.0,1,0,0,0.0,0.0,0,0,0,0,0,0,0,0,0,0.0,0.0,0.0,0.0,0.0,0.0,0.0,0.0,0.0,0.0,0.0,11,0,11,0,1,1,0.0
2020-02-06,Région,RSS99,Ensemble du Québec,0,0,0,0.0,0.0,0,0,0,0,0.0,0.0,0.0,1,0,0,0.0,0.0,0,0,0,0,0,0,0,0,0,0.0,0.0,0.0,0.0,0.0,0.0,0.0,0.0,0.0,0.0,0.0,11,0,11,0,0,0,na
2020-02-07,Région,RSS99,Ensemble du Québec,0,0,0,0.0,0.0,0,0,0,0,0.0,0.0,0.0,1,0,0,0.0,0.0,0,0,0,0,0,0,0,0,0,0.0,0.0,0.0,0.0,0.0,0.0,0.0,0.0,0.0,0.0,0.0,14,0,14,0,3,3,0.0
2020-02-08,Région,RSS99,Ensemble du Québec,0,0,0,0.0,0.0,0,0,0,0,0.0,0.0,0.0,1,0,0,0.0,0.0,0,0,0,0,0,0,0,0,0,0.0,0.0,0.0,0.0,0.0,0.0,0.0,0.0,0.0,0.0,0.0,14,0,14,0,0,0,na
2020-02-09,Région,RSS99,Ensemble du Québec,0,0,0,0.0,0.0,0,0,0,0,0.0,0.0,0.0,1,0,0,0.0,0.0,0,0,0,0,0,0,0,0,0,0.0,0.0,0.0,0.0,0.0,0.0,0.0,0.0,0.0,0.0,0.0,14,0,14,0,0,0,na
2020-02-10,Région,RSS99,Ensemble du Québec,0,0,0,0.0,0.0,0,0,0,0,0.0,0.0,0.0,1,0,0,0.0,0.0,0,0,0,0,0,0,0,0,0,0.0,0.0,0.0,0.0,0.0,0.0,0.0,0.0,0.0,0.0,0.0,24,0,24,0,10,10,0.0
2020-02-11,Région,RSS99,Ensemble du Québec,0,0,0,0.0,0.0,0,0,0,0,0.0,0.0,0.0,1,0,0,0.0,0.0,0,0,0,0,0,0,0,0,0,0.0,0.0,0.0,0.0,0.0,0.0,0.0,0.0,0.0,0.0,0.0,29,0,29,0,6,6,0.0
2020-02-12,Région,RSS99,Ensemble du Québec,0,0,0,0.0,0.0,0,0,0,0,0.0,0.0,0.0,1,0,0,0.0,0.0,0,0,0,0,0,0,0,0,0,0.0,0.0,0.0,0.0,0.0,0.0,0.0,0.0,0.0,0.0,0.0,31,0,31,0,2,2,0.0
2020-02-13,Région,RSS99,Ensemble du Québec,0,0,0,0.0,0.0,0,0,0,0,0.0,0.0,0.0,1,0,0,0.0,0.0,0,0,0,0,0,0,0,0,0,0.0,0.0,0.0,0.0,0.0,0.0,0.0,0.0,0.0,0.0,0.0,32,0,32,0,1,1,0.0
2020-02-14,Région,RSS99,Ensemble du Québec,0,0,0,0.0,0.0,0,0,0,0,0.0,0.0,0.0,1,0,0,0.0,0.0,0,0,0,0,0,0,0,0,0,0.0,0.0,0.0,0.0,0.0,0.0,0.0,0.0,0.0,0.0,0.0,35,0,35,0,3,3,0.0
2020-02-15,Région,RSS99,Ensemble du Québec,0,0,0,0.0,0.0,0,0,0,0,0.0,0.0,0.0,1,0,0,0.0,0.0,0,0,0,0,0,0,0,0,0,0.0,0.0,0.0,0.0,0.0,0.0,0.0,0.0,0.0,0.0,0.0,35,0,35,0,0,0,na
2020-02-16,Région,RSS99,Ensemble du Québec,0,0,0,0.0,0.0,0,0,0,0,0.0,0.0,0.0,1,0,0,0.0,0.0,0,0,0,0,0,0,0,0,0,0.0,0.0,0.0,0.0,0.0,0.0,0.0,0.0,0.0,0.0,0.0,35,0,35,0,0,0,na
2020-02-17,Région,RSS99,Ensemble du Québec,0,0,0,0.0,0.0,0,0,0,0,0.0,0.0,0.0,1,0,0,0.0,0.0,0,0,0,0,0,0,0,0,0,0.0,0.0,0.0,0.0,0.0,0.0,0.0,0.0,0.0,0.0,0.0,43,0,43,0,8,8,0.0
2020-02-18,Région,RSS99,Ensemble du Québec,0,0,0,0.0,0.0,0,0,0,0,0.0,0.0,0.0,1,0,0,0.0,0.0,0,0,0,0,0,0,0,0,0,0.0,0.0,0.0,0.0,0.0,0.0,0.0,0.0,0.0,0.0,0.0,43,0,43,0,0,0,na
2020-02-19,Région,RSS99,Ensemble du Québec,0,0,0,0.0,0.0,0,0,0,0,0.0,0.0,0.0,1,0,0,0.0,0.0,0,0,0,0,0,0,0,0,0,0.0,0.0,0.0,0.0,0.0,0.0,0.0,0.0,0.0,0.0,0.0,49,0,49,0,6,6,0.0
2020-02-20,Région,RSS99,Ensemble du Québec,0,0,0,0.0,0.0,0,0,0,0,0.0,0.0,0.0,1,0,0,0.0,0.0,0,0,0,0,0,0,0,0,0,0.0,0.0,0.0,0.0,0.0,0.0,0.0,0.0,0.0,0.0,0.0,50,0,50,0,1,1,0.0
2020-02-21,Région,RSS99,Ensemble du Québec,0,0,0,0.0,0.0,0,0,0,0,0.0,0.0,0.0,1,0,0,0.0,0.0,0,0,0,0,0,0,0,0,0,0.0,0.0,0.0,0.0,0.0,0.0,0.0,0.0,0.0,0.0,0.57,52,0,52,0,2,2,0.0
2020-02-22,Région,RSS99,Ensemble du Québec,0,0,0,0.0,0.0,0,0,0,0,0.0,0.14,0.0,1,0,0,0.0,0.0,0,0,0,0,0,0,0,0,0,0.0,0.0,0.0,0.0,0.0,0.0,0.0,0.0,0.0,0.0,0.86,52,0,52,0,0,0,na
2020-02-23,Région,RSS99,Ensemble du Québec,0,0,0,0.0,0.0,0,0,0,0,0.0,0.14,0.0,1,0,0,0.0,0.0,0,0,0,0,0,0,0,0,0,0.0,0.0,0.0,0.0,0.0,0.0,0.0,0.0,0.0,0.0,1.29,52,0,52,0,0,0,na
2020-02-24,Région,RSS99,Ensemble du Québec,0,0,0,0.0,0.0,0,0,0,0,0.0,0.14,0.0,1,0,0,0.0,0.0,0,0,0,0,0,0,0,0,0,0.0,0.0,3.0,1.0,4.0,0.05,0.05,3.0,1.0,4.0,1.43,58,0,58,0,6,6,0.0
2020-02-25,Région,RSS99,Ensemble du Québec,1,0,1,0.01,0.01,1,0,1,1,0.01,0.29,0.0,1,0,0,0.0,0.0,0,0,0,0,0,0,0,0,0,0.0,0.0,4.0,2.0,6.0,0.07,0.02,1.0,1.0,2.0,1.71,66,0,66,0,9,9,0.0
2020-02-26,Région,RSS99,Ensemble du Québec,1,0,1,0.01,0.0,0,0,0,1,0.01,0.29,0.0,1,0,0,0.0,0.0,0,0,0,0,0,0,0,0,0,0.0,0.0,6.0,3.0,9.0,0.11,0.04,2.0,1.0,3.0,2.43,90,0,90,0,24,24,0.0
2020-02-27,Région,RSS99,Ensemble du Québec,1,0,1,0.01,0.0,0,0,0,1,0.01,0.43,0.01,1,0,0,0.0,0.0,0,0,0,0,0,0,0,0,0,0.0,0.0,7.0,3.0,10.0,0.12,0.01,1.0,0.0,1.0,2.86,103,0,103,0,13,13,0.0
2020-02-28,Région,RSS99,Ensemble du Québec,2,0,2,0.02,0.01,1,0,1,2,0.02,0.86,0.01,1,0,0,0.0,0.0,0,0,0,0,0,0,0,0,0,0.0,0.0,8.0,4.0,12.0,0.14,0.02,1.0,1.0,2.0,2.43,121,0,121,0,19,19,0.0
2020-02-29,Région,RSS99,Ensemble du Québec,2,0,2,0.02,0.0,0,0,0,2,0.02,1.0,0.01,1,0,0,0.0,0.0,0,0,0,0,0,0,0,0,0,0.0,0.0,11.0,6.0,17.0,0.2,0.06,3.0,2.0,5.0,2.29,140,0,140,0,19,19,0.0
2020-03-01,Région,RSS99,Ensemble du Québec,2,1,3,0.04,0.01,0,1,1,3,0.04,1.29,0.02,1,0,0,0.0,0.0,0,0,0,0,0,0,0,0,0,0.0,0.0,13.0,7.0,20.0,0.23,0.04,2.0,1.0,3.0,2.14,163,0,163,0,24,24,0.0
2020-03-02,Région,RSS99,Ensemble du Québec,5,1,6,0.07,0.04,3,0,3,6,0.07,1.43,0.02,1,0,0,0.0,0.0,0,0,0,0,0,0,0,0,0,0.0,0.0,14.0,7.0,21.0,0.25,0.01,1.0,0.0,1.0,3.0,178,1,177,1,14,15,6.67
2020-03-03,Région,RSS99,Ensemble du Québec,7,1,8,0.09,0.02,2,0,2,8,0.09,1.57,0.02,1,0,0,0.0,0.0,0,0,0,0,0,0,0,0,0,0.0,0.0,14.0,8.0,22.0,0.26,0.01,0.0,1.0,1.0,3.43,189,1,188,0,11,11,0.0
2020-03-04,Région,RSS99,Ensemble du Québec,9,1,10,0.12,0.02,2,0,2,10,0.12,1.57,0.02,1,0,0,0.0,0.0,0,0,0,0,0,0,0,0,0,0.0,0.0,16.0,8.0,24.0,0.28,0.02,2.0,0.0,2.0,3.0,215,1,214,0,28,28,0.0
2020-03-05,Région,RSS99,Ensemble du Québec,10,1,11,0.13,0.01,1,0,1,11,0.13,1.57,0.02,1,0,0,0.0,0.0,0,0,0,0,0,0,0,0,0,0.0,0.0,23.0,8.0,31.0,0.36,0.08,7.0,0.0,7.0,3.0,241,2,239,1,29,30,3.33
2020-03-06,Région,RSS99,Ensemble du Québec,12,1,13,0.15,0.02,2,0,2,13,0.15,1.29,0.02,1,0,0,0.0,0.0,0,0,0,0,0,0,0,0,0,0.0,0.0,27.0,9.0,36.0,0.42,0.06,4.0,1.0,5.0,3.86,286,2,284,0,47,47,0.0
2020-03-07,Région,RSS99,Ensemble du Québec,12,1,13,0.15,0.0,0,0,0,13,0.15,1.29,0.02,1,0,0,0.0,0.0,0,0,0,0,0,0,0,0,0,0.0,0.0,29.0,9.0,38.0,0.45,0.02,2.0,0.0,2.0,4.71,321,2,319,0,39,39,0.0
2020-03-08,Région,RSS99,Ensemble du Québec,13,1,14,0.16,0.01,1,0,1,14,0.16,2.43,0.03,1,0,0,0.0,0.0,0,0,0,0,0,0,0,0,0,0.0,0.0,32.0,9.0,41.0,0.48,0.04,3.0,0.0,3.0,5.86,351,2,349,0,34,34,0.0
2020-03-09,Région,RSS99,Ensemble du Québec,14,1,15,0.18,0.01,1,0,1,15,0.18,3.14,0.04,1,0,0,0.0,0.0,0,0,0,0,0,0,0,0,0,0.0,0.0,35.0,13.0,48.0,0.56,0.08,3.0,4.0,7.0,5.43,415,4,411,2,63,65,3.08
2020-03-10,Région,RSS99,Ensemble du Québec,15,2,17,0.2,0.02,1,1,2,16,0.19,3.43,0.04,2,1,0,0.0,0.0,0,0,0,0,0,0,0,0,0,0.0,0.0,41.0,14.0,55.0,0.64,0.08,6.0,1.0,7.0,5.86,539,6,533,2,128,130,1.54
2020-03-11,Région,RSS99,Ensemble du Québec,25,2,27,0.32,0.12,10,0,10,26,0.3,6.14,0.07,2,0,0,0.0,0.0,0,0,0,0,0,0,0,0,0,0.0,0.0,48.0,17.0,65.0,0.76,0.12,7.0,3.0,10.0,6.43,745,13,732,7,208,215,3.26
2020-03-12,Région,RSS99,Ensemble du Québec,31,2,33,0.39,0.07,6,0,6,32,0.37,7.86,0.09,2,0,0,0.0,0.0,0,0,0,0,0,0,0,0,0,0.0,0.0,51.0,18.0,69.0,0.81,0.05,3.0,1.0,4.0,7.14,1070,17,1053,4,333,337,1.19
2020-03-13,Région,RSS99,Ensemble du Québec,35,2,37,0.43,0.05,4,0,4,36,0.42,10.14,0.12,2,0,0,0.0,0.0,0,0,0,0,0,0,0,0,0,0.0,0.0,56.0,21.0,77.0,0.9,0.09,5.0,3.0,8.0,6.86,1324,21,1303,4,272,276,1.45
2020-03-14,Région,RSS99,Ensemble du Québec,54,2,56,0.66,0.22,19,0,19,55,0.64,16.14,0.19,2,0,0,0.0,0.0,0,0,0,0,0,0,0,0,0,0.14,0.0,61.0,22.0,83.0,0.97,0.07,5.0,1.0,6.0,7.43,1968,35,1933,14,657,671,2.09
2020-03-15,Région,RSS99,Ensemble du Québec,67,2,69,0.81,0.15,13,0,13,67,0.78,20.57,0.24,3,1,0,0.0,0.0,0,0,0,0,0,0,0,0,0,0.43,0.01,67.0,24.0,91.0,1.07,0.09,6.0,2.0,8.0,8.14,2716,42,2674,7,767,774,0.9
2020-03-16,Région,RSS99,Ensemble du Québec,84,2,86,1.01,0.2,17,0,17,83,0.97,30.29,0.35,4,1,0,0.0,0.0,0,0,0,0,0,0,0,0,0,0.43,0.01,70.0,26.0,96.0,1.12,0.06,3.0,2.0,5.0,10.0,3780,68,3712,26,1076,1102,2.36
2020-03-17,Région,RSS99,Ensemble du Québec,128,2,130,1.52,0.52,44,0,44,127,1.49,48.29,0.57,4,0,1,0.01,0.01,0,1,0,0,1,0,1,0,0,0.57,0.01,78.0,29.0,107.0,1.25,0.13,8.0,3.0,11.0,12.14,5229,104,5125,36,1458,1494,2.41
2020-03-18,Région,RSS99,Ensemble du Québec,168,3,171,2.0,0.48,40,1,41,167,1.96,72.14,0.84,4,0,3,0.04,0.02,1,1,1,0,2,1,0,1,0,0.71,0.01,86.0,36.0,122.0,1.43,0.18,8.0,7.0,15.0,14.57,6638,125,6513,21,1449,1470,1.43
2020-03-19,Région,RSS99,Ensemble du Québec,241,4,245,2.87,0.87,73,1,74,239,2.8,104.29,1.22,4,0,3,0.04,0.0,1,1,1,0,0,0,0,0,0,0.71,0.01,98.0,41.0,139.0,1.63,0.2,12.0,5.0,17.0,17.86,9625,191,9434,66,3040,3106,2.12
2020-03-20,Région,RSS99,Ensemble du Québec,363,12,375,4.39,1.52,122,8,130,367,4.3,151.29,1.77,4,0,4,0.05,0.01,1,2,1,0,1,0,1,0,0,1.14,0.01,112.0,50.0,162.0,1.9,0.27,14.0,9.0,23.0,22.0,13089,294,12795,103,3488,3591,2.87
2020-03-21,Région,RSS99,Ensemble du Québec,547,14,561,6.57,2.18,184,2,186,549,6.43,183.29,2.15,6,2,5,0.06,0.01,1,3,1,0,1,0,1,0,0,1.43,0.02,123.0,62.0,185.0,2.17,0.27,11.0,12.0,23.0,26.57,17101,455,16646,161,3989,4150,3.88
2020-03-22,Région,RSS99,Ensemble du Québec,784,15,799,9.36,2.79,237,1,238,781,9.15,230.14,2.7,9,3,5,0.06,0.0,1,3,1,0,0,0,0,0,0,2.14,0.03,145.0,71.0,216.0,2.53,0.36,22.0,9.0,31.0,31.14,20849,680,20169,225,3658,3883,5.79
2020-03-23,Région,RSS99,Ensemble du Québec,1122,23,1145,13.41,4.05,338,8,346,1113,13.03,271.86,3.18,18,9,8,0.09,0.04,2,3,3,0,3,1,0,2,0,3.43,0.04,167.0,83.0,250.0,2.93,0.4,22.0,12.0,34.0,38.14,25430,971,24459,291,4510,4801,6.06
2020-03-24,Région,RSS99,Ensemble du Québec,1380,33,1413,16.55,3.14,258,10,268,1359,15.92,317.86,3.72,33,15,11,0.13,0.04,3,4,4,0,3,1,1,1,0,3.71,0.04,196.0,97.0,293.0,3.43,0.5,29.0,14.0,43.0,40.86,29084,1243,27841,272,3545,3817,7.13
2020-03-25,Région,RSS99,Ensemble du Québec,1742,40,1782,20.87,4.32,362,7,369,1691,19.8,350.71,4.11,61,28,18,0.21,0.08,7,6,4,1,7,4,2,0,1,5.43,0.06,227.0,113.0,340.0,3.98,0.55,31.0,16.0,47.0,44.43,34097,1533,32564,290,5007,5297,5.47
2020-03-26,Région,RSS99,Ensemble du Québec,2103,45,2148,25.15,4.29,361,5,366,2023,23.69,398.0,4.66,87,26,27,0.32,0.11,9,8,9,1,9,2,2,5,0,7.0,0.08,274.0,132.0,406.0,4.75,0.77,47.0,19.0,66.0,50.14,39783,1912,37871,379,5614,5993,6.32
2020-03-27,Région,RSS99,Ensemble du Québec,2552,48,2600,30.45,5.29,449,3,452,2431,28.47,431.29,5.05,123,36,30,0.35,0.04,11,9,9,1,3,2,1,0,0,8.43,0.1,304.0,144.0,448.0,5.25,0.49,30.0,12.0,42.0,56.29,45848,2380,43468,468,5926,6394,7.32
2020-03-28,Région,RSS99,Ensemble du Québec,2960,56,3016,35.32,4.87,408,8,416,2780,32.56,497.57,5.83,174,51,43,0.5,0.15,20,11,11,1,13,9,2,2,0,10.14,0.12,336.0,160.0,496.0,5.81,0.56,32.0,16.0,48.0,61.71,51454,2826,48628,446,5518,5964,7.48
2020-03-29,Région,RSS99,Ensemble du Québec,3514,71,3585,41.98,6.66,554,15,569,3282,38.44,545.14,6.38,217,43,54,0.63,0.13,26,12,15,1,11,6,1,4,0,11.57,0.14,387.0,180.0,567.0,6.64,0.83,51.0,20.0,71.0,67.86,58358,3392,54966,566,6747,7313,7.74
2020-03-30,Région,RSS99,Ensemble du Québec,4049,115,4164,48.76,6.78,535,44,579,3777,44.23,618.0,7.24,286,69,67,0.78,0.15,35,13,18,1,13,9,1,3,0,13.43,0.16,450.0,194.0,644.0,7.54,0.9,63.0,14.0,77.0,69.0,65953,4050,61903,658,7403,8061,8.16
2020-03-31,Région,RSS99,Ensemble du Québec,4731,165,4896,57.34,8.57,682,50,732,4379,51.28,664.14,7.78,391,105,82,0.96,0.18,46,13,20,3,15,11,0,2,2,18.43,0.22,508.0,217.0,725.0,8.49,0.95,58.0,23.0,81.0,76.43,72708,4830,67878,780,6479,7259,10.75
2020-04-01,Région,RSS99,Ensemble du Québec,5377,221,5598,65.56,8.22,646,56,702,4944,57.9,719.86,8.43,507,116,99,1.16,0.2,60,15,21,3,17,14,2,1,0,22.86,0.27,577.0,238.0,815.0,9.54,1.05,69.0,21.0,90.0,82.0,78554,5478,73076,648,5714,6362,10.19
2020-04-02,Région,RSS99,Ensemble du Québec,6179,295,6474,75.82,10.26,802,74,876,5656,66.24,729.43,8.54,644,137,121,1.42,0.26,75,18,24,4,22,15,3,3,1,28.14,0.33,636.0,253.0,889.0,10.41,0.87,59.0,15.0,74.0,83.0,84774,6226,78548,748,6100,6848,10.92
2020-04-03,Région,RSS99,Ensemble du Québec,6872,377,7249,84.89,9.08,693,82,775,6203,72.64,772.29,9.04,833,189,159,1.86,0.45,100,25,29,5,38,25,7,5,1,33.57,0.39,707.0,276.0,983.0,11.51,1.1,71.0,23.0,94.0,86.14,91462,6940,84522,714,6578,7292,9.79
2020-04-04,Région,RSS99,Ensemble du Québec,7567,488,8055,94.33,9.44,695,111,806,6677,78.19,780.71,9.14,1112,279,203,2.38,0.52,128,35,33,7,44,28,10,4,2,39.14,0.46,780.0,290.0,1070.0,12.53,1.02,73.0,14.0,87.0,91.57,95949,7626,88323,686,4443,5129,13.37
2020-04-05,Région,RSS99,Ensemble du Québec,8118,573,8691,101.78,7.45,551,85,636,6951,81.4,778.71,9.12,1415,303,251,2.94,0.56,162,43,37,9,48,34,8,4,2,45.57,0.53,839.0,309.0,1148.0,13.44,0.91,59.0,19.0,78.0,94.86,99183,8150,91033,524,3242,3766,13.91
2020-04-06,Région,RSS99,Ensemble du Québec,8909,661,9570,112.07,10.29,791,88,879,7419,86.88,760.57,8.91,1754,339,302,3.54,0.6,202,48,41,11,51,40,5,4,2,52.0,0.61,918.0,329.0,1247.0,14.6,1.16,79.0,20.0,99.0,101.14,103239,8787,94452,637,3990,4627,13.77
2020-04-07,Région,RSS99,Ensemble du Québec,9623,738,10361,121.34,9.26,714,77,791,7783,91.15,741.14,8.68,2125,371,356,4.17,0.63,244,56,44,12,54,42,8,3,1,56.29,0.66,1018.0,348.0,1366.0,16.0,1.39,100.0,19.0,119.0,103.43,107897,9624,98273,837,4491,5328,15.71
2020-04-08,Région,RSS99,Ensemble du Québec,10224,825,11049,129.39,8.06,601,87,688,7880,92.28,720.71,8.44,2659,534,418,4.9,0.73,293,61,52,12,62,49,5,8,0,59.71,0.7,1106.0,373.0,1479.0,17.32,1.32,88.0,25.0,113.0,105.14,111909,10203,101706,579,4110,4689,12.35
2020-04-09,Région,RSS99,Ensemble du Québec,10870,928,11798,138.16,8.77,646,103,749,8120,95.09,743.29,8.7,3108,449,485,5.68,0.78,340,67,61,17,67,47,6,9,5,65.43,0.77,1198.0,399.0,1597.0,18.7,1.38,92.0,26.0,118.0,108.14,116393,11030,105363,827,4460,5287,15.64
2020-04-10,Région,RSS99,Ensemble du Québec,11423,1014,12437,145.65,7.48,553,86,639,8124,95.14,755.57,8.85,3668,560,553,6.48,0.8,390,77,67,19,68,50,10,6,2,71.71,0.84,1286.0,421.0,1707.0,19.99,1.29,88.0,22.0,110.0,107.57,120440,11615,108825,585,4355,4940,11.84
2020-04-11,Région,RSS99,Ensemble du Québec,12010,1090,13100,153.41,7.76,587,76,663,8192,95.94,779.71,9.13,4200,532,621,7.27,0.8,442,87,68,24,68,52,10,1,5,77.0,0.9,1368.0,438.0,1806.0,21.15,1.16,82.0,17.0,99.0,109.0,124475,12283,112192,668,4402,5070,13.18
2020-04-12,Région,RSS99,Ensemble du Québec,12721,1173,13894,162.71,9.3,711,83,794,8419,98.59,838.71,9.82,4695,495,709,8.3,1.03,510,98,74,27,88,68,11,6,3,82.43,0.97,1455.0,450.0,1905.0,22.31,1.16,87.0,12.0,99.0,112.29,129085,13109,115976,826,5174,6000,13.77
2020-04-13,Région,RSS99,Ensemble du Québec,13588,1271,14859,174.01,11.3,867,98,965,8641,101.19,869.71,10.19,5353,658,804,9.42,1.11,573,114,86,31,95,63,16,12,4,86.43,1.01,1532.0,468.0,2000.0,23.42,1.11,77.0,18.0,95.0,112.29,134267,13961,120306,852,5886,6738,12.64
2020-04-14,Région,RSS99,Ensemble du Québec,14419,1400,15819,185.25,11.24,831,129,960,8749,102.46,925.0,10.83,6115,762,895,10.48,1.07,635,129,96,35,91,62,15,10,4,89.29,1.05,1648.0,481.0,2129.0,24.93,1.51,116.0,13.0,129.0,114.43,139234,15027,124207,1066,5413,6479,16.45
2020-04-15,Région,RSS99,Ensemble du Québec,15288,1632,16920,198.15,12.89,869,232,1101,9031,105.76,925.0,10.83,6826,711,995,11.65,1.17,706,145,107,37,100,71,16,11,2,93.43,1.09,1765.0,500.0,2265.0,26.53,1.59,117.0,19.0,136.0,117.29,144084,15892,128192,865,5103,5968,14.49
2020-04-16,Région,RSS99,Ensemble du Québec,16137,1749,17886,209.46,11.31,849,117,966,9196,107.69,929.0,10.88,7504,678,1090,12.76,1.11,782,158,112,38,95,76,13,5,1,98.86,1.16,1863.0,520.0,2383.0,27.91,1.38,98.0,20.0,118.0,118.29,148912,16767,132145,875,5178,6053,14.46
2020-04-17,Région,RSS99,Ensemble du Québec,16995,1917,18912,221.48,12.02,858,168,1026,9461,110.8,921.14,10.79,8168,664,1178,13.8,1.03,843,169,123,43,88,61,11,11,5,100.0,1.17,1981.0,527.0,2508.0,29.37,1.46,118.0,7.0,125.0,121.14,153472,17616,135856,849,5115,5964,14.24
2020-04-18,Région,RSS99,Ensemble du Québec,17545,2030,19575,229.24,7.76,550,113,663,9449,110.66,898.86,10.53,8739,571,1275,14.93,1.14,918,183,129,45,97,75,14,6,2,103.43,1.21,2076.0,551.0,2627.0,30.76,1.39,95.0,24.0,119.0,125.71,157699,18305,139394,689,4638,5327,12.93
2020-04-19,Région,RSS99,Ensemble du Québec,18272,2125,20397,238.87,9.63,727,95,822,9647,112.97,868.14,10.17,9261,522,1401,16.41,1.48,1016,201,136,48,126,98,18,7,3,105.71,1.24,2164.0,569.0,2733.0,32.01,1.24,88.0,18.0,106.0,124.71,161358,18978,142380,673,4128,4801,14.02
2020-04-20,Région,RSS99,Ensemble du Québec,19024,2283,21307,249.52,10.66,752,158,910,9805,114.83,859.86,10.07,9859,598,1504,17.61,1.21,1103,211,139,51,103,87,10,3,3,108.86,1.27,2261.0,587.0,2848.0,33.35,1.35,97.0,18.0,115.0,123.29,165103,19691,145412,713,4094,4807,14.83
2020-04-21,Région,RSS99,Ensemble du Québec,19713,2398,22111,258.94,9.42,689,115,804,9934,116.34,836.14,9.79,10406,547,1619,18.96,1.35,1196,225,143,55,115,93,14,4,4,112.86,1.32,2402.0,607.0,3009.0,35.24,1.89,141.0,20.0,161.0,122.43,169118,20376,148742,685,4689,5374,12.75
2020-04-22,Région,RSS99,Ensemble du Québec,20459,2538,22997,269.31,10.38,746,140,886,10095,118.22,849.71,9.95,11010,604,1735,20.32,1.36,1279,240,158,58,116,83,15,15,3,116.57,1.37,2511.0,627.0,3138.0,36.75,1.51,109.0,20.0,129.0,118.0,173995,21167,152828,791,5771,6562,12.05
2020-04-23,Région,RSS99,Ensemble du Québec,21215,2690,23905,279.95,10.63,756,152,908,10335,121.03,820.14,9.6,11562,552,1852,21.69,1.37,1366,255,166,65,117,87,15,8,7,114.43,1.34,2599.0,647.0,3246.0,38.01,1.26,88.0,20.0,108.0,119.43,178734,21917,156817,750,5583,6333,11.84
2020-04-24,Région,RSS99,Ensemble du Québec,21941,2824,24765,290.02,10.07,726,134,860,10505,123.02,820.43,9.61,12140,578,1968,23.05,1.36,1453,269,178,68,116,87,14,12,3,116.29,1.36,2701.0,664.0,3365.0,39.41,1.39,102.0,17.0,119.0,119.43,183639,22712,160927,795,5647,6442,12.34
2020-04-25,Région,RSS99,Ensemble du Québec,22604,2919,25523,298.9,8.88,663,95,758,10607,124.22,837.14,9.8,12700,560,2091,24.49,1.44,1543,290,189,69,123,90,21,11,1,119.57,1.4,2770.0,683.0,3453.0,40.44,1.03,69.0,19.0,88.0,114.0,188181,23389,164792,677,5390,6067,11.16
2020-04-26,Région,RSS99,Ensemble du Québec,23130,3008,26138,306.1,7.2,526,89,615,10641,124.62,839.43,9.83,13180,480,2202,25.79,1.3,1625,306,200,71,111,82,16,11,2,124.71,1.46,2871.0,698.0,3569.0,41.8,1.36,101.0,15.0,116.0,111.86,192212,24000,168212,611,5135,5746,10.63
2020-04-27,Région,RSS99,Ensemble du Québec,23917,3133,27050,316.78,10.68,787,125,912,10801,126.49,853.0,9.99,13813,633,2318,27.15,1.36,1709,323,205,81,116,84,17,5,10,125.29,1.47,2969.0,715.0,3684.0,43.14,1.35,98.0,17.0,115.0,113.29,196090,24689,171401,689,4564,5253,13.12
2020-04-28,Région,RSS99,Ensemble du Québec,24709,3262,27971,327.56,10.79,792,129,921,10929,127.99,880.57,10.31,14467,654,2456,28.76,1.62,1809,343,217,87,138,100,20,12,6,128.43,1.5,3075.0,732.0,3807.0,44.58,1.44,106.0,17.0,123.0,114.0,200656,25497,175159,808,5655,6463,12.5
2020-04-29,Région,RSS99,Ensemble du Québec,25488,3385,28873,338.13,10.56,779,123,902,10894,127.58,900.43,10.54,15255,788,2608,30.54,1.78,1906,371,236,95,152,97,28,19,8,127.14,1.49,3174.0,747.0,3921.0,45.92,1.34,99.0,15.0,114.0,114.29,205837,26372,179465,875,6257,7132,12.27
2020-04-30,Région,RSS99,Ensemble du Québec,26379,3497,29876,349.87,11.75,891,112,1003,11066,129.59,926.57,10.85,15953,698,2729,31.96,1.42,1985,391,249,104,121,79,20,13,9,125.43,1.47,3280.0,759.0,4039.0,47.3,1.38,106.0,12.0,118.0,113.86,210868,27182,183686,810,6166,6976,11.61
2020-05-01,Région,RSS99,Ensemble du Québec,27313,3616,30929,362.21,12.33,934,119,1053,11277,132.06,920.14,10.78,16686,733,2867,33.58,1.62,2079,421,257,110,138,94,30,8,6,124.43,1.46,3386.0,777.0,4163.0,48.75,1.45,106.0,18.0,124.0,112.29,216228,28036,188192,854,6744,7598,11.24
2020-05-02,Région,RSS99,Ensemble du Québec,28121,3705,31826,372.71,10.5,808,89,897,11455,134.15,916.29,10.73,17324,638,2981,34.91,1.34,2158,440,263,120,114,79,19,6,10,119.14,1.4,3461.0,792.0,4253.0,49.81,1.05,75.0,15.0,90.0,109.86,220905,28811,192094,775,5867,6642,11.67
2020-05-03,Région,RSS99,Ensemble du Québec,28838,3786,32624,382.06,9.35,717,81,798,11595,135.79,934.57,10.94,17882,558,3080,36.07,1.16,2219,461,272,128,99,61,21,9,8,111.0,1.3,3554.0,812.0,4366.0,51.13,1.32,93.0,20.0,113.0,107.86,225194,29543,195651,732,5294,6026,12.15
2020-05-04,Région,RSS99,Ensemble du Québec,29595,3896,33491,392.21,10.15,757,110,867,11688,136.88,913.0,10.69,18556,674,3189,37.35,1.28,2295,480,284,130,109,76,19,12,2,107.0,1.25,3641.0,829.0,4470.0,52.35,1.22,87.0,17.0,104.0,105.86,228563,30117,198446,574,4375,4949,11.6
2020-05-05,Région,RSS99,Ensemble du Québec,30362,4023,34385,402.68,10.47,767,127,894,11786,138.02,873.86,10.23,19200,644,3290,38.53,1.18,2358,505,292,135,101,63,25,8,5,100.29,1.17,3730.0,846.0,4576.0,53.59,1.24,89.0,17.0,106.0,100.57,233411,30970,202441,853,6426,7279,11.72
2020-05-06,Région,RSS99,Ensemble du Québec,31264,4151,35415,414.74,12.06,902,128,1030,12011,140.66,853.86,10.0,19913,713,3385,39.64,1.11,2419,524,298,144,95,61,19,6,9,98.14,1.15,3818.0,858.0,4676.0,54.76,1.17,88.0,12.0,100.0,99.43,238889,31833,207056,863,7118,7981,10.81
2020-05-07,Région,RSS99,Ensemble du Québec,32015,4252,36267,424.72,9.98,751,101,852,12071,141.36,833.0,9.76,20622,709,3478,40.73,1.09,2472,550,306,150,93,53,26,8,6,97.14,1.14,3911.0,869.0,4780.0,55.98,1.22,93.0,11.0,104.0,95.14,244398,32623,211775,790,7050,7840,10.08
2020-05-08,Région,RSS99,Ensemble du Québec,32702,4344,37046,433.84,9.12,687,92,779,12009,140.64,813.57,9.53,21370,748,3569,41.8,1.07,2540,567,311,151,91,68,17,5,1,94.86,1.11,3977.0,890.0,4867.0,57.0,1.02,66.0,21.0,87.0,93.43,250219,33326,216893,703,7523,8226,8.55
2020-05-09,Région,RSS99,Ensemble du Québec,33381,4422,37803,442.71,8.87,679,78,757,12006,140.6,799.29,9.36,22060,690,3668,42.96,1.16,2597,592,322,157,99,57,25,11,6,92.43,1.08,4047.0,902.0,4949.0,57.96,0.96,70.0,12.0,82.0,90.43,255686,33940,221746,614,7016,7630,8.05
2020-05-10,Région,RSS99,Ensemble du Québec,33977,4478,38455,450.34,7.64,596,56,652,11961,140.07,764.14,8.95,22688,628,3760,44.03,1.08,2663,606,327,164,92,66,14,5,7,88.43,1.04,4115.0,917.0,5032.0,58.93,0.97,68.0,15.0,83.0,88.43,260645,34600,226045,660,6548,7208,9.16
2020-05-11,Région,RSS99,Ensemble du Québec,34607,4579,39186,458.9,8.56,630,101,731,11635,136.26,742.71,8.7,23683,995,3853,45.12,1.09,2722,625,337,169,93,59,19,10,5,87.29,1.02,4195.0,929.0,5124.0,60.01,1.08,80.0,12.0,92.0,83.86,265011,35160,229851,560,5744,6304,8.88
2020-05-12,Région,RSS99,Ensemble du Québec,35270,4710,39980,468.2,9.3,663,131,794,11461,134.22,743.86,8.71,24492,809,3937,46.11,0.98,2771,645,344,177,84,49,20,7,8,86.29,1.01,4267.0,942.0,5209.0,61.0,1.0,72.0,13.0,85.0,84.43,270977,35787,235190,627,7895,8522,7.36
2020-05-13,Région,RSS99,Ensemble du Québec,35954,4810,40764,477.38,9.18,684,100,784,11328,132.66,735.14,8.61,25304,812,4004,46.89,0.78,2816,658,349,181,67,45,13,5,4,83.57,0.98,4336.0,959.0,5295.0,62.01,1.01,69.0,17.0,86.0,82.57,277540,36469,241071,682,8394,9076,7.51
2020-05-14,Région,RSS99,Ensemble du Québec,36585,4881,41466,485.6,8.22,631,71,702,11014,128.98,747.29,8.75,26222,918,4089,47.89,1.0,2873,677,357,182,85,57,19,8,1,79.86,0.94,4395.0,972.0,5367.0,62.85,0.84,59.0,13.0,72.0,81.29,284645,37191,247454,722,9290,10012,7.21
2020-05-15,Région,RSS99,Ensemble du Québec,37307,4946,42253,494.82,9.22,722,65,787,11005,128.88,738.29,8.65,26941,719,4173,48.87,0.98,2933,690,362,188,84,60,13,5,6,76.43,0.9,4472.0,986.0,5458.0,63.92,1.07,77.0,14.0,91.0,77.57,292028,37882,254146,691,9681,10372,6.66
2020-05-16,Région,RSS99,Ensemble du Québec,37931,5018,42949,502.97,8.15,624,72,696,10966,128.42,715.86,8.38,27610,669,4253,49.81,0.94,2986,701,371,195,80,53,11,9,7,72.71,0.85,4527.0,1000.0,5527.0,64.73,0.81,55.0,14.0,69.0,74.57,299708,38613,261095,731,9895,10626,6.88
2020-05-17,Région,RSS99,Ensemble du Québec,38574,5112,43686,511.6,8.63,643,94,737,11004,128.87,718.43,8.41,28261,651,4319,50.58,0.77,3026,709,382,202,66,40,8,11,7,73.29,0.86,4588.0,1013.0,5601.0,65.59,0.87,61.0,13.0,74.0,72.57,305705,39245,266460,632,7928,8560,7.38
2020-05-18,Région,RSS99,Ensemble du Québec,39163,5191,44354,519.42,7.82,589,79,668,10839,126.93,721.14,8.45,29006,745,4388,51.39,0.81,3074,720,388,206,69,48,11,6,4,69.86,0.82,4637.0,1030.0,5667.0,66.37,0.77,49.0,17.0,66.0,73.29,310435,39781,270654,536,6284,6820,7.86
2020-05-19,Région,RSS99,Ensemble du Québec,39742,5249,44991,526.88,7.46,579,58,637,10633,124.52,695.0,8.14,29760,754,4446,52.07,0.68,3112,729,398,207,58,38,9,10,1,67.86,0.79,4688.0,1043.0,5731.0,67.12,0.75,51.0,13.0,64.0,69.43,316286,40412,275874,631,8311,8942,7.06
2020-05-20,Région,RSS99,Ensemble du Québec,40470,5323,45793,536.28,9.39,728,74,802,10633,124.52,668.0,7.82,30471,711,4517,52.9,0.83,3159,739,404,215,71,47,10,6,8,65.43,0.77,4751.0,1052.0,5803.0,67.96,0.84,63.0,9.0,72.0,68.29,323304,41067,282237,655,9504,10159,6.45
2020-05-21,Région,RSS99,Ensemble du Québec,41125,5389,46514,544.72,8.44,655,66,721,10459,122.48,640.71,7.5,31289,818,4578,53.61,0.71,3196,753,408,221,61,37,14,4,6,65.14,0.76,4816.0,1064.0,5880.0,68.86,0.9,65.0,12.0,77.0,65.29,331154,41726,289428,659,11035,11694,5.64
2020-05-22,Région,RSS99,Ensemble du Québec,41684,5434,47118,551.79,7.07,559,45,604,10262,120.18,618.57,7.24,31997,708,4648,54.43,0.82,3243,765,417,223,70,47,12,9,2,63.57,0.74,4873.0,1071.0,5944.0,69.61,0.75,57.0,7.0,64.0,63.29,339824,42233,297591,507,11614,12121,4.18
2020-05-23,Région,RSS99,Ensemble du Québec,42147,5478,47625,557.73,5.94,463,44,507,10037,117.54,591.71,6.93,32666,669,4711,55.17,0.74,3291,774,421,225,63,48,9,4,2,64.43,0.75,4920.0,1085.0,6005.0,70.32,0.71,47.0,14.0,61.0,62.57,348739,42736,306003,503,11622,12125,4.15
2020-05-24,Région,RSS99,Ensemble du Québec,42634,5537,48171,564.12,6.39,487,59,546,9973,116.79,551.86,6.46,33182,516,4775,55.92,0.75,3333,785,428,229,64,42,11,7,4,62.86,0.74,4964.0,1094.0,6058.0,70.94,0.62,44.0,9.0,53.0,59.86,356605,43283,313322,547,10265,10812,5.06
2020-05-25,Région,RSS99,Ensemble du Québec,43099,5585,48684,570.13,6.01,465,48,513,9636,112.85,508.14,5.95,33940,758,4833,56.6,0.68,3373,796,433,231,58,40,11,5,2,65.43,0.77,5003.0,1107.0,6110.0,71.55,0.61,39.0,13.0,52.0,56.0,361434,43642,317792,359,6846,7205,4.98
2020-05-26,Région,RSS99,Ensemble du Québec,43494,5639,49133,575.39,5.26,395,54,449,9334,109.31,482.71,5.65,34586,646,4897,57.35,0.75,3419,805,440,233,64,46,9,7,2,63.86,0.75,5056.0,1113.0,6169.0,72.24,0.69,53.0,6.0,59.0,53.57,368095,44033,324062,391,9626,10017,3.9
2020-05-27,Région,RSS99,Ensemble du Québec,43954,5702,49656,581.52,6.12,460,63,523,9099,106.56,467.0,5.47,35271,685,4957,58.05,0.7,3456,817,447,237,60,37,12,7,4,60.57,0.71,5100.0,1122.0,6222.0,72.87,0.62,44.0,9.0,53.0,50.43,376661,44441,332220,408,11880,12288,3.32
2020-05-28,Région,RSS99,Ensemble du Québec,44326,5745,50071,586.38,4.86,372,43,415,8762,102.61,430.57,5.04,35942,671,5036,58.98,0.93,3512,829,455,240,79,56,12,8,3,56.57,0.66,5138.0,1134.0,6272.0,73.45,0.59,38.0,12.0,50.0,48.43,384936,44824,340112,383,11547,11930,3.21
2020-05-29,Région,RSS99,Ensemble du Québec,44723,5774,50497,591.36,4.99,397,29,426,8435,98.78,404.29,4.73,36605,663,5095,59.67,0.69,3560,834,460,241,59,48,5,5,1,53.43,0.63,5180.0,1139.0,6319.0,74.0,0.55,42.0,5.0,47.0,48.0,392680,45214,347466,390,11611,12001,3.25
2020-05-30,Région,RSS99,Ensemble du Québec,45101,5793,50894,596.01,4.65,378,19,397,8085,94.68,372.86,4.37,37138,533,5135,60.14,0.47,3584,841,467,243,40,24,7,7,2,49.14,0.58,5211.0,1147.0,6358.0,74.46,0.46,31.0,8.0,39.0,43.86,400242,45575,354667,361,11185,11546,3.13
2020-05-31,Région,RSS99,Ensemble du Québec,45359,5826,51185,599.42,3.41,258,33,291,7723,90.44,337.43,3.95,37754,616,5171,60.56,0.42,3608,848,471,244,36,24,7,4,1,45.43,0.53,5244.0,1153.0,6397.0,74.91,0.46,33.0,6.0,39.0,41.71,405979,45817,360162,242,7962,8204,2.95
2020-06-01,Région,RSS99,Ensemble du Québec,45651,5863,51514,603.27,3.85,292,37,329,7424,86.94,314.86,3.69,38329,575,5207,60.98,0.42,3637,852,473,245,36,29,4,2,1,36.43,0.43,5285.0,1161.0,6446.0,75.49,0.57,41.0,8.0,49.0,38.43,410884,46069,364815,252,6791,7043,3.58
2020-06-02,Région,RSS99,Ensemble du Québec,45868,5875,51743,605.96,2.68,217,12,229,7017,82.18,289.57,3.39,38891,562,5241,61.38,0.4,3662,856,477,246,34,25,4,4,1,32.14,0.38,5306.0,1170.0,6476.0,75.84,0.35,21.0,9.0,30.0,37.14,417296,46298,370998,229,9384,9613,2.38
2020-06-03,Région,RSS99,Ensemble du Québec,46116,5902,52018,609.18,3.22,248,27,275,6700,78.46,268.29,3.14,39439,548,5275,61.77,0.4,3679,861,485,250,34,17,5,8,4,30.0,0.35,5337.0,1177.0,6514.0,76.28,0.45,31.0,7.0,38.0,35.86,424268,46535,377733,237,10043,10280,2.31
2020-06-04,Région,RSS99,Ensemble du Québec,46349,5926,52275,612.19,3.01,233,24,257,6451,75.55,253.71,2.97,39909,470,5291,61.96,0.19,3689,864,487,251,16,10,3,2,1,28.0,0.33,5362.0,1179.0,6541.0,76.6,0.32,25.0,2.0,27.0,34.57,430325,46766,383559,231,8980,9211,2.51
2020-06-05,Région,RSS99,Ensemble du Québec,46571,5953,52524,615.1,2.92,222,27,249,6091,71.33,223.57,2.62,40471,562,5320,62.3,0.34,3708,869,491,252,29,19,5,4,1,25.29,0.3,5393.0,1186.0,6579.0,77.05,0.45,31.0,7.0,38.0,31.0,437693,47002,390691,236,10253,10489,2.25
2020-06-06,Région,RSS99,Ensemble du Québec,46793,5979,52772,618.01,2.9,222,26,248,5891,68.99,214.29,2.51,40892,421,5345,62.59,0.29,3725,871,496,253,25,17,2,5,1,23.14,0.27,5419.0,1190.0,6609.0,77.4,0.35,26.0,4.0,30.0,30.43,443184,47217,395967,215,7847,8062,2.67
2020-06-07,Région,RSS99,Ensemble du Québec,46966,5995,52961,620.22,2.21,173,16,189,5631,65.94,199.57,2.34,41313,421,5367,62.85,0.26,3741,875,497,254,22,16,4,1,1,21.0,0.25,5445.0,1194.0,6639.0,77.75,0.35,26.0,4.0,30.0,28.14,446984,47372,399612,155,5501,5656,2.74
2020-06-08,Région,RSS99,Ensemble du Québec,47076,6003,53079,621.6,1.38,110,8,118,5301,62.08,184.86,2.16,41725,412,5384,63.05,0.2,3753,879,498,254,17,12,4,1,0,21.86,0.26,5463.0,1200.0,6663.0,78.03,0.28,18.0,6.0,24.0,28.0,450530,47489,403041,117,5455,5572,2.1
2020-06-09,Région,RSS99,Ensemble du Québec,47230,6013,53243,623.52,1.92,154,10,164,5009,58.66,174.43,2.04,42150,425,5403,63.27,0.22,3764,881,502,256,19,11,2,4,2,20.29,0.24,5483.0,1206.0,6689.0,78.33,0.3,20.0,6.0,26.0,26.71,455936,47661,408275,172,8562,8734,1.97
2020-06-10,Région,RSS99,Ensemble du Québec,47384,6031,53415,625.54,2.01,154,18,172,4668,54.67,156.71,1.84,42625,475,5422,63.5,0.22,3777,884,503,258,19,13,3,1,2,19.14,0.22,5502.0,1209.0,6711.0,78.59,0.26,19.0,3.0,22.0,24.71,461259,47818,413441,157,7898,8055,1.95
2020-06-11,Région,RSS99,Ensemble du Québec,47526,6043,53569,627.34,1.8,142,12,154,4365,51.12,143.14,1.68,43037,412,5444,63.75,0.26,3792,886,507,259,22,15,2,4,1,17.57,0.21,5525.0,1212.0,6737.0,78.9,0.3,23.0,3.0,26.0,22.29,466366,47961,418405,143,7717,7860,1.82
2020-06-12,Région,RSS99,Ensemble du Québec,47685,6060,53745,629.4,2.06,159,17,176,4132,48.39,142.0,1.66,43409,372,5462,63.96,0.21,3802,890,510,260,18,10,4,3,1,17.71,0.21,5551.0,1215.0,6766.0,79.24,0.34,26.0,3.0,29.0,21.0,472537,48109,424428,148,8701,8849,1.67
2020-06-13,Région,RSS99,Ensemble du Québec,47792,6077,53869,630.85,1.45,107,17,124,3932,46.05,137.86,1.61,43706,297,5479,64.16,0.2,3812,894,512,261,17,10,4,2,1,16.14,0.19,5565.0,1217.0,6782.0,79.42,0.19,14.0,2.0,16.0,19.57,477202,48212,428990,103,6725,6828,1.51
2020-06-14,Région,RSS99,Ensemble du Québec,47881,6082,53963,631.95,1.1,89,5,94,3780,44.27,130.71,1.53,43931,225,5490,64.29,0.13,3816,899,514,261,11,4,5,2,0,14.71,0.17,5575.0,1220.0,6795.0,79.58,0.15,10.0,3.0,13.0,19.14,480353,48294,432059,82,4591,4673,1.75
2020-06-15,Région,RSS99,Ensemble du Québec,47981,6092,54073,633.24,1.29,100,10,110,3497,40.95,128.0,1.5,44294,363,5508,64.5,0.21,3825,903,519,261,18,9,4,5,0,12.43,0.15,5590.0,1220.0,6810.0,79.75,0.18,15.0,0.0,15.0,17.43,483988,48383,435605,89,5252,5341,1.67
2020-06-16,Région,RSS99,Ensemble du Québec,48104,6104,54208,634.82,1.58,123,12,135,3291,38.54,121.86,1.43,44589,295,5516,64.6,0.09,3829,903,522,262,8,4,0,3,1,11.71,0.14,5604.0,1222.0,6826.0,79.94,0.19,14.0,2.0,16.0,16.0,489571,48484,441087,101,8425,8526,1.18
2020-06-17,Région,RSS99,Ensemble du Québec,48217,6113,54330,636.25,1.43,113,9,122,3086,36.14,118.14,1.38,44869,280,5525,64.7,0.11,3833,906,524,262,9,4,3,2,0,9.86,0.12,5621.0,1224.0,6845.0,80.16,0.22,17.0,2.0,19.0,16.0,495402,48601,446801,117,8692,8809,1.33
2020-06-18,Région,RSS99,Ensemble du Québec,48339,6126,54465,637.83,1.58,122,13,135,2947,34.51,115.86,1.36,45121,252,5531,64.77,0.07,3835,907,526,263,6,2,1,2,1,9.71,0.11,5635.0,1224.0,6859.0,80.32,0.16,14.0,0.0,14.0,15.86,501365,48704,452661,103,8938,9041,1.14
2020-06-19,Région,RSS99,Ensemble du Québec,48454,6144,54598,639.39,1.56,115,18,133,2810,32.91,112.14,1.31,45371,250,5544,64.93,0.15,3845,908,527,264,13,10,1,1,1,8.29,0.1,5654.0,1224.0,6878.0,80.55,0.22,19.0,0.0,19.0,15.71,507116,48801,458315,97,8509,8606,1.13
2020-06-20,Région,RSS99,Ensemble du Québec,48545,6151,54696,640.54,1.15,91,7,98,2745,32.15,106.0,1.24,45525,154,5548,64.97,0.05,3848,908,528,264,4,3,0,1,0,9.0,0.11,5669.0,1225.0,6894.0,80.73,0.19,15.0,1.0,16.0,15.0,512309,48889,463420,88,7438,7526,1.17
2020-06-21,Région,RSS99,Ensemble du Québec,48622,6152,54774,641.45,0.91,77,1,78,2653,31.07,101.29,1.19,45687,162,5558,65.09,0.12,3853,910,531,264,10,5,2,3,0,9.86,0.12,5681.0,1225.0,6906.0,80.88,0.14,12.0,0.0,12.0,14.71,515625,48965,466660,76,4897,4973,1.53
2020-06-22,Région,RSS99,Ensemble du Québec,48701,6157,54858,642.44,0.98,79,5,84,2554,29.91,94.71,1.11,45864,177,5566,65.18,0.09,3857,912,533,264,8,4,2,2,0,10.0,0.12,5692.0,1228.0,6920.0,81.04,0.16,11.0,3.0,14.0,15.0,519048,49032,470016,67,4940,5007,1.34
2020-06-23,Région,RSS99,Ensemble du Québec,48793,6157,54950,643.51,1.08,92,0,92,2435,28.52,87.86,1.03,46054,190,5579,65.33,0.15,3864,913,537,265,13,7,1,4,1,8.57,0.1,5701.0,1230.0,6931.0,81.17,0.13,9.0,2.0,11.0,15.14,524167,49110,475057,78,7777,7855,0.99
2020-06-24,Région,RSS99,Ensemble du Québec,48877,6162,55039,644.55,1.04,84,5,89,2366,27.71,86.43,1.01,46202,148,5594,65.51,0.18,3873,914,540,267,15,9,1,3,2,8.57,0.1,5714.0,1234.0,6948.0,81.37,0.2,13.0,4.0,17.0,15.0,529712,49196,480516,86,8079,8165,1.05
2020-06-25,Région,RSS99,Ensemble du Québec,48960,6168,55128,645.6,1.04,83,6,89,2274,26.63,83.71,0.98,46370,168,5601,65.59,0.08,3878,915,541,267,7,5,1,1,0,7.71,0.09,5727.0,1237.0,6964.0,81.55,0.19,13.0,3.0,16.0,15.29,533969,49259,484710,63,6208,6271,1.0
2020-06-26,Région,RSS99,Ensemble du Québec,49032,6181,55213,646.59,1.0,72,13,85,2097,24.56,80.43,0.94,46602,232,5604,65.63,0.04,3879,915,541,269,3,1,0,0,2,8.0,0.09,5744.0,1240.0,6984.0,81.79,0.23,17.0,3.0,20.0,14.86,540168,49320,490848,61,8919,8980,0.68
2020-06-27,Région,RSS99,Ensemble du Québec,49117,6184,55301,647.62,1.03,85,3,88,2026,23.73,81.14,0.95,46745,143,5608,65.67,0.05,3882,916,541,269,4,3,1,0,0,7.29,0.09,5755.0,1244.0,6999.0,81.96,0.18,11.0,4.0,15.0,15.14,545881,49395,496486,75,7802,7877,0.95
2020-06-28,Région,RSS99,Ensemble du Québec,49173,6187,55360,648.31,0.69,56,3,59,1978,23.16,78.86,0.92,46844,99,5612,65.72,0.05,3885,916,542,269,4,3,0,1,0,6.0,0.07,5765.0,1248.0,7013.0,82.13,0.16,10.0,4.0,14.0,14.29,550051,49445,500606,50,5660,5710,0.88
2020-06-29,Région,RSS99,Ensemble du Québec,49228,6193,55421,649.03,0.71,55,6,61,1880,22.02,76.14,0.89,46987,143,5622,65.84,0.12,3889,918,546,269,10,4,2,4,0,6.14,0.07,5775.0,1249.0,7024.0,82.26,0.13,10.0,1.0,11.0,13.29,553834,49479,504355,34,5419,5453,0.62
2020-06-30,Région,RSS99,Ensemble du Québec,49316,6202,55518,650.16,1.14,88,9,97,1817,21.28,76.86,0.9,47128,141,5630,65.93,0.09,3891,919,551,269,8,2,1,5,0,6.29,0.07,5788.0,1249.0,7037.0,82.41,0.15,13.0,0.0,13.0,12.29,559635,49562,510073,83,8224,8307,1.0
2020-07-01,Région,RSS99,Ensemble du Québec,49388,6203,55591,651.02,0.85,72,1,73,1702,19.93,77.86,0.91,47297,169,5636,66.0,0.07,3894,921,552,269,6,3,2,1,0,6.29,0.07,5798.0,1250.0,7048.0,82.54,0.13,10.0,1.0,11.0,11.29,565474,49640,515834,78,8188,8266,0.94
2020-07-02,Région,RSS99,Ensemble du Québec,49450,6211,55661,651.84,0.82,62,8,70,1584,18.55,77.29,0.91,47479,182,5644,66.1,0.09,3896,923,555,270,8,2,2,3,1,6.14,0.07,5805.0,1252.0,7057.0,82.64,0.11,7.0,2.0,9.0,9.86,569896,49709,520187,69,6591,6660,1.04
2020-07-03,Région,RSS99,Ensemble du Québec,49536,6215,55751,652.89,1.05,86,4,90,1532,17.94,78.29,0.92,47612,133,5648,66.14,0.05,3896,924,556,272,4,0,1,1,2,5.71,0.07,5816.0,1254.0,7070.0,82.8,0.15,11.0,2.0,13.0,8.86,575321,49797,525524,88,7654,7742,1.14
2020-07-04,Région,RSS99,Ensemble du Québec,49630,6216,55846,654.01,1.11,94,1,95,1504,17.61,79.86,0.94,47725,113,5652,66.19,0.05,3897,926,557,272,4,1,2,1,0,5.0,0.06,5824.0,1254.0,7078.0,82.89,0.09,8.0,0.0,8.0,8.57,579783,49888,529895,91,6250,6341,1.44
2020-07-05,Région,RSS99,Ensemble du Québec,49677,6224,55901,654.65,0.64,47,8,55,1514,17.73,83.71,0.98,47762,37,5655,66.22,0.04,3898,928,557,272,3,1,2,0,0,4.71,0.06,5827.0,1255.0,7082.0,82.94,0.05,3.0,1.0,4.0,8.57,583558,49943,533615,55,5199,5254,1.05
2020-07-06,Région,RSS99,Ensemble du Québec,49745,6224,55969,655.45,0.8,68,0,68,1490,17.45,92.57,1.08,47834,72,5662,66.31,0.08,3900,930,559,273,7,2,2,2,1,4.29,0.05,5831.0,1255.0,7086.0,82.98,0.05,4.0,0.0,4.0,9.14,588157,50002,538155,59,6409,6468,0.91
2020-07-07,Région,RSS99,Ensemble du Québec,49850,6227,56077,656.71,1.26,105,3,108,1473,17.25,95.86,1.12,47949,115,5665,66.34,0.04,3901,932,559,273,3,1,2,0,0,4.14,0.05,5841.0,1256.0,7097.0,83.11,0.13,10.0,1.0,11.0,9.57,593981,50107,543874,105,8264,8369,1.25
2020-07-08,Région,RSS99,Ensemble du Québec,49947,6230,56177,657.88,1.17,97,3,100,1461,17.11,96.71,1.13,48052,103,5669,66.39,0.05,3903,932,560,274,4,2,0,1,1,4.14,0.05,5851.0,1257.0,7108.0,83.24,0.13,10.0,1.0,11.0,10.43,601169,50227,550942,120,10179,10299,1.17
2020-07-09,Région,RSS99,Ensemble du Québec,50076,6233,56309,659.43,1.55,129,3,132,1458,17.07,99.57,1.17,48174,122,5674,66.45,0.06,3904,934,562,274,5,1,2,2,0,3.86,0.05,5864.0,1257.0,7121.0,83.39,0.15,13.0,0.0,13.0,10.71,608987,50346,558641,119,11551,11670,1.02
2020-07-10,Région,RSS99,Ensemble du Québec,50186,6236,56422,660.75,1.32,110,3,113,1472,17.24,109.86,1.29,48265,91,5677,66.48,0.04,3904,935,563,275,3,0,1,1,1,3.14,0.04,5880.0,1257.0,7137.0,83.58,0.19,16.0,0.0,16.0,11.0,616372,50448,565924,102,10500,10602,0.96
2020-07-11,Région,RSS99,Ensemble du Québec,50283,6240,56523,661.93,1.18,97,4,101,1498,17.54,112.86,1.32,48338,73,5681,66.53,0.05,3905,935,566,275,4,1,0,3,0,2.86,0.03,5892.0,1259.0,7151.0,83.74,0.16,12.0,2.0,14.0,11.29,623508,50550,572958,102,10004,10106,1.01
2020-07-12,Région,RSS99,Ensemble du Québec,50356,6242,56598,662.81,0.88,73,2,75,1499,17.55,119.57,1.4,48406,68,5682,66.54,0.01,3906,935,566,275,1,1,0,0,0,3.0,0.04,5894.0,1263.0,7157.0,83.81,0.07,2.0,4.0,6.0,11.86,629104,50625,578479,75,7497,7572,0.99
2020-07-13,Région,RSS99,Ensemble du Québec,50489,6249,56738,664.45,1.64,133,7,140,1510,17.68,120.43,1.41,48520,114,5684,66.56,0.02,3907,935,567,275,2,1,0,1,0,2.86,0.03,5900.0,1263.0,7163.0,83.88,0.07,6.0,0.0,6.0,10.43,635891,50762,585129,137,8959,9096,1.51
2020-07-14,Région,RSS99,Ensemble du Québec,50614,6253,56867,665.96,1.51,125,4,129,1538,18.01,132.43,1.55,48617,97,5685,66.58,0.01,3908,935,567,275,1,1,0,0,0,2.71,0.03,5912.0,1264.0,7176.0,84.04,0.15,12.0,1.0,13.0,9.86,644313,50878,593435,116,11431,11547,1.0
2020-07-15,Région,RSS99,Ensemble du Québec,50753,6261,57014,667.68,1.72,139,8,147,1594,18.67,144.86,1.7,48703,86,5690,66.63,0.06,3911,936,568,275,5,3,1,1,0,2.43,0.03,5924.0,1267.0,7191.0,84.21,0.18,12.0,3.0,15.0,8.71,653583,51030,602553,152,13153,13305,1.14
2020-07-16,Région,RSS99,Ensemble du Québec,50887,6265,57152,669.3,1.62,134,4,138,1628,19.07,152.86,1.79,48804,101,5694,66.68,0.05,3912,937,570,275,4,1,1,2,0,2.43,0.03,5926.0,1268.0,7194.0,84.25,0.04,2.0,1.0,3.0,8.71,663637,51172,612465,142,14053,14195,1.0
2020-07-17,Région,RSS99,Ensemble du Québec,51077,6272,57349,671.61,2.31,190,7,197,1731,20.27,151.57,1.78,48895,91,5696,66.71,0.02,3913,937,571,275,2,1,0,1,0,2.14,0.03,5936.0,1270.0,7206.0,84.39,0.14,10.0,2.0,12.0,9.71,674881,51346,623535,174,15149,15323,1.14
2020-07-18,Région,RSS99,Ensemble du Québec,51258,6279,57537,673.81,2.2,181,7,188,1815,21.26,155.14,1.82,48997,102,5698,66.73,0.02,3913,938,572,275,2,0,1,1,0,2.29,0.03,5940.0,1272.0,7212.0,84.46,0.07,4.0,2.0,6.0,9.57,685131,51538,633593,192,13563,13755,1.4
2020-07-19,Région,RSS99,Ensemble du Québec,51388,6280,57668,675.34,1.53,130,1,131,1851,21.68,159.29,1.87,49089,92,5699,66.74,0.01,3913,939,572,275,1,0,1,0,0,2.0,0.02,5945.0,1273.0,7218.0,84.53,0.07,5.0,1.0,6.0,9.0,693635,51655,641980,117,11066,11183,1.05
2020-07-20,Région,RSS99,Ensemble du Québec,51513,6286,57799,676.88,1.53,125,6,131,1867,21.86,166.71,1.95,49198,109,5699,66.74,0.0,3913,939,572,275,0,0,0,0,0,1.71,0.02,5957.0,1274.0,7231.0,84.68,0.15,12.0,1.0,13.0,9.0,701185,51793,649392,138,10296,10434,1.32
2020-07-21,Région,RSS99,Ensemble du Québec,51661,6292,57953,678.68,1.8,148,6,154,1912,22.39,161.71,1.89,49302,104,5701,66.76,0.02,3913,940,573,275,2,0,1,1,0,1.57,0.02,5967.0,1276.0,7243.0,84.82,0.14,10.0,2.0,12.0,8.0,711505,51925,659580,132,13961,14093,0.94
2020-07-22,Région,RSS99,Ensemble du Québec,51834,6295,58129,680.74,2.06,173,3,176,1955,22.89,157.86,1.85,49431,129,5704,66.8,0.04,3914,940,575,275,3,1,0,2,0,1.43,0.02,5976.0,1278.0,7254.0,84.95,0.13,9.0,2.0,11.0,8.43,722495,52108,670387,183,15405,15588,1.17
2020-07-23,Région,RSS99,Ensemble du Québec,52017,6302,58319,682.97,2.23,183,7,190,1996,23.37,160.14,1.88,49575,144,5706,66.82,0.02,3915,940,576,275,2,1,0,1,0,1.29,0.02,5979.0,1278.0,7257.0,84.99,0.04,3.0,0.0,3.0,9.43,733732,52270,681462,162,16384,16546,0.98
2020-07-24,Région,RSS99,Ensemble du Québec,52173,6308,58481,684.86,1.9,156,6,162,2026,23.73,153.86,1.8,49701,126,5707,66.83,0.01,3915,940,576,276,1,0,0,0,1,1.57,0.02,5984.0,1278.0,7262.0,85.04,0.06,5.0,0.0,5.0,9.29,743814,52423,691391,153,14401,14554,1.05
2020-07-25,Région,RSS99,Ensemble du Québec,52330,6312,58642,686.75,1.89,157,4,161,2058,24.1,150.57,1.76,49827,126,5708,66.85,0.01,3915,940,577,276,1,0,0,1,0,1.43,0.02,5990.0,1281.0,7271.0,85.15,0.11,6.0,3.0,9.0,9.29,752768,52561,700207,138,12657,12795,1.08
2020-07-26,Région,RSS99,Ensemble du Québec,52468,6321,58789,688.47,1.72,138,9,147,2107,24.67,151.0,1.77,49924,97,5708,66.85,0.0,3915,940,577,276,0,0,0,0,0,1.0,0.01,5998.0,1286.0,7284.0,85.3,0.15,8.0,5.0,13.0,10.0,761211,52668,708543,107,11453,11560,0.93
2020-07-27,Région,RSS99,Ensemble du Québec,52552,6324,58876,689.49,1.02,84,3,87,2063,24.16,145.57,1.7,50050,126,5710,66.87,0.02,3915,940,579,276,2,0,0,2,0,1.29,0.02,6010.0,1286.0,7296.0,85.44,0.14,12.0,0.0,12.0,10.86,770287,52780,717507,112,12467,12579,0.89
2020-07-28,Région,RSS99,Ensemble du Québec,52677,6330,59007,691.02,1.53,125,6,131,2039,23.88,141.86,1.66,50203,153,5711,66.88,0.01,3915,940,579,277,1,0,0,0,1,1.29,0.02,6017.0,1291.0,7308.0,85.58,0.14,7.0,5.0,12.0,10.86,780402,52912,727490,132,14046,14178,0.93
2020-07-29,Région,RSS99,Ensemble du Québec,52841,6345,59186,693.12,2.1,164,15,179,2046,23.96,138.14,1.62,50369,166,5711,66.88,0.0,3915,940,579,277,0,0,0,0,0,1.43,0.02,6030.0,1294.0,7324.0,85.77,0.19,13.0,3.0,16.0,10.14,792185,53083,739102,171,17331,17502,0.98
2020-07-30,Région,RSS99,Ensemble du Québec,52986,6352,59338,694.9,1.78,145,7,152,2043,23.93,130.29,1.53,50516,147,5715,66.93,0.05,3917,941,580,277,4,2,1,1,0,1.71,0.02,6035.0,1298.0,7333.0,85.88,0.11,5.0,4.0,9.0,8.71,803032,53233,749799,150,16255,16405,0.91
2020-07-31,Région,RSS99,Ensemble du Québec,53115,6359,59474,696.49,1.59,129,7,136,2055,24.07,138.71,1.62,50631,115,5716,66.94,0.01,3917,942,580,277,1,0,1,0,0,1.43,0.02,6039.0,1299.0,7338.0,85.93,0.06,4.0,1.0,5.0,8.71,813581,53345,760236,112,15991,16103,0.7
2020-08-01,Région,RSS99,Ensemble du Québec,53245,6364,59609,698.07,1.58,130,5,135,2071,24.25,141.43,1.66,50743,112,5718,66.96,0.02,3919,942,580,277,2,2,0,0,0,1.29,0.02,6043.0,1299.0,7342.0,85.98,0.05,4.0,0.0,4.0,7.71,823830,53475,770355,130,14872,15002,0.87
2020-08-02,Région,RSS99,Ensemble du Québec,53333,6368,59701,699.15,1.08,88,4,92,2015,23.6,133.57,1.56,50888,145,5720,66.99,0.02,3921,942,580,277,2,2,0,0,0,1.71,0.02,6045.0,1300.0,7345.0,86.02,0.04,2.0,1.0,3.0,6.29,830881,53563,777318,88,9913,10001,0.88
2020-08-03,Région,RSS99,Ensemble du Québec,53472,6375,59847,700.86,1.71,139,7,146,2017,23.62,125.14,1.47,51027,139,5720,66.99,0.0,3921,942,580,277,0,0,0,0,0,1.57,0.02,6056.0,1301.0,7357.0,86.16,0.14,11.0,1.0,12.0,6.43,838982,53692,785290,129,11559,11688,1.1
2020-08-04,Région,RSS99,Ensemble du Québec,53618,6379,59997,702.62,1.76,146,4,150,2025,23.71,124.0,1.45,51166,139,5720,66.99,0.0,3921,942,580,277,0,0,0,0,0,1.57,0.02,6060.0,1302.0,7362.0,86.22,0.06,4.0,1.0,5.0,8.0,850331,53841,796490,149,15965,16114,0.92
2020-08-05,Région,RSS99,Ensemble du Québec,53733,6388,60121,704.07,1.45,115,9,124,1994,23.35,121.14,1.42,51320,154,5723,67.02,0.04,3922,943,581,277,3,1,1,1,0,1.57,0.02,6066.0,1302.0,7368.0,86.29,0.07,6.0,0.0,6.0,8.0,861286,53961,807325,120,16297,16417,0.73
2020-08-06,Région,RSS99,Ensemble du Québec,53819,6395,60214,705.16,1.09,86,7,93,1924,22.53,122.14,1.43,51483,163,5726,67.06,0.04,3925,943,581,277,3,3,0,0,0,1.57,0.02,6075.0,1303.0,7378.0,86.4,0.12,9.0,1.0,10.0,8.29,872473,54064,818409,103,16913,17016,0.61
2020-08-07,Région,RSS99,Ensemble du Québec,53940,6402,60342,706.66,1.5,121,7,128,1925,22.54,115.71,1.36,51608,125,5727,67.07,0.01,3925,943,582,277,1,0,0,1,0,1.86,0.02,6088.0,1306.0,7394.0,86.59,0.19,13.0,3.0,16.0,7.86,882431,54179,828252,115,15793,15908,0.72
2020-08-08,Région,RSS99,Ensemble du Québec,54047,6410,60457,708.0,1.35,107,8,115,1919,22.47,108.71,1.27,51719,111,5729,67.09,0.02,3926,943,583,277,2,1,0,1,0,2.29,0.03,6090.0,1308.0,7398.0,86.64,0.05,2.0,2.0,4.0,9.0,892750,54303,838447,124,14881,15005,0.83
2020-08-09,Région,RSS99,Ensemble du Québec,54140,6416,60556,709.16,1.16,93,6,99,1912,22.39,104.14,1.22,51825,106,5731,67.12,0.02,3928,943,583,277,2,2,0,0,0,2.29,0.03,6095.0,1308.0,7403.0,86.7,0.06,5.0,0.0,5.0,9.14,899556,54382,845174,79,9698,9777,0.81
2020-08-10,Région,RSS99,Ensemble du Québec,54234,6423,60657,710.35,1.18,94,7,101,1864,21.83,104.86,1.23,51974,149,5733,67.14,0.02,3929,944,583,277,2,1,1,0,0,2.0,0.02,6103.0,1309.0,7412.0,86.8,0.11,8.0,1.0,9.0,9.71,906567,54461,852106,79,10600,10679,0.74
2020-08-11,Région,RSS99,Ensemble du Québec,54331,6427,60758,711.53,1.18,97,4,101,1807,21.16,97.71,1.14,52128,154,5736,67.17,0.04,3929,944,586,277,3,0,0,3,0,2.14,0.03,6112.0,1313.0,7425.0,86.95,0.15,9.0,4.0,13.0,8.86,916684,54568,862116,107,15263,15370,0.7
2020-08-12,Région,RSS99,Ensemble du Québec,54420,6430,60850,712.61,1.08,89,3,92,1725,20.2,90.57,1.06,52300,172,5739,67.21,0.04,3930,944,588,277,3,1,0,2,0,2.29,0.03,6116.0,1316.0,7432.0,87.04,0.08,4.0,3.0,7.0,9.0,926901,54663,872238,95,16560,16655,0.57
2020-08-13,Région,RSS99,Ensemble du Québec,54512,6436,60948,713.75,1.15,92,6,98,1707,19.99,82.86,0.97,52414,114,5740,67.22,0.01,3930,945,588,277,1,0,1,0,0,2.57,0.03,6129.0,1317.0,7446.0,87.2,0.16,13.0,1.0,14.0,9.57,936948,54741,882207,78,16755,16833,0.46
2020-08-14,Région,RSS99,Ensemble du Québec,54584,6442,61026,714.67,0.91,72,6,78,1640,19.21,75.43,0.88,52554,140,5742,67.24,0.02,3931,945,589,277,2,1,0,1,0,2.57,0.03,6138.0,1318.0,7456.0,87.32,0.12,9.0,1.0,10.0,8.71,946613,54804,891809,63,14941,15004,0.42
2020-08-15,Région,RSS99,Ensemble du Québec,54643,6448,61091,715.43,0.76,59,6,65,1603,18.77,72.71,0.85,52656,102,5745,67.28,0.04,3932,945,591,277,3,1,0,2,0,2.29,0.03,6143.0,1318.0,7461.0,87.37,0.06,5.0,0.0,5.0,8.29,954804,54861,899943,57,12286,12343,0.46
2020-08-16,Région,RSS99,Ensemble du Québec,54686,6450,61136,715.96,0.53,43,2,45,1533,17.95,70.14,0.82,52769,113,5749,67.33,0.05,3933,946,593,277,4,1,1,2,0,2.29,0.03,6148.0,1322.0,7470.0,87.48,0.11,5.0,4.0,9.0,8.14,961259,54908,906351,47,9477,9524,0.49
2020-08-17,Région,RSS99,Ensemble du Québec,54732,6453,61185,716.53,0.57,46,3,49,1401,16.41,71.57,0.84,52944,175,5751,67.35,0.02,3934,947,593,277,2,1,1,0,0,2.43,0.03,6151.0,1322.0,7473.0,87.52,0.04,3.0,0.0,3.0,6.86,969047,54959,914088,51,11375,11426,0.45
2020-08-18,Région,RSS99,Ensemble du Québec,54811,6456,61267,717.49,0.96,79,3,82,1332,15.6,75.86,0.89,53093,149,5752,67.36,0.01,3935,947,593,277,1,1,0,0,0,2.71,0.03,6161.0,1322.0,7483.0,87.63,0.12,10.0,0.0,10.0,6.57,978863,55042,923821,83,15014,15097,0.55
2020-08-19,Région,RSS99,Ensemble du Québec,54883,6458,61341,718.36,0.87,72,2,74,1286,15.06,76.86,0.9,53213,120,5755,67.4,0.04,3935,948,595,277,3,0,1,2,0,2.29,0.03,6167.0,1322.0,7489.0,87.7,0.07,6.0,0.0,6.0,6.57,988982,55132,933850,90,16328,16418,0.55
2020-08-20,Région,RSS99,Ensemble du Québec,54988,6461,61449,719.62,1.26,105,3,108,1281,15.0,81.29,0.95,53322,109,5757,67.42,0.02,3936,948,595,278,2,1,0,0,1,2.14,0.03,6171.0,1323.0,7494.0,87.76,0.06,4.0,1.0,5.0,6.71,999037,55236,943801,104,16357,16461,0.63
2020-08-21,Région,RSS99,Ensemble du Québec,55093,6464,61557,720.89,1.26,105,3,108,1273,14.91,80.71,0.95,53432,110,5761,67.47,0.05,3936,949,596,280,4,0,1,1,2,2.14,0.03,6179.0,1323.0,7502.0,87.85,0.09,8.0,0.0,8.0,7.0,1007378,55332,952046,96,13716,13812,0.7
2020-08-22,Région,RSS99,Ensemble du Québec,55164,6465,61629,721.73,0.84,71,1,72,1265,14.81,82.71,0.97,53512,80,5761,67.47,0.0,3936,949,596,280,0,0,0,0,0,2.0,0.02,6184.0,1323.0,7507.0,87.91,0.06,5.0,0.0,5.0,6.71,1015055,55418,959637,86,12112,12198,0.71
2020-08-23,Région,RSS99,Ensemble du Québec,55238,6467,61705,722.62,0.89,74,2,76,1255,14.7,90.29,1.06,53596,84,5764,67.5,0.04,3937,949,597,281,3,1,0,1,1,1.71,0.02,6192.0,1325.0,7517.0,88.03,0.12,8.0,2.0,10.0,7.29,1020720,55463,965257,45,8511,8556,0.53
2020-08-24,Région,RSS99,Ensemble du Québec,55280,6470,61750,723.15,0.53,42,3,45,1219,14.28,92.29,1.08,53673,77,5766,67.52,0.02,3938,950,597,281,2,1,1,0,0,1.43,0.02,6196.0,1326.0,7522.0,88.09,0.06,4.0,1.0,5.0,8.0,1026812,55516,971296,53,9511,9564,0.55
2020-08-25,Région,RSS99,Ensemble du Québec,55373,6473,61846,724.27,1.12,93,3,96,1214,14.22,92.57,1.08,53771,98,5766,67.52,0.0,3938,950,597,281,0,0,0,0,0,1.71,0.02,6204.0,1326.0,7530.0,88.18,0.09,8.0,0.0,8.0,7.57,1036086,55632,980454,116,14908,15024,0.77
2020-08-26,Région,RSS99,Ensemble du Québec,55497,6476,61973,725.76,1.49,124,3,127,1249,14.63,102.57,1.2,53861,90,5767,67.54,0.01,3939,950,597,281,1,1,0,0,0,2.0,0.02,6212.0,1328.0,7540.0,88.3,0.12,8.0,2.0,10.0,8.71,1044889,55753,989136,121,14804,14925,0.81
2020-08-27,Région,RSS99,Ensemble du Québec,55613,6482,62095,727.19,1.43,116,6,122,1284,15.04,108.71,1.27,53948,87,5767,67.54,0.0,3939,950,597,281,0,0,0,0,0,1.71,0.02,6218.0,1332.0,7550.0,88.42,0.12,6.0,4.0,10.0,8.29,1053333,55852,997481,99,15037,15136,0.65
2020-08-28,Région,RSS99,Ensemble du Québec,55721,6484,62205,728.47,1.29,108,2,110,1313,15.38,121.0,1.42,54024,76,5773,67.61,0.07,3941,950,600,282,6,2,0,3,1,1.57,0.02,6223.0,1332.0,7555.0,88.48,0.06,5.0,0.0,5.0,8.57,1061746,55977,1005769,125,14387,14512,0.86
2020-08-29,Région,RSS99,Ensemble du Québec,55856,6491,62347,730.14,1.66,135,7,142,1392,16.3,129.14,1.51,54084,60,5775,67.63,0.02,3941,951,601,282,2,0,1,1,0,1.57,0.02,6233.0,1335.0,7568.0,88.63,0.15,10.0,3.0,13.0,8.43,1069077,56097,1012980,120,11770,11890,1.01
2020-08-30,Région,RSS99,Ensemble du Québec,55972,6494,62466,731.53,1.39,116,3,119,1459,17.09,137.71,1.61,54134,50,5776,67.64,0.01,3942,951,601,282,1,1,0,0,0,1.57,0.02,6239.0,1336.0,7575.0,88.71,0.08,6.0,1.0,7.0,9.14,1075126,56212,1018914,115,9131,9246,1.24
2020-08-31,Région,RSS99,Ensemble du Québec,56099,6498,62597,733.07,1.53,127,4,131,1496,17.52,152.57,1.79,54226,92,5777,67.65,0.01,3942,952,601,282,1,0,1,0,0,1.86,0.02,6244.0,1338.0,7582.0,88.79,0.08,5.0,2.0,7.0,9.29,1081893,56345,1025548,133,10523,10656,1.25
2020-09-01,Région,RSS99,Ensemble du Québec,56243,6507,62750,734.86,1.79,144,9,153,1563,18.3,163.57,1.92,54310,84,5777,67.65,0.0,3942,952,601,282,0,0,0,0,0,1.0,0.01,6251.0,1338.0,7589.0,88.87,0.08,7.0,0.0,7.0,10.57,1091512,56527,1034985,182,15190,15372,1.18
2020-09-02,Région,RSS99,Ensemble du Québec,56425,6512,62937,737.05,2.19,182,5,187,1636,19.16,171.71,2.01,54418,108,5778,67.67,0.01,3943,952,601,282,1,1,0,0,0,0.86,0.01,6265.0,1339.0,7604.0,89.05,0.18,14.0,1.0,15.0,10.43,1100785,56692,1044093,165,15553,15718,1.05
2020-09-03,Région,RSS99,Ensemble du Québec,56642,6521,63163,739.69,2.65,217,9,226,1768,20.7,182.71,2.14,54509,91,5780,67.69,0.02,3944,953,601,282,2,1,1,0,0,0.71,0.01,6276.0,1339.0,7615.0,89.18,0.13,11.0,0.0,11.0,11.0,1112034,56909,1055125,217,18322,18539,1.17
2020-09-04,Région,RSS99,Ensemble du Québec,56824,6526,63350,741.88,2.19,182,5,187,1854,21.71,191.14,2.24,54609,100,5780,67.69,0.0,3944,953,601,282,0,0,0,0,0,0.86,0.01,6285.0,1344.0,7629.0,89.34,0.16,9.0,5.0,14.0,11.86,1122391,57106,1065285,197,16702,16899,1.17
2020-09-05,Région,RSS99,Ensemble du Québec,57018,6531,63549,744.21,2.33,194,5,199,1961,22.97,196.86,2.31,54700,91,5781,67.7,0.01,3944,953,602,282,1,0,0,1,0,0.86,0.01,6294.0,1347.0,7641.0,89.48,0.14,9.0,3.0,12.0,13.29,1131962,57322,1074640,216,14273,14489,1.49
2020-09-06,Région,RSS99,Ensemble du Québec,57209,6536,63745,746.51,2.3,191,5,196,2036,23.84,205.86,2.41,54820,120,5781,67.7,0.0,3944,953,602,282,0,0,0,0,0,1.29,0.02,6305.0,1347.0,7652.0,89.61,0.13,11.0,0.0,11.0,13.43,1140700,57513,1083187,191,12305,12496,1.53
2020-09-07,Région,RSS99,Ensemble du Québec,57389,6546,63935,748.73,2.23,180,10,190,2054,24.05,210.71,2.47,54990,170,5783,67.72,0.02,3944,954,603,282,2,0,1,1,0,1.14,0.01,6317.0,1348.0,7665.0,89.76,0.15,12.0,1.0,13.0,15.29,1149513,57664,1091849,151,12765,12916,1.17
2020-09-08,Région,RSS99,Ensemble du Québec,57576,6552,64128,750.99,2.26,187,6,193,2021,23.67,228.43,2.68,55208,218,5783,67.72,0.0,3944,954,603,282,0,0,0,0,0,1.14,0.01,6334.0,1348.0,7682.0,89.96,0.2,17.0,0.0,17.0,16.14,1160606,57868,1102738,204,16116,16320,1.25
2020-09-09,Région,RSS99,Ensemble du Québec,57816,6562,64378,753.92,2.93,240,10,250,2032,23.8,242.71,2.84,55443,235,5787,67.77,0.05,3944,956,604,283,4,0,2,1,1,1.29,0.02,6347.0,1351.0,7698.0,90.15,0.19,13.0,3.0,16.0,16.57,1174788,58114,1116674,246,21355,21601,1.14
2020-09-10,Région,RSS99,Ensemble du Québec,58067,6571,64638,756.97,3.04,251,9,260,2067,24.21,260.86,3.05,55665,222,5788,67.78,0.01,3945,956,604,283,1,1,0,0,0,1.71,0.02,6367.0,1355.0,7722.0,90.43,0.28,20.0,4.0,24.0,17.43,1189369,58357,1131012,243,22336,22579,1.08
2020-09-11,Région,RSS99,Ensemble du Québec,58368,6581,64949,760.61,3.64,301,10,311,2142,25.08,274.0,3.21,55896,231,5788,67.78,0.0,3945,956,604,283,0,0,0,0,0,2.0,0.02,6382.0,1360.0,7742.0,90.67,0.23,15.0,5.0,20.0,18.86,1204411,58701,1145710,344,22959,23303,1.48
2020-09-12,Région,RSS99,Ensemble du Québec,58657,6591,65248,764.11,3.5,289,10,299,2235,26.17,292.86,3.43,56095,199,5790,67.81,0.02,3945,957,604,284,2,0,1,0,1,2.43,0.03,6395.0,1362.0,7757.0,90.84,0.18,13.0,2.0,15.0,18.29,1218301,59032,1159269,331,20839,21170,1.56
2020-09-13,Région,RSS99,Ensemble du Québec,58968,6603,65571,767.89,3.78,311,12,323,2406,28.18,300.43,3.52,56245,150,5793,67.84,0.04,3946,958,604,285,3,1,1,0,1,2.29,0.03,6406.0,1368.0,7774.0,91.04,0.2,11.0,6.0,17.0,18.71,1231552,59317,1172235,285,18513,18798,1.52
2020-09-14,Région,RSS99,Ensemble du Québec,59242,6611,65853,771.2,3.3,274,8,282,2452,28.72,314.29,3.68,56476,231,5797,67.89,0.05,3946,961,604,286,4,0,3,0,1,2.57,0.03,6424.0,1373.0,7797.0,91.31,0.27,18.0,5.0,23.0,16.86,1244553,59565,1184988,248,18535,18783,1.32
2020-09-15,Région,RSS99,Ensemble du Québec,59553,6625,66178,775.0,3.81,311,14,325,2593,30.37,339.86,3.98,56658,182,5800,67.92,0.04,3947,963,604,286,3,1,2,0,0,3.43,0.04,6432.0,1378.0,7810.0,91.46,0.15,8.0,5.0,13.0,18.71,1260354,59882,1200472,317,23105,23422,1.35
2020-09-16,Région,RSS99,Ensemble du Québec,59846,6635,66481,778.55,3.55,293,10,303,2711,31.75,368.86,4.32,56838,180,5803,67.96,0.04,3948,963,606,286,3,1,0,2,0,4.0,0.05,6448.0,1381.0,7829.0,91.68,0.22,16.0,3.0,19.0,19.71,1277401,60192,1217209,310,25463,25773,1.2
2020-09-17,Région,RSS99,Ensemble du Québec,60197,6641,66838,782.73,4.18,351,6,357,2849,33.36,396.43,4.64,57053,215,5806,67.99,0.04,3949,964,606,287,3,1,1,0,1,3.86,0.05,6456.0,1384.0,7840.0,91.81,0.13,8.0,3.0,11.0,20.86,1293900,60543,1233357,351,24774,25125,1.4
2020-09-18,Région,RSS99,Ensemble du Québec,60669,6659,67328,788.47,5.74,472,18,490,3065,35.89,424.71,4.97,57323,270,5812,68.06,0.07,3951,967,606,288,6,2,3,0,1,3.57,0.04,6482.0,1391.0,7873.0,92.2,0.39,26.0,7.0,33.0,21.43,1312353,61020,1251333,477,28880,29357,1.62
2020-09-19,Région,RSS99,Ensemble du Québec,61153,6677,67830,794.35,5.88,484,18,502,3243,37.98,453.29,5.31,57640,317,5818,68.13,0.07,3952,970,607,289,6,1,3,1,1,3.57,0.04,6499.0,1396.0,7895.0,92.46,0.26,17.0,5.0,22.0,23.57,1326685,61459,1265226,439,22023,22462,1.95
2020-09-20,Région,RSS99,Ensemble du Québec,61659,6687,68346,800.39,6.04,506,10,516,3439,40.27,508.57,5.96,57957,317,5820,68.16,0.02,3952,972,607,289,2,0,2,0,0,3.71,0.04,6517.0,1403.0,7920.0,92.75,0.29,18.0,7.0,25.0,24.71,1341718,61940,1279778,481,21824,22305,2.16
2020-09-21,Région,RSS99,Ensemble du Québec,62126,6700,68826,806.01,5.62,467,13,480,3622,42.42,563.0,6.59,58251,294,5822,68.18,0.02,3952,972,608,290,2,0,0,1,1,4.14,0.05,6543.0,1404.0,7947.0,93.07,0.32,26.0,1.0,27.0,29.14,1356318,62423,1293895,483,21070,21553,2.24
2020-09-22,Région,RSS99,Ensemble du Québec,62628,6723,69351,812.16,6.15,502,23,525,3902,45.7,598.86,7.01,58486,235,5825,68.22,0.04,3952,972,609,292,3,0,0,1,2,3.57,0.04,6565.0,1410.0,7975.0,93.39,0.33,22.0,6.0,28.0,31.29,1372257,62934,1309323,511,23937,24448,2.09
2020-09-23,Région,RSS99,Ensemble du Québec,63288,6753,70041,820.24,8.08,660,30,690,4344,50.87,657.71,7.7,58728,242,5829,68.26,0.05,3955,972,610,292,4,3,0,1,0,3.57,0.04,6585.0,1417.0,8002.0,93.71,0.32,20.0,7.0,27.0,32.57,1389227,63571,1325656,637,26033,26670,2.39
2020-09-24,Région,RSS99,Ensemble du Québec,63996,6783,70779,828.88,8.64,708,30,738,4729,55.38,706.57,8.27,59074,346,5835,68.33,0.07,3958,974,610,293,6,3,2,0,1,3.86,0.05,6618.0,1426.0,8044.0,94.2,0.49,33.0,9.0,42.0,33.0,1407506,64290,1343216,719,28797,29516,2.44
2020-09-25,Région,RSS99,Ensemble du Québec,64708,6812,71520,837.56,8.68,712,29,741,5074,59.42,767.71,8.99,59458,384,5837,68.36,0.02,3958,975,611,293,2,0,1,1,0,4.71,0.06,6660.0,1432.0,8092.0,94.76,0.56,42.0,6.0,48.0,34.71,1424281,65045,1359236,755,27008,27763,2.72
2020-09-26,Région,RSS99,Ensemble du Québec,65604,6830,72434,848.27,10.7,896,18,914,5550,65.0,829.71,9.72,59887,429,5843,68.43,0.07,3959,977,613,294,6,1,2,2,1,5.43,0.06,6687.0,1436.0,8123.0,95.13,0.36,27.0,4.0,31.0,38.14,1440422,65900,1374522,855,25252,26107,3.27
2020-09-27,Région,RSS99,Ensemble du Québec,66433,6859,73292,858.31,10.05,829,29,858,5935,69.5,877.14,10.27,60356,469,5847,68.47,0.05,3963,977,613,294,4,4,0,0,0,6.71,0.08,6711.0,1440.0,8151.0,95.46,0.33,24.0,4.0,28.0,43.43,1454662,66801,1387861,901,21467,22368,4.03
2020-09-28,Région,RSS99,Ensemble du Québec,67314,6886,74200,868.95,10.63,881,27,908,6327,74.09,909.57,10.65,60859,503,5855,68.57,0.09,3966,982,613,294,8,3,5,0,0,7.29,0.09,6742.0,1448.0,8190.0,95.91,0.46,31.0,8.0,39.0,43.43,1469984,67644,1402340,843,23067,23910,3.53
2020-09-29,Région,RSS99,Ensemble du Québec,68251,6908,75159,880.18,11.23,937,22,959,6829,79.97,971.29,11.37,61300,441,5863,68.66,0.09,3971,983,615,294,8,5,1,2,0,8.0,0.09,6783.0,1459.0,8242.0,96.52,0.61,41.0,11.0,52.0,45.29,1486800,68596,1418204,952,27142,28094,3.39
2020-09-30,Région,RSS99,Ensemble du Québec,69246,6935,76181,892.15,11.97,995,27,1022,7311,85.62,1007.29,11.8,61827,527,5876,68.81,0.15,3974,989,619,294,13,3,6,4,0,8.43,0.1,6835.0,1471.0,8306.0,97.27,0.75,52.0,12.0,64.0,48.86,1503088,69584,1433504,988,27575,28563,3.46
2020-10-01,Région,RSS99,Ensemble du Québec,70196,6950,77146,903.45,11.3,950,15,965,7605,89.06,1034.86,12.12,62479,652,5886,68.93,0.12,3978,991,623,294,10,4,2,4,0,9.29,0.11,6868.0,1480.0,8348.0,97.76,0.49,33.0,9.0,42.0,51.86,1518771,70655,1448116,1071,27414,28485,3.76
2020-10-02,Région,RSS99,Ensemble du Québec,71345,6974,78319,917.18,13.74,1149,24,1173,7990,93.57,1026.57,12.02,63249,770,5893,69.01,0.08,3981,994,624,294,7,3,3,1,0,9.29,0.11,6917.0,1492.0,8409.0,98.48,0.71,49.0,12.0,61.0,54.0,1536071,71924,1464147,1269,28819,30088,4.22
2020-10-03,Région,RSS99,Ensemble du Québec,72492,6993,79485,930.84,13.65,1147,19,1166,8334,97.6,1033.14,12.1,64056,807,5902,69.12,0.11,3985,996,626,295,9,4,2,2,1,9.71,0.11,6963.0,1502.0,8465.0,99.13,0.66,46.0,10.0,56.0,54.14,1551431,72921,1478510,997,25570,26567,3.75
2020-10-04,Région,RSS99,Ensemble du Québec,73533,7003,80536,943.15,12.31,1041,10,1051,8453,98.99,1027.14,12.03,64975,919,5912,69.23,0.12,3991,997,629,295,10,6,1,3,0,10.0,0.12,7005.0,1509.0,8514.0,99.71,0.57,42.0,7.0,49.0,53.0,1564816,73836,1490980,915,21255,22170,4.13
2020-10-05,Région,RSS99,Ensemble du Québec,74364,7022,81386,953.1,9.95,831,19,850,8420,98.61,1045.71,12.25,65837,862,5920,69.33,0.09,3991,1000,633,296,8,0,3,4,1,10.14,0.12,7051.0,1517.0,8568.0,100.34,0.63,46.0,8.0,54.0,54.71,1577035,74580,1502455,744,20190,20934,3.55
2020-10-06,Région,RSS99,Ensemble du Québec,75341,7050,82391,964.87,11.77,977,28,1005,8714,102.05,1040.86,12.19,66527,690,5931,69.46,0.13,3996,1004,635,296,11,5,4,2,0,10.0,0.12,7091.0,1530.0,8621.0,100.96,0.62,40.0,13.0,53.0,54.14,1592945,75639,1517306,1059,27090,28149,3.76
2020-10-07,Région,RSS99,Ensemble du Québec,76296,7075,83371,976.35,11.48,955,25,980,8891,104.12,1005.43,11.77,67313,786,5946,69.63,0.18,4000,1005,645,296,15,4,1,10,0,11.14,0.13,7132.0,1545.0,8677.0,101.62,0.66,41.0,15.0,56.0,55.57,1606709,76573,1530136,934,25657,26591,3.51
2020-10-08,Région,RSS99,Ensemble du Québec,77372,7094,84466,989.17,12.82,1076,19,1095,8937,104.66,1011.0,11.84,68340,1027,5957,69.76,0.13,4005,1006,648,298,11,5,1,3,2,11.43,0.13,7181.0,1550.0,8731.0,102.25,0.63,49.0,5.0,54.0,55.29,1622406,77638,1544768,1065,29239,30304,3.51
2020-10-09,Région,RSS99,Ensemble du Québec,78493,7112,85605,1002.51,13.34,1121,18,1139,8908,104.32,1004.86,11.77,69479,1139,5963,69.83,0.07,4008,1007,650,298,6,3,1,2,0,11.71,0.14,7230.0,1558.0,8788.0,102.92,0.67,49.0,8.0,57.0,54.57,1636517,78690,1557827,1052,25441,26493,3.97
2020-10-10,Région,RSS99,Ensemble du Québec,79386,7137,86523,1013.26,10.75,893,25,918,8775,102.76,997.86,11.69,70517,1038,5980,70.03,0.2,4013,1013,655,299,17,5,6,5,1,11.57,0.14,7280.0,1574.0,8854.0,103.69,0.77,50.0,16.0,66.0,54.86,1648029,79644,1568385,954,20873,21827,4.37
2020-10-11,Région,RSS99,Ensemble du Québec,80456,7157,87613,1026.02,12.76,1070,20,1090,8923,104.5,1015.71,11.89,71436,919,5992,70.17,0.14,4018,1016,659,299,12,5,3,4,0,12.14,0.14,7318.0,1583.0,8901.0,104.24,0.55,38.0,9.0,47.0,53.86,1658910,80575,1578335,931,17780,18711,4.98
2020-10-12,Région,RSS99,Ensemble du Québec,81241,7179,88420,1035.48,9.45,785,22,807,8773,102.74,1023.86,11.99,72380,944,6002,70.29,0.12,4020,1017,664,301,10,2,1,5,2,12.0,0.14,7357.0,1593.0,8950.0,104.81,0.57,39.0,10.0,49.0,53.86,1668126,81248,1586878,673,16120,16793,4.01
2020-10-13,Région,RSS99,Ensemble du Québec,82174,7202,89376,1046.67,11.2,933,23,956,8837,103.49,1023.86,11.99,73258,878,6012,70.41,0.12,4028,1019,664,301,10,8,2,0,0,14.0,0.16,7403.0,1602.0,9005.0,105.46,0.64,46.0,9.0,55.0,54.29,1679837,82293,1597544,1045,21279,22324,4.68
2020-10-14,Région,RSS99,Ensemble du Québec,83263,7218,90481,1059.61,12.94,1089,16,1105,8944,104.74,1044.29,12.23,74235,977,6031,70.63,0.22,4038,1022,669,302,19,10,3,5,1,12.57,0.15,7443.0,1611.0,9054.0,106.03,0.57,40.0,9.0,49.0,51.29,1693298,83469,1609829,1176,26603,27779,4.23
2020-10-15,Région,RSS99,Ensemble du Québec,84405,7228,91633,1073.1,13.49,1142,10,1152,9089,106.44,1028.14,12.04,75223,988,6041,70.75,0.12,4044,1024,670,303,10,6,2,1,1,12.29,0.14,7487.0,1621.0,9108.0,106.66,0.63,44.0,10.0,54.0,51.71,1706118,84618,1621500,1149,25478,26627,4.32
2020-10-16,Région,RSS99,Ensemble du Québec,85524,7248,92772,1086.44,13.34,1119,20,1139,9144,107.08,1034.71,12.12,76276,1053,6061,70.98,0.23,4054,1027,674,306,20,10,3,4,3,13.86,0.16,7535.0,1633.0,9168.0,107.37,0.7,48.0,12.0,60.0,53.86,1717736,85875,1631861,1257,22648,23905,5.26
2020-10-17,Région,RSS99,Ensemble du Québec,86563,7270,93833,1098.87,12.43,1039,22,1061,9244,108.26,1046.57,12.26,77225,949,6068,71.06,0.08,4055,1029,678,306,7,1,2,4,0,14.14,0.17,7572.0,1641.0,9213.0,107.89,0.53,37.0,8.0,45.0,55.14,1727604,86825,1640779,950,19155,20105,4.73
2020-10-18,Région,RSS99,Ensemble du Québec,87516,7294,94810,1110.31,11.44,953,24,977,9268,108.54,1030.43,12.07,78168,943,6078,71.18,0.12,4059,1032,681,306,10,4,3,3,0,14.57,0.17,7616.0,1647.0,9263.0,108.48,0.59,44.0,6.0,50.0,55.43,1736710,87615,1649095,790,16042,16832,4.69
2020-10-19,Région,RSS99,Ensemble du Québec,88352,7311,95663,1120.3,9.99,836,17,853,9129,106.91,1000.14,11.71,79139,971,6099,71.42,0.25,4067,1035,689,308,21,8,3,8,2,15.71,0.18,7666.0,1661.0,9327.0,109.23,0.75,50.0,14.0,64.0,57.0,1745934,88498,1657436,883,17494,18377,4.8
2020-10-20,Région,RSS99,Ensemble du Québec,89372,7330,96702,1132.46,12.17,1020,19,1039,9458,110.76,986.71,11.56,79830,691,6111,71.57,0.14,4071,1039,693,308,12,4,4,4,0,15.0,0.18,7724.0,1667.0,9391.0,109.98,0.75,58.0,6.0,64.0,55.86,1758452,89558,1668894,1060,24001,25061,4.23
2020-10-21,Région,RSS99,Ensemble du Québec,90353,7341,97694,1144.08,11.62,981,11,992,9742,114.09,954.43,11.18,80520,690,6133,71.82,0.26,4076,1043,706,308,22,5,4,13,0,16.71,0.2,7769.0,1673.0,9442.0,110.57,0.6,45.0,6.0,51.0,55.43,1769797,90527,1679270,969,23910,24879,3.89
2020-10-22,Région,RSS99,Ensemble du Québec,91267,7367,98634,1155.09,11.01,914,26,940,9840,115.23,933.57,10.93,81338,818,6151,72.03,0.21,4081,1047,714,309,18,5,4,8,1,17.57,0.21,7826.0,1681.0,9507.0,111.34,0.76,57.0,8.0,65.0,55.14,1781070,91440,1689630,913,24618,25531,3.58
2020-10-23,Région,RSS99,Ensemble du Québec,92302,7377,99679,1167.33,12.24,1035,10,1045,9852,115.38,954.71,11.18,82344,1006,6166,72.21,0.18,4090,1049,718,309,15,9,2,4,0,17.0,0.2,7871.0,1688.0,9559.0,111.94,0.61,45.0,7.0,52.0,53.43,1792027,92467,1699560,1027,23479,24506,4.19
2020-10-24,Région,RSS99,Ensemble du Québec,93116,7398,100514,1177.11,9.78,814,21,835,9679,113.35,946.0,11.08,83331,987,6185,72.43,0.22,4096,1054,726,309,19,6,5,8,0,17.86,0.21,7905.0,1696.0,9601.0,112.44,0.49,34.0,8.0,42.0,52.14,1801861,93349,1708512,882,19839,20721,4.26
2020-10-25,Région,RSS99,Ensemble du Québec,93935,7410,101345,1186.84,9.73,819,12,831,9496,111.21,946.71,11.09,84334,1003,6201,72.62,0.19,4101,1056,733,311,16,5,2,7,2,18.0,0.21,7944.0,1705.0,9649.0,113.0,0.56,39.0,9.0,48.0,51.71,1811455,94233,1717222,884,17352,18236,4.85
2020-10-26,Région,RSS99,Ensemble du Québec,94922,7424,102346,1198.56,11.72,987,14,1001,9469,110.89,965.14,11.3,85339,1005,6218,72.82,0.2,4103,1057,746,312,17,2,1,13,1,17.71,0.21,7992.0,1709.0,9701.0,113.61,0.61,48.0,4.0,52.0,50.0,1819618,94950,1724668,717,16148,16865,4.25
2020-10-27,Région,RSS99,Ensemble du Québec,95874,7450,103324,1210.01,11.45,952,26,978,9526,111.56,952.86,11.16,86232,893,6236,73.03,0.21,4110,1062,750,314,18,7,5,4,2,19.14,0.22,8039.0,1717.0,9756.0,114.25,0.64,47.0,8.0,55.0,47.71,1831186,96018,1735168,1068,24006,25074,4.26
2020-10-28,Région,RSS99,Ensemble du Québec,96856,7465,104321,1221.69,11.68,982,15,997,9653,113.05,974.29,11.41,87074,842,6259,73.3,0.27,4117,1069,758,315,23,7,7,8,1,20.57,0.24,8080.0,1724.0,9804.0,114.81,0.56,41.0,7.0,48.0,50.0,1841893,96945,1744948,927,24050,24977,3.71
2020-10-29,Région,RSS99,Ensemble du Québec,97904,7486,105390,1234.21,12.52,1048,21,1069,9682,113.38,1001.71,11.73,88091,1017,6275,73.49,0.19,4127,1071,761,316,16,10,2,3,1,21.14,0.25,8124.0,1733.0,9857.0,115.43,0.62,44.0,9.0,53.0,49.86,1852232,97955,1754277,1010,24326,25336,3.99
2020-10-30,Région,RSS99,Ensemble du Québec,98855,7494,106349,1245.44,11.23,951,8,959,9615,112.6,987.43,11.56,89091,1000,6300,73.78,0.29,4139,1073,771,317,25,12,2,10,1,20.29,0.24,8155.0,1738.0,9893.0,115.86,0.42,31.0,5.0,36.0,49.43,1862745,98928,1763817,973,23563,24536,3.97
2020-10-31,Région,RSS99,Ensemble du Québec,99826,7508,107334,1256.97,11.54,971,14,985,9639,112.88,1000.14,11.71,90019,928,6329,74.12,0.34,4155,1078,778,318,29,16,5,7,1,20.57,0.24,8208.0,1743.0,9951.0,116.53,0.68,53.0,5.0,58.0,50.0,1872028,99947,1772081,1019,19928,20947,4.86
2020-11-01,Région,RSS99,Ensemble du Québec,100836,7521,108357,1268.96,11.98,1010,13,1023,9722,113.85,1024.86,12.0,90941,922,6349,74.35,0.23,4166,1080,783,320,20,11,2,5,2,20.57,0.24,8248.0,1750.0,9998.0,117.09,0.55,40.0,7.0,47.0,50.57,1880477,100860,1779617,913,15933,16846,5.42
2020-11-02,Région,RSS99,Ensemble du Québec,101721,7537,109258,1279.51,10.55,885,16,901,9728,113.92,1054.29,12.35,91803,862,6360,74.48,0.13,4170,1082,787,321,11,4,2,4,1,21.14,0.25,8290.0,1757.0,10047.0,117.66,0.57,42.0,7.0,49.0,50.43,1888856,101691,1787165,831,16959,17790,4.67
2020-11-03,Région,RSS99,Ensemble du Québec,102774,7551,110325,1292.0,12.5,1053,14,1067,9863,115.5,1088.43,12.75,92682,879,6380,74.72,0.23,4178,1086,793,323,20,8,4,6,2,21.0,0.25,8346.0,1760.0,10106.0,118.35,0.69,56.0,3.0,59.0,53.57,1899388,102748,1796640,1057,22572,23629,4.47
2020-11-04,Région,RSS99,Ensemble du Québec,103928,7567,111495,1305.7,13.7,1154,16,1170,10171,119.11,1125.29,13.18,93512,830,6403,74.98,0.27,4188,1096,796,323,23,10,10,3,0,19.71,0.23,8388.0,1770.0,10158.0,118.96,0.61,42.0,10.0,52.0,54.29,1910218,103887,1806331,1139,25526,26665,4.27
2020-11-05,Région,RSS99,Ensemble du Québec,105190,7580,112770,1320.64,14.93,1262,13,1275,10327,120.94,1166.43,13.66,94597,1085,6423,75.22,0.23,4200,1099,801,323,20,12,3,5,0,21.0,0.25,8436.0,1774.0,10210.0,119.57,0.61,48.0,4.0,52.0,56.86,1921351,105212,1816139,1325,25687,27012,4.91
2020-11-06,Région,RSS99,Ensemble du Québec,106376,7592,113968,1334.66,14.03,1186,12,1198,10548,123.53,1210.43,14.18,95549,952,6447,75.5,0.28,4213,1103,807,324,24,13,4,6,1,23.86,0.28,8488.0,1780.0,10268.0,120.25,0.68,52.0,6.0,58.0,59.86,1931981,106465,1825516,1253,24524,25777,4.86
2020-11-07,Région,RSS99,Ensemble du Québec,107604,7607,115211,1349.22,14.56,1228,15,1243,10768,126.1,1245.29,14.58,96556,1007,6467,75.73,0.23,4225,1107,811,324,20,12,4,4,0,25.43,0.3,8541.0,1790.0,10331.0,120.99,0.74,53.0,10.0,63.0,62.57,1942248,107727,1834521,1262,20345,21607,5.84
2020-11-08,Région,RSS99,Ensemble du Québec,108904,7618,116522,1364.57,15.35,1300,11,1311,11066,129.59,1278.14,14.97,97550,994,6496,76.07,0.34,4244,1113,815,324,29,19,6,4,0,26.43,0.31,8594.0,1802.0,10396.0,121.75,0.76,53.0,12.0,65.0,64.71,1951574,108938,1842636,1211,17628,18839,6.43
2020-11-09,Région,RSS99,Ensemble du Québec,110097,7634,117731,1378.73,14.16,1193,16,1209,11179,130.92,1285.86,15.06,98606,1056,6527,76.44,0.36,4252,1122,824,329,31,8,9,9,5,28.29,0.33,8656.0,1810.0,10466.0,122.57,0.82,62.0,8.0,70.0,68.14,1961420,110237,1851183,1299,18364,19663,6.61
2020-11-10,Région,RSS99,Ensemble du Québec,111395,7647,119042,1394.09,15.35,1298,13,1311,11564,135.42,1312.43,15.37,99510,904,6558,76.8,0.36,4268,1127,833,330,31,16,5,9,1,27.43,0.32,8722.0,1822.0,10544.0,123.48,0.91,66.0,12.0,78.0,70.71,1971893,111492,1860401,1255,23972,25227,4.97
2020-11-11,Région,RSS99,Ensemble du Québec,112770,7672,120442,1410.48,16.4,1375,25,1400,12044,141.05,1313.0,15.38,100384,874,6588,77.15,0.35,4282,1136,839,331,30,14,9,6,1,28.14,0.33,8781.0,1830.0,10611.0,124.26,0.78,59.0,8.0,67.0,70.57,1983615,112744,1870871,1252,26123,27375,4.57
2020-11-12,Région,RSS99,Ensemble du Québec,114082,7689,121771,1426.04,15.56,1312,17,1329,12108,141.8,1286.29,15.06,101617,1233,6621,77.54,0.39,4305,1138,845,333,33,23,2,6,2,27.29,0.32,8845.0,1842.0,10687.0,125.15,0.89,64.0,12.0,76.0,70.29,1995517,114135,1881382,1391,26871,28262,4.92
2020-11-13,Région,RSS99,Ensemble du Québec,115453,7702,123155,1442.25,16.21,1371,13,1384,12319,144.27,1259.86,14.75,102765,1148,6639,77.75,0.21,4315,1140,849,335,18,10,2,4,2,26.29,0.31,8912.0,1851.0,10763.0,126.04,0.89,67.0,9.0,76.0,72.43,2007651,115563,1892088,1428,27451,28879,4.94
2020-11-14,Région,RSS99,Ensemble du Québec,116685,7717,124402,1456.86,14.6,1232,15,1247,12322,144.3,1233.43,14.44,103980,1215,6664,78.04,0.29,4329,1144,853,338,25,14,4,4,3,25.71,0.3,8967.0,1858.0,10825.0,126.77,0.73,55.0,7.0,62.0,73.29,2018255,116698,1901557,1135,24282,25417,4.47
2020-11-15,Région,RSS99,Ensemble du Québec,117787,7739,125526,1470.02,13.16,1102,22,1124,12215,143.05,1206.57,14.13,105182,1202,6687,78.31,0.27,4345,1148,853,341,23,16,4,0,3,26.71,0.31,9018.0,1870.0,10888.0,127.51,0.74,51.0,12.0,63.0,73.0,2028032,117810,1910222,1112,19459,20571,5.41
2020-11-16,Région,RSS99,Ensemble du Québec,118789,7761,126550,1482.01,11.99,1002,22,1024,11849,138.76,1203.57,14.09,106538,1356,6711,78.59,0.28,4358,1153,859,341,24,13,5,6,0,26.0,0.3,9092.0,1881.0,10973.0,128.5,1.0,74.0,11.0,85.0,72.71,2037562,118836,1918726,1026,19406,20432,5.02
2020-11-17,Région,RSS99,Ensemble du Québec,119899,7777,127676,1495.2,13.19,1110,16,1126,11746,137.56,1170.0,13.7,107728,1190,6738,78.91,0.32,4374,1156,863,345,27,16,3,4,4,27.14,0.32,9171.0,1886.0,11057.0,129.49,0.98,79.0,5.0,84.0,73.14,2049710,120094,1929616,1258,27121,28379,4.43
2020-11-18,Région,RSS99,Ensemble du Québec,121094,7794,128888,1509.39,14.19,1195,17,1212,11765,137.78,1152.0,13.49,108877,1149,6775,79.34,0.43,4387,1170,870,348,37,13,14,7,3,27.29,0.32,9234.0,1888.0,11122.0,130.25,0.76,63.0,2.0,65.0,74.57,2061486,121337,1940149,1243,28656,29899,4.16
2020-11-19,Région,RSS99,Ensemble du Québec,122379,7817,130196,1524.71,15.32,1285,23,1308,11503,134.71,1164.57,13.64,110407,1530,6803,79.67,0.33,4396,1178,879,350,28,9,8,9,2,28.29,0.33,9300.0,1896.0,11196.0,131.11,0.87,66.0,8.0,74.0,74.29,2072238,122501,1949737,1164,28132,29296,3.97
2020-11-20,Région,RSS99,Ensemble du Québec,123514,7831,131345,1538.16,13.46,1135,14,1149,11317,132.53,1173.29,13.74,111701,1294,6829,79.97,0.3,4408,1188,880,353,26,12,10,1,3,28.29,0.33,9369.0,1906.0,11275.0,132.04,0.93,69.0,10.0,79.0,71.0,2082407,123606,1958801,1105,27607,28712,3.85
2020-11-21,Région,RSS99,Ensemble du Québec,124624,7842,132466,1551.29,13.13,1110,11,1121,11236,131.58,1188.71,13.92,112877,1176,6855,80.28,0.3,4416,1195,889,355,26,8,7,9,2,29.86,0.35,9427.0,1920.0,11347.0,132.88,0.84,58.0,14.0,72.0,70.71,2092216,124671,1967545,1065,23689,24754,4.3
2020-11-22,Région,RSS99,Ensemble du Québec,125815,7863,133678,1565.49,14.19,1191,21,1212,11102,130.01,1215.57,14.24,114197,1320,6885,80.63,0.35,4426,1203,900,356,30,10,8,11,1,28.71,0.34,9479.0,1929.0,11408.0,133.6,0.71,52.0,9.0,61.0,74.14,2101380,125921,1975459,1250,19376,20626,6.06
2020-11-23,Région,RSS99,Ensemble du Québec,126889,7874,134763,1578.19,12.71,1074,11,1085,10886,127.48,1219.14,14.28,115463,1266,6909,80.91,0.28,4434,1212,906,357,24,8,9,6,1,28.43,0.33,9533.0,1937.0,11470.0,134.32,0.73,54.0,8.0,62.0,76.86,2109254,126878,1982376,957,17552,18509,5.17
2020-11-24,Région,RSS99,Ensemble du Québec,128112,7885,135997,1592.64,14.45,1223,11,1234,11076,129.71,1237.43,14.49,116473,1010,6947,81.36,0.45,4455,1219,914,359,38,21,7,8,2,28.29,0.33,9603.0,1949.0,11552.0,135.28,0.96,70.0,12.0,82.0,78.57,2119230,128096,1991134,1218,26321,27539,4.42
2020-11-25,Région,RSS99,Ensemble du Québec,129498,7899,137397,1609.04,16.4,1386,14,1400,11584,135.66,1281.86,15.01,117328,855,6976,81.7,0.34,4459,1230,924,363,29,4,11,10,4,28.43,0.33,9680.0,1961.0,11641.0,136.33,1.04,77.0,12.0,89.0,79.29,2130268,129486,2000782,1390,28634,30024,4.63
2020-11-26,Région,RSS99,Ensemble du Québec,130816,7914,138730,1624.65,15.61,1318,15,1333,11612,135.99,1306.43,15.3,118592,1264,7002,82.0,0.3,4472,1235,929,366,26,13,5,5,3,28.57,0.33,9765.0,1969.0,11734.0,137.42,1.09,85.0,8.0,93.0,78.86,2140817,130820,2009997,1334,28548,29882,4.46
2020-11-27,Région,RSS99,Ensemble du Québec,132082,7925,140007,1639.6,14.95,1266,11,1277,11674,136.71,1332.43,15.6,119775,1183,7027,82.29,0.29,4480,1246,934,367,25,8,11,5,1,29.57,0.35,9848.0,1977.0,11825.0,138.48,1.07,83.0,8.0,91.0,82.29,2150872,132230,2018642,1410,26629,28039,5.03
2020-11-28,Région,RSS99,Ensemble du Québec,133499,7940,141439,1656.37,16.77,1417,15,1432,12028,140.86,1374.14,16.09,120824,1049,7054,82.61,0.32,4491,1253,940,370,27,11,7,6,3,27.29,0.32,9911.0,1991.0,11902.0,139.38,0.9,63.0,14.0,77.0,84.86,2159827,133498,2026329,1268,23814,25082,5.06
2020-11-29,Région,RSS99,Ensemble du Québec,134864,7959,142823,1672.58,16.21,1365,19,1384,12290,143.93,1396.43,16.35,121915,1091,7085,82.97,0.36,4497,1269,949,370,31,6,16,9,0,27.57,0.32,9959.0,2001.0,11960.0,140.06,0.68,48.0,10.0,58.0,83.29,2169120,134743,2034377,1245,19823,21068,5.91
2020-11-30,Région,RSS99,Ensemble du Québec,136108,7982,144090,1687.42,14.84,1244,23,1267,12583,147.36,1420.71,16.64,122848,933,7116,83.33,0.36,4514,1279,953,370,31,17,10,4,0,29.29,0.34,10038.0,2008.0,12046.0,141.07,1.01,79.0,7.0,86.0,81.86,2178492,136152,2042340,1409,20025,21434,6.57
2020-12-01,Région,RSS99,Ensemble du Québec,137619,7997,145616,1705.29,17.87,1511,15,1526,13035,152.65,1491.14,17.46,123882,1034,7138,83.59,0.26,4520,1285,962,371,22,6,6,9,1,30.0,0.35,10122.0,2024.0,12146.0,142.24,1.17,84.0,16.0,100.0,79.71,2190120,137730,2052390,1578,29488,31066,5.08
2020-12-02,Région,RSS99,Ensemble du Québec,139158,8014,147172,1723.51,18.22,1539,17,1556,13571,158.93,1522.43,17.83,124861,979,7169,83.96,0.36,4536,1293,967,373,31,16,8,5,2,30.71,0.36,10189.0,2035.0,12224.0,143.15,0.91,67.0,11.0,78.0,80.57,2201540,139332,2062208,1602,29389,30991,5.17
2020-12-03,Région,RSS99,Ensemble du Québec,140641,8034,148675,1741.11,17.6,1483,20,1503,13821,161.86,1545.0,18.09,126068,1207,7207,84.4,0.45,4551,1304,978,374,38,15,11,11,1,29.86,0.35,10262.0,2045.0,12307.0,144.13,0.97,73.0,10.0,83.0,82.14,2213986,141037,2072949,1705,32926,34631,4.92
2020-12-04,Région,RSS99,Ensemble du Québec,142387,8058,150445,1761.84,20.73,1746,24,1770,14250,166.88,1596.43,18.7,127342,1274,7237,84.75,0.35,4561,1313,989,374,30,10,9,11,0,30.29,0.35,10330.0,2053.0,12383.0,145.02,0.89,68.0,8.0,76.0,80.43,2225260,142624,2082636,1587,29249,30836,5.15
2020-12-05,Région,RSS99,Ensemble du Québec,144019,8077,152096,1781.18,19.33,1632,19,1651,14705,172.21,1614.86,18.91,128492,1150,7269,85.13,0.37,4577,1321,997,374,32,16,8,8,0,32.86,0.38,10404.0,2062.0,12466.0,145.99,0.97,74.0,9.0,83.0,78.86,2237453,144277,2093176,1653,28383,30036,5.5
2020-12-06,Région,RSS99,Ensemble du Québec,145537,8101,153638,1799.24,18.06,1518,24,1542,15041,176.14,1643.71,19.25,129654,1162,7294,85.42,0.29,4591,1328,1000,375,25,14,7,3,1,32.57,0.38,10463.0,2072.0,12535.0,146.8,0.81,59.0,10.0,69.0,81.14,2248033,145730,2102303,1453,22410,23863,6.09
2020-12-07,Région,RSS99,Ensemble du Québec,147136,8129,155265,1818.29,19.05,1599,28,1627,15283,178.98,1681.0,19.69,130970,1316,7328,85.82,0.4,4608,1337,1007,376,34,17,9,7,1,30.86,0.36,10523.0,2086.0,12609.0,147.66,0.87,60.0,14.0,74.0,82.29,2258192,147185,2111007,1455,22775,24230,6.0
2020-12-08,Région,RSS99,Ensemble du Québec,148775,8145,156920,1837.67,19.38,1639,16,1655,15831,185.39,1703.14,19.95,132021,1051,7368,86.29,0.47,4624,1349,1018,377,40,16,12,11,1,32.43,0.38,10600.0,2098.0,12698.0,148.7,1.04,77.0,12.0,89.0,84.0,2269980,148929,2121051,1744,30440,32184,5.42
2020-12-09,Région,RSS99,Ensemble du Québec,150510,8168,158678,1858.26,20.59,1735,23,1758,16340,191.36,1752.43,20.52,133214,1193,7397,86.63,0.34,4637,1360,1021,379,29,13,11,3,2,33.0,0.39,10682.0,2110.0,12792.0,149.81,1.1,82.0,12.0,94.0,84.86,2282325,150722,2131603,1793,32034,33827,5.3
2020-12-10,Région,RSS99,Ensemble du Québec,152246,8196,160442,1878.92,20.66,1736,28,1764,16394,191.99,1784.0,20.89,134864,1650,7423,86.93,0.3,4648,1368,1028,379,26,11,8,7,0,33.57,0.39,10759.0,2124.0,12883.0,150.87,1.07,77.0,14.0,91.0,88.29,2295095,152536,2142559,1814,34180,35994,5.04
2020-12-11,Région,RSS99,Ensemble du Québec,154152,8215,162367,1901.46,22.54,1906,19,1925,16723,195.84,1822.71,21.35,136416,1552,7464,87.41,0.48,4664,1378,1038,384,41,16,10,10,5,34.86,0.41,10837.0,2134.0,12971.0,151.9,1.03,78.0,10.0,88.0,92.57,2308109,154528,2153581,1992,35698,37690,5.29
2020-12-12,Région,RSS99,Ensemble du Québec,156127,8236,164363,1924.83,23.37,1975,21,1996,17173,201.11,1842.14,21.57,137928,1512,7500,87.83,0.42,4673,1391,1049,387,36,9,13,11,3,34.43,0.4,10914.0,2146.0,13060.0,152.94,1.04,77.0,12.0,89.0,95.57,2320412,156386,2164026,1858,29599,31457,5.91
2020-12-13,Région,RSS99,Ensemble du Québec,157862,8264,166126,1945.48,20.65,1735,28,1763,17330,202.95,1896.14,22.21,139488,1560,7529,88.17,0.34,4687,1396,1056,390,29,14,5,7,3,34.0,0.4,10999.0,2154.0,13153.0,154.03,1.09,85.0,8.0,93.0,95.14,2331364,158076,2173288,1690,23725,25415,6.65
2020-12-14,Région,RSS99,Ensemble du Québec,159738,8286,168024,1967.71,22.23,1876,22,1898,17649,206.69,1977.0,23.15,141030,1542,7572,88.67,0.5,4703,1404,1072,393,43,16,8,16,3,37.29,0.44,11085.0,2172.0,13257.0,155.25,1.22,86.0,18.0,104.0,93.14,2342527,159952,2182575,1876,24144,26020,7.21
2020-12-15,Région,RSS99,Ensemble du Québec,161499,8316,169815,1988.68,20.97,1761,30,1791,18065,211.56,2007.0,23.5,142355,1325,7609,89.11,0.43,4713,1417,1086,393,37,10,13,14,0,35.71,0.42,11181.0,2186.0,13367.0,156.54,1.29,96.0,14.0,110.0,92.14,2354761,161813,2192948,1861,32302,34163,5.45
2020-12-16,Région,RSS99,Ensemble du Québec,163616,8335,171951,2013.7,25.01,2117,19,2136,18712,219.13,2016.86,23.62,143783,1428,7635,89.41,0.3,4725,1422,1094,394,26,12,5,8,1,34.57,0.4,11262.0,2196.0,13458.0,157.6,1.07,81.0,10.0,91.0,94.71,2367058,163930,2203128,2117,33246,35363,5.99
2020-12-17,Région,RSS99,Ensemble du Québec,165917,8364,174281,2040.98,27.29,2301,29,2330,18955,221.98,2047.14,23.97,145814,2031,7684,89.99,0.57,4745,1437,1106,396,49,20,15,12,2,34.71,0.41,11327.0,2208.0,13535.0,158.51,0.9,65.0,12.0,77.0,92.0,2379742,166057,2213685,2127,34124,36251,5.87
2020-12-18,Région,RSS99,Ensemble du Québec,168029,8387,176416,2065.99,25.0,2112,23,2135,19161,224.39,2078.71,24.34,147691,1877,7714,90.34,0.35,4760,1443,1114,397,30,15,6,8,1,33.14,0.39,11393.0,2223.0,13616.0,159.46,0.95,66.0,15.0,81.0,91.57,2391882,168003,2223879,1946,32930,34876,5.58
2020-12-19,Région,RSS99,Ensemble du Québec,170086,8395,178481,2090.17,24.18,2057,8,2065,19373,226.87,2133.14,24.98,149502,1811,7742,90.67,0.33,4769,1451,1125,397,28,9,8,11,0,34.43,0.4,11482.0,2241.0,13723.0,160.71,1.25,89.0,18.0,107.0,90.86,2403608,170062,2233546,2059,29429,31488,6.54
2020-12-20,Région,RSS99,Ensemble du Québec,172039,8417,180456,2113.3,23.13,1953,22,1975,19467,227.98,2148.29,25.16,151359,1857,7772,91.02,0.35,4778,1460,1136,398,30,9,9,11,1,35.86,0.42,11546.0,2251.0,13797.0,161.57,0.87,64.0,10.0,74.0,90.43,2415029,171989,2243040,1927,24576,26503,7.27
2020-12-21,Région,RSS99,Ensemble du Québec,174147,8428,182575,2138.11,24.82,2108,11,2119,19665,230.29,2161.43,25.31,153216,1857,7804,91.39,0.37,4789,1472,1144,399,32,11,12,8,1,33.0,0.39,11635.0,2263.0,13898.0,162.76,1.18,89.0,12.0,101.0,90.0,2426499,173913,2252586,1924,26023,27947,6.88
2020-12-22,Région,RSS99,Ensemble du Québec,176297,8450,184747,2163.55,25.44,2150,22,2172,20065,234.98,2180.14,25.53,154936,1720,7850,91.93,0.54,4806,1485,1157,402,46,17,13,13,3,34.43,0.4,11722.0,2281.0,14003.0,163.99,1.23,87.0,18.0,105.0,93.14,2438019,176025,2261994,2112,32906,35018,6.03
2020-12-23,Région,RSS99,Ensemble du Québec,178529,8460,186989,2189.8,26.26,2232,10,2242,20586,241.08,2183.14,25.57,156605,1669,7886,92.35,0.42,4824,1494,1165,403,36,18,9,8,1,35.86,0.42,11797.0,2294.0,14091.0,165.02,1.03,75.0,13.0,88.0,91.43,2450289,178297,2271992,2272,35646,37918,5.99
2020-12-24,Région,RSS99,Ensemble du Québec,180943,8468,189411,2218.17,28.36,2414,8,2422,20881,244.53,2211.71,25.9,158697,2092,7915,92.69,0.34,4836,1505,1171,403,29,12,11,6,0,37.14,0.43,11863.0,2302.0,14165.0,165.88,0.87,66.0,8.0,74.0,91.0,2461242,180598,2280644,2301,30373,32674,7.04
2020-12-25,Région,RSS99,Ensemble du Québec,183201,8476,191677,2244.71,26.54,2258,8,2266,21200,248.27,2238.57,26.22,160628,1931,7955,93.16,0.47,4848,1522,1180,405,40,12,17,9,2,37.71,0.44,11951.0,2317.0,14268.0,167.09,1.21,88.0,15.0,103.0,78.86,2470532,182926,2287606,2328,22849,25177,9.25
2020-12-26,Région,RSS99,Ensemble du Québec,185270,8493,193763,2269.13,24.43,2069,17,2086,21301,249.45,2153.14,25.22,162585,1957,7993,93.61,0.45,4866,1532,1189,406,38,18,10,9,1,32.57,0.38,12035.0,2328.0,14363.0,168.2,1.11,84.0,11.0,95.0,63.86,2478279,184904,2293375,1978,16013,17991,10.99
2020-12-27,Région,RSS99,Ensemble du Québec,187431,8507,195938,2294.61,25.47,2161,14,2175,21466,251.39,na,na,164570,1985,8032,94.06,0.46,4880,1545,1196,411,39,14,13,7,5,na,na,12095.0,2339.0,14434.0,169.03,0.83,60.0,11.0,71.0,na,2486209,187060,2299149,2156,17194,19350,11.14
2020-12-28,Région,RSS99,Ensemble du Québec,189727,8518,198245,2321.62,27.02,2296,11,2307,21715,254.3,na,na,166593,2023,8068,94.48,0.42,4893,1556,1208,411,36,13,11,12,0,na,na,12109.0,2341.0,14450.0,169.22,0.19,14.0,2.0,16.0,na,2494133,189178,2304955,2118,19411,21529,9.84
2020-12-29,Région,RSS99,Ensemble du Québec,191280,8539,199819,2340.05,18.43,1553,21,1574,21611,253.08,na,na,168253,1660,8078,94.6,0.12,4897,1557,1211,413,10,4,1,3,2,na,na,12109.0,2341.0,14450.0,169.22,0.0,0.0,0.0,0.0,na,2498341,190314,2308027,0,0,0,na
