date,Regroupement,Croisement,Nom,new_doses_1d,new_doses_2d,new_doses_3d,total_doses_1d,total_doses_2d,total_doses_3d,new_doses,total_doses,perc_1d,perc_2d,cvac_cum_tot_ade_p,per_quo_1_n,per_quo_2_n,per_cum_1_n,per_cum_2_n,vac_quo_tot_m
2020-12-14,Région,RSS99,Ensemble du Québec,295,0,0,295,0,0,295,295,0.0029481859999999998,0.0,0.0005476866999999999,253.0,0.0,253.0,0.0,
2020-12-15,Région,RSS99,Ensemble du Québec,1173,0,0,1468,0,0,1173,1468,0.0160344031,0.0,0.0017246306,1123.0,0.0,1376.0,0.0,
2020-12-16,Région,RSS99,Ensemble du Québec,950,0,0,2418,0,0,950,2418,0.027349377999999997,0.0,0.0025286813,971.0,0.0,2347.0,0.0,
2020-12-17,Région,RSS99,Ensemble du Québec,911,0,0,3329,0,0,911,3329,0.038268154,0.0,0.00320455,937.0,0.0,3284.0,0.0,699.0
2020-12-18,Région,RSS99,Ensemble du Québec,726,0,0,4055,0,0,726,4055,0.047170976600000004,0.0,0.0041950473,764.0,0.0,4048.0,0.0,729.0
2020-12-19,Région,RSS99,Ensemble du Québec,720,0,0,4775,0,0,720,4775,0.0556309887,0.0,0.0049175277,726.0,0.0,4774.0,0.0,851.0
2020-12-20,Région,RSS99,Ensemble du Québec,115,0,0,4890,0,0,115,4890,0.057122561100000004,0.0,0.0050923213,128.0,0.0,4902.0,0.0,1253.0
2020-12-21,Région,RSS99,Ensemble du Québec,511,0,0,5401,0,0,511,5401,0.06314711519999999,0.0,0.006106124399999999,517.0,0.0,5419.0,0.0,1555.0
2020-12-22,Région,RSS99,Ensemble du Québec,2025,0,0,7426,0,0,2025,7426,0.08531094859999999,0.0,0.0098000967,1902.0,0.0,7321.0,0.0,1451.0
2020-12-23,Région,RSS99,Ensemble du Québec,3762,0,0,11188,0,0,3762,11188,0.1288112588,0.0,0.0144612604,3733.0,0.0,11054.0,0.0,1796.0
2020-12-24,Région,RSS99,Ensemble du Québec,3025,0,0,14213,0,0,3025,14213,0.1632456056,0.0,0.0172579586,2955.0,0.0,14009.0,0.0,2106.0
2020-12-25,Région,RSS99,Ensemble du Québec,0,0,0,14213,0,0,0,14213,0.1633854405,0.0,0.0172579586,12.0,0.0,14021.0,0.0,2393.0
2020-12-26,Région,RSS99,Ensemble du Québec,3132,0,0,17345,0,0,3132,17345,0.1994745004,0.0,0.0206489552,3097.0,0.0,17118.0,0.0,2441.0
2020-12-27,Région,RSS99,Ensemble du Québec,2284,0,0,19629,0,0,2284,19629,0.2263111504,0.0,0.0232592068,2303.0,0.0,19421.0,0.0,2342.0
2020-12-28,Région,RSS99,Ensemble du Québec,2520,1,0,22149,1,0,2521,22150,0.2561076393,0.0,0.026673509300000002,2557.0,0.0,21978.0,0.0,1960.0
2020-12-29,Région,RSS99,Ensemble du Québec,2364,0,0,24513,1,0,2364,24514,0.28468057280000003,0.0,0.0294469017,2452.0,0.0,24430.0,0.0,1961.0
2020-12-30,Région,RSS99,Ensemble du Québec,3070,0,0,27583,1,0,3070,27584,0.3213522782,0.0,0.0332340972,3147.0,0.0,27577.0,0.0,1604.0
2020-12-31,Région,RSS99,Ensemble du Québec,346,0,0,27929,1,0,346,27930,0.3260600535,0.0,0.033385585,404.0,0.0,27981.0,0.0,1499.0
2021-01-01,Région,RSS99,Ensemble du Québec,11,0,0,27940,1,0,11,27941,0.3269223688,0.0,0.0334088908,74.0,0.0,28055.0,0.0,1538.0
2021-01-02,Région,RSS99,Ensemble du Québec,635,0,0,28575,1,0,635,28576,0.3350444465,0.0,0.0342012886,697.0,0.0,28752.0,0.0,2054.0
2021-01-03,Région,RSS99,Ensemble du Québec,1548,0,0,30123,1,0,1548,30124,0.3539571182,0.0,0.035716166800000004,1623.0,0.0,30375.0,0.0,3153.0
2021-01-04,Région,RSS99,Ensemble du Québec,2793,0,0,32916,1,0,2793,32917,0.3870164217,1.16529e-05,0.0398412967,2837.0,1.0,33212.0,1.0,5072.0
2021-01-05,Région,RSS99,Ensemble du Québec,5976,1,0,38892,2,0,5977,38894,0.4547547832,0.0001048762,0.0497462696,5813.0,8.0,39025.0,9.0,6986.0
2021-01-06,Région,RSS99,Ensemble du Québec,10758,1,0,49650,3,0,10759,49653,0.5761547917000001,0.00034958730000000005,0.0627392634,10418.0,21.0,49443.0,30.0,8151.0
2021-01-07,Région,RSS99,Ensemble du Québec,13782,1,0,63432,4,0,13783,63436,0.7269084785,0.0006525629,0.083970864,12937.0,26.0,62380.0,56.0,8943.0
2021-01-08,Région,RSS99,Ensemble du Québec,13405,2,0,76837,6,0,13407,76843,0.8769979495999999,0.0009788444000000001,0.10133369880000001,12880.0,28.0,75260.0,84.0,9600.0
2021-01-09,Région,RSS99,Ensemble du Québec,8791,1,0,85628,7,0,8792,85635,0.9770265225,0.0011070264,0.1113435478,8584.0,11.0,83844.0,95.0,9904.0
2021-01-10,Région,RSS99,Ensemble du Québec,7091,2,0,92719,9,0,7093,92728,1.0588066395,0.0011652909,0.11791578859999999,7018.0,5.0,90862.0,100.0,9678.0
2021-01-11,Région,RSS99,Ensemble du Québec,7388,1,0,100107,10,0,7389,100117,1.1430571734000001,0.0013866962,0.126469024,7230.0,19.0,98092.0,119.0,9405.0
2021-01-12,Région,RSS99,Ensemble du Québec,8100,4,0,108207,14,0,8104,108221,1.2362454886,0.0015964485999999999,0.13325101720000002,7997.0,18.0,106089.0,137.0,9099.0
2021-01-13,Région,RSS99,Ensemble du Québec,9174,7,0,117381,21,0,9181,117402,1.3427996907,0.0018178538,0.14140805369999998,9144.0,19.0,115233.0,156.0,9054.0
2021-01-14,Région,RSS99,Ensemble du Québec,11868,2,0,129249,23,0,11870,129272,1.4804205488,0.0020159532999999997,0.1510450096,11810.0,17.0,127043.0,173.0,9062.0
2021-01-15,Région,RSS99,Ensemble du Québec,11259,6,0,140508,29,0,11265,140537,1.6131471850999999,0.002691822,0.1595749392,11390.0,58.0,138433.0,231.0,9531.0
2021-01-16,Région,RSS99,Ensemble du Québec,8471,5,0,148979,34,0,8476,149013,1.7118939380000002,0.0035424844,0.1665550318,8474.0,73.0,146907.0,304.0,9853.0
2021-01-17,Région,RSS99,Ensemble du Québec,7148,1,0,156127,35,0,7149,156162,1.7920892594,0.0036706664,0.17268446210000002,6882.0,11.0,153789.0,315.0,10183.0
2021-01-18,Région,RSS99,Ensemble du Québec,10662,10,0,166789,45,0,10672,166834,1.9117180257,0.0042300061,0.1821582773,10266.0,48.0,164055.0,363.0,10460.0
2021-01-19,Région,RSS99,Ensemble du Québec,10357,2,0,177146,47,0,10359,177193,2.0319410903,0.0046145521000000005,0.1907697772,10317.0,33.0,174372.0,396.0,10557.0
2021-01-20,Région,RSS99,Ensemble du Québec,11483,5,0,188629,52,0,11488,188681,2.1679188883,0.0049175277,0.19949780620000002,11669.0,26.0,186041.0,422.0,10564.0
2021-01-21,Région,RSS99,Ensemble du Québec,13796,14,0,202425,66,0,13810,202491,2.3327026779,0.0058847192,0.20908815050000001,14141.0,83.0,200182.0,505.0,9843.0
2021-01-22,Région,RSS99,Ensemble du Québec,11937,6,0,214362,72,0,11943,214434,2.472257919,0.0066188524,0.21725683989999997,11976.0,63.0,212158.0,568.0,8961.0
2021-01-23,Région,RSS99,Ensemble du Québec,8523,4,0,222885,76,0,8527,222961,2.5719602104,0.0067703403,0.22304833579999997,8556.0,13.0,220714.0,581.0,8071.0
2021-01-24,Région,RSS99,Ensemble du Québec,2096,3,0,224981,79,0,2099,225060,2.5966294193,0.0069917455,0.2245166024,2117.0,19.0,222831.0,600.0,6971.0
2021-01-25,Région,RSS99,Ensemble du Québec,4495,5,0,229476,84,0,4500,229560,2.6493937924,0.0074811677,0.2282688391,4528.0,42.0,227359.0,642.0,5483.0
2021-01-26,Région,RSS99,Ensemble du Québec,4094,33,0,233570,117,0,4127,233687,2.6987671688,0.009240756999999999,0.2324988452,4237.0,151.0,231596.0,793.0,4111.0
2021-01-27,Région,RSS99,Ensemble du Québec,3772,18,0,237342,135,0,3790,237477,2.7439571508999996,0.011070263799999999,0.2371017443,3878.0,157.0,235474.0,950.0,2979.0
2021-01-28,Région,RSS99,Ensemble du Québec,3345,50,0,240687,185,0,3395,240872,2.7838101005,0.013412498500000002,0.2422523302,3420.0,201.0,238894.0,1151.0,2793.0
2021-01-29,Région,RSS99,Ensemble du Québec,2313,28,0,243000,213,0,2341,243213,2.8117537768000003,0.0153002698,0.2451189459,2398.0,162.0,241292.0,1313.0,2212.0
2021-01-30,Région,RSS99,Ensemble du Québec,554,50,0,243554,263,0,604,243817,2.8191184155,0.0171181237,0.24718151079999998,632.0,156.0,241924.0,1469.0,1727.0
2021-01-31,Région,RSS99,Ensemble du Québec,773,19,0,244327,282,0,792,244609,2.8288835534,0.0188311013,0.2490692821,838.0,147.0,242762.0,1616.0,1615.0
2021-02-01,Région,RSS99,Ensemble du Québec,392,40,0,244719,322,0,432,245041,2.8351761243999998,0.020544079,0.2509104418,540.0,147.0,243302.0,1763.0,1858.0
2021-02-02,Région,RSS99,Ensemble du Québec,656,82,0,245375,404,0,738,245779,2.8446965512999998,0.0238418523,0.25448788489999996,817.0,283.0,244119.0,2046.0,2251.0
2021-02-03,Région,RSS99,Ensemble du Québec,2939,63,0,248314,467,0,3002,248781,2.8804826355,0.0265569802,0.2599530994,3071.0,233.0,247190.0,2279.0,2630.0
2021-02-04,Région,RSS99,Ensemble du Québec,5031,66,0,253345,533,0,5097,253878,2.9404951181,0.029248802200000003,0.2665836047,5150.0,231.0,252340.0,2510.0,2851.0
2021-02-05,Région,RSS99,Ensemble du Québec,5033,57,0,258378,590,0,5090,258968,2.9999366082,0.0323135173,0.2730393164,5101.0,263.0,257441.0,2773.0,3290.0
2021-02-06,Région,RSS99,Ensemble du Québec,3243,18,0,261621,608,0,3261,262229,3.038868978,0.0343760823,0.27705957010000004,3341.0,177.0,260782.0,2950.0,3707.0
2021-02-07,Région,RSS99,Ensemble du Québec,2328,11,0,263949,619,0,2339,264568,3.0672671177999997,0.035459802799999995,0.2795999044,2437.0,93.0,263219.0,3043.0,4122.0
2021-02-08,Région,RSS99,Ensemble du Québec,3464,36,0,267413,655,0,3500,268068,3.1085300694,0.0391887338,0.2847621431,3541.0,320.0,266760.0,3363.0,4811.0
2021-02-09,Région,RSS99,Ensemble du Québec,3587,73,0,271000,728,0,3660,271728,3.1517390569,0.0446073366,0.2906119036,3708.0,465.0,270468.0,3828.0,5555.0
2021-02-10,Région,RSS99,Ensemble du Québec,5770,137,2,276770,865,2,5909,277637,3.2204795685,0.052904208,0.2998759664,5899.0,712.0,276367.0,4540.0,5326.0
2021-02-11,Région,RSS99,Ensemble du Québec,9766,151,0,286536,1016,2,9917,287554,3.3332214654000003,0.0625528168,0.3139526808,9675.0,828.0,286042.0,5368.0,5127.0
2021-02-12,Région,RSS99,Ensemble du Québec,10215,83,0,296751,1099,2,10298,297852,3.4513237006,0.0665963763,0.3241373235,10135.0,347.0,296177.0,5715.0,5062.0
2021-02-13,Région,RSS99,Ensemble du Québec,1647,14,0,298398,1113,2,1661,299513,3.4716230685,0.068437536,0.32773807239999997,1742.0,158.0,297919.0,5873.0,4826.0
2021-02-14,Région,RSS99,Ensemble du Québec,934,10,0,299332,1123,2,944,300457,3.4835556475,0.0692299338,0.3285071644,1024.0,68.0,298943.0,5941.0,4362.0
2021-02-15,Région,RSS99,Ensemble du Québec,2989,58,0,302321,1181,2,3047,303504,3.5196563604000004,0.0714090278,0.3319447727,3098.0,187.0,302041.0,6128.0,4653.0
2021-02-16,Région,RSS99,Ensemble du Québec,1906,101,1,304227,1282,3,2008,305512,3.5440109407,0.0742290319,0.3349512233,2090.0,242.0,304131.0,6370.0,5817.0
2021-02-17,Région,RSS99,Ensemble du Québec,2585,75,0,306812,1357,3,2660,308172,3.5765225575,0.0771306063,0.33878503039999996,2790.0,249.0,306921.0,6619.0,7709.0
2021-02-18,Région,RSS99,Ensemble du Québec,11859,91,2,318671,1448,5,11952,320124,3.7136423405000003,0.0804516854,0.34825884560000003,11767.0,285.0,318688.0,6904.0,8892.0
2021-02-19,Région,RSS99,Ensemble du Québec,18380,66,0,337051,1514,5,18446,338570,3.9238375174,0.0840058227,0.3653187047,18038.0,305.0,336726.0,7209.0,10177.0
2021-02-20,Région,RSS99,Ensemble du Québec,14880,23,0,351931,1537,5,14903,353473,4.093608752200001,0.085380866,0.3747109496,14569.0,118.0,351295.0,7327.0,11436.0
2021-02-21,Région,RSS99,Ensemble du Québec,9205,22,1,361136,1559,6,9228,362701,4.1984849354,0.0865694628,0.3816211248,9000.0,102.0,360295.0,7429.0,12477.0
2021-02-22,Région,RSS99,Ensemble du Québec,11985,57,0,373121,1616,6,12042,374743,4.3353833131,0.0894127726,0.3953132931,11748.0,244.0,372043.0,7673.0,12811.0
2021-02-23,Région,RSS99,Ensemble du Québec,10737,87,0,383858,1703,6,10824,385567,4.4586244813,0.0924891407,0.4055562003,10576.0,264.0,382619.0,7937.0,12667.0
2021-02-24,Région,RSS99,Ensemble du Québec,9859,86,0,393717,1789,6,9945,395512,4.5723102638,0.0953907151,0.4149600981,9756.0,249.0,392375.0,8186.0,12408.0
2021-02-25,Région,RSS99,Ensemble du Québec,14218,71,0,407935,1860,6,14289,409801,4.7369542185,0.0982573307,0.42785986859999997,14129.0,246.0,406504.0,8432.0,12054.0
2021-02-26,Région,RSS99,Ensemble du Québec,17372,66,0,425307,1926,6,17438,427239,4.938467978,0.10055295380000001,0.4418550126,17293.0,197.0,423797.0,8629.0,12992.0
2021-02-27,Région,RSS99,Ensemble du Québec,13053,38,0,438360,1964,6,13091,440330,5.0896295167000005,0.10221931990000001,0.45153858020000004,12972.0,143.0,436769.0,8772.0,14001.0
2021-02-28,Région,RSS99,Ensemble du Québec,6731,20,0,445091,1984,6,6751,447081,5.1686245885,0.1038157684,0.4553374286,6779.0,137.0,443548.0,8909.0,15229.0
2021-03-01,Région,RSS99,Ensemble du Québec,18577,31,0,463668,2015,6,18608,465689,5.3847627491,0.1056918868,0.4616183467,18548.0,161.0,462096.0,9070.0,15976.0
2021-03-02,Région,RSS99,Ensemble du Québec,17812,72,0,481480,2087,6,17884,483573,5.5933731303,0.10928098289999999,0.46893637369999996,17902.0,308.0,479998.0,9378.0,16398.0
2021-03-03,Région,RSS99,Ensemble du Québec,18495,49,0,499975,2136,6,18544,502117,5.8113407977,0.1128700789,0.47814217200000003,18705.0,308.0,498703.0,9686.0,16784.0
2021-03-04,Région,RSS99,Ensemble du Québec,19480,37,0,519455,2173,6,19517,521634,6.0411478209,0.11509578460000001,0.48565829850000003,19721.0,191.0,518424.0,9877.0,18052.0
2021-03-05,Région,RSS99,Ensemble du Québec,20342,50,0,539797,2223,6,20392,542026,6.280824858200001,0.1177643008,0.4937454175,20568.0,229.0,538992.0,10106.0,17823.0
2021-03-06,Région,RSS99,Ensemble du Québec,15774,18,0,555571,2241,6,15792,557818,6.4668052897,0.11938405519999999,0.4990241854,15960.0,139.0,554952.0,10245.0,17968.0
2021-03-07,Région,RSS99,Ensemble du Québec,15619,10,0,571190,2251,6,15629,573447,6.6508047266,0.1206658752,0.5029978274,15790.0,110.0,570742.0,10355.0,18154.0
2021-03-08,Région,RSS99,Ensemble du Québec,16559,444,0,587749,2695,6,17003,590450,6.8493353414,0.1274362155,0.5122269316,17037.0,581.0,587779.0,10936.0,19698.0
2021-03-09,Région,RSS99,Ensemble du Québec,18277,625,0,606026,3320,6,18902,609352,7.067221438400001,0.136607055,0.524112899,18698.0,787.0,606477.0,11723.0,21726.0
2021-03-10,Région,RSS99,Ensemble du Québec,19101,744,0,625127,4064,6,19845,629197,7.2929615962,0.1478987241,0.5391568048,19372.0,969.0,625849.0,12692.0,24371.0
2021-03-11,Région,RSS99,Ensemble du Québec,30000,325,0,655127,4389,6,30325,659522,7.6442968099,0.1543427829,0.5531169900999999,30150.0,553.0,655999.0,13245.0,26226.0
2021-03-12,Région,RSS99,Ensemble du Québec,34311,275,1,689438,4664,7,34587,694109,8.0449238296,0.1601575846,0.5664479183,34380.0,499.0,690379.0,13744.0,28180.0
2021-03-13,Région,RSS99,Ensemble du Québec,34275,31,0,723713,4695,7,34306,728415,8.4419151417,0.16182395060000002,0.5753041293,34068.0,143.0,724447.0,13887.0,29826.0
2021-03-14,Région,RSS99,Ensemble du Québec,28598,18,0,752311,4713,7,28616,757031,8.774116278300001,0.1628144479,0.5821210812,28508.0,85.0,752955.0,13972.0,30985.0
2021-03-15,Région,RSS99,Ensemble du Québec,30616,65,1,782927,4778,8,30682,787713,9.1321985264,0.1659723863,0.5912453091,30729.0,271.0,783684.0,14243.0,32472.0
2021-03-16,Région,RSS99,Ensemble du Québec,30368,50,0,813295,4828,8,30418,818131,9.4875656467,0.16944495329999998,0.5995305276,30496.0,298.0,814180.0,14541.0,33622.0
2021-03-17,Région,RSS99,Ensemble du Québec,27912,51,0,841207,4879,8,27963,846094,9.8137655351,0.1720202462,0.6093306243,27993.0,221.0,842173.0,14762.0,32867.0
2021-03-18,Région,RSS99,Ensemble du Québec,40539,194,0,881746,5073,8,40733,886827,10.286197782,0.1763900872,0.6230344455,40542.0,375.0,882715.0,15137.0,31846.0
2021-03-19,Région,RSS99,Ensemble du Québec,42588,45,0,924334,5118,8,42633,929460,10.780619068,0.17867405739999997,0.6357827282,42429.0,196.0,925144.0,15333.0,31321.0
2021-03-20,Région,RSS99,Ensemble du Québec,28997,25,0,953331,5143,8,29022,958482,11.118774840999999,0.1800374478,0.6428560442,29019.0,117.0,954163.0,15450.0,31755.0
2021-03-21,Région,RSS99,Ensemble du Québec,21458,14,0,974789,5157,8,21472,979954,11.369895035,0.18114447420000002,0.6477852248,21550.0,95.0,975713.0,15545.0,33679.0
2021-03-22,Région,RSS99,Ensemble du Québec,26959,48,0,1001748,5205,8,27007,1006961,11.687366895,0.1836148909,0.6568628411,27244.0,212.0,1002957.0,15757.0,35876.0
2021-03-23,Région,RSS99,Ensemble du Québec,33413,41,0,1035161,5246,8,33454,1040415,12.080384565,0.1859338199,0.6662550859,33727.0,199.0,1036684.0,15956.0,37626.0
2021-03-24,Région,RSS99,Ensemble du Québec,41369,60,0,1076530,5306,8,41429,1081844,12.565460218,0.18874217100000001,0.6790033686,41627.0,241.0,1078311.0,16197.0,40102.0
2021-03-25,Région,RSS99,Ensemble du Québec,56056,60,0,1132586,5366,8,56116,1137960,13.219701154000001,0.1915155634,0.6921595032,56144.0,238.0,1134455.0,16435.0,42642.0
2021-03-26,Région,RSS99,Ensemble du Québec,54752,132,0,1187338,5498,8,54884,1192844,13.858292234,0.1952211885,0.7066673752,54801.0,318.0,1189256.0,16753.0,45090.0
2021-03-27,Région,RSS99,Ensemble du Québec,46274,79,0,1233612,5577,8,46353,1239197,14.398241436,0.1977032582,0.7180872262000001,46336.0,213.0,1235592.0,16966.0,46511.0
2021-03-28,Région,RSS99,Ensemble du Québec,39219,29,0,1272831,5606,8,39248,1278445,14.85508209,0.1998823522,0.7271531896,39204.0,187.0,1274796.0,17153.0,46623.0
2021-03-29,Région,RSS99,Ensemble du Québec,44094,53,0,1316925,5659,8,44147,1322592,15.370933075999998,0.204403681,0.7401112247,44268.0,388.0,1319064.0,17541.0,45687.0
2021-03-30,Région,RSS99,Ensemble du Québec,43233,168,0,1360158,5827,8,43401,1365993,15.877461735,0.2106146816,0.7572876129,43468.0,533.0,1362532.0,18074.0,44651.0
2021-03-31,Région,RSS99,Ensemble du Québec,42026,184,0,1402184,6011,8,42210,1408203,16.370880871,0.2163828717,0.7740328434999999,42343.0,495.0,1404875.0,18569.0,43960.0
2021-04-01,Région,RSS99,Ensemble du Québec,49439,126,0,1451623,6137,8,49565,1457768,16.949634262,0.22121882910000001,0.7901022053,49666.0,415.0,1454541.0,18984.0,41601.0
2021-04-02,Région,RSS99,Ensemble du Québec,47405,225,1,1499028,6362,9,47632,1505400,17.504196213,0.22645098530000002,0.8053675164,47590.0,449.0,1502131.0,19433.0,41065.0
2021-04-03,Région,RSS99,Ensemble du Québec,41387,130,0,1540415,6492,9,41517,1546917,17.988782442999998,0.22959727079999998,0.8175331537,41585.0,270.0,1543716.0,19703.0,41190.0
2021-04-04,Région,RSS99,Ensemble du Québec,22702,31,0,1563117,6523,9,22733,1569650,18.254235716,0.2312752897,0.8240121712,22780.0,144.0,1566496.0,19847.0,42083.0
2021-04-05,Région,RSS99,Ensemble du Québec,40294,103,0,1603411,6626,9,40397,1610047,18.726271764,0.2369152978,0.8359097916,40508.0,484.0,1607004.0,20331.0,45179.0
2021-04-06,Région,RSS99,Ensemble du Québec,42764,1511,0,1646175,8137,9,44275,1654322,19.229362814,0.2597549999,0.8667433894,43173.0,1960.0,1650177.0,22291.0,49202.0
2021-04-07,Région,RSS99,Ensemble du Québec,46229,2236,0,1692404,10373,9,48465,1702787,19.772854500999998,0.28957479469999997,0.9061535285,46640.0,2559.0,1696817.0,24850.0,52124.0
2021-04-08,Région,RSS99,Ensemble du Québec,67585,3647,0,1759989,14020,9,71232,1774019,20.565229024,0.3349279174,0.9672730375,67998.0,3892.0,1764815.0,28742.0,56881.0
2021-04-09,Région,RSS99,Ensemble du Québec,73019,2779,0,1833008,16799,9,75798,1849817,21.420296198,0.370550861,1.0199208814,73378.0,3057.0,1838193.0,31799.0,59688.0
2021-04-10,Région,RSS99,Ensemble du Québec,60168,1800,1,1893176,18599,10,61969,1911786,22.124924314,0.39351874509999996,1.0556953128,60468.0,1971.0,1898661.0,33770.0,63463.0
2021-04-11,Région,RSS99,Ensemble du Québec,55298,733,0,1948474,19332,10,56031,1967817,22.771217967,0.4033887592,1.0778941049,55462.0,847.0,1954123.0,34617.0,66702.0
2021-04-12,Région,RSS99,Ensemble du Québec,58969,1075,1,2007443,20407,11,60045,2027862,23.463354164000002,0.4197844025,1.1099162995,59396.0,1407.0,2013519.0,36024.0,67661.0
2021-04-13,Région,RSS99,Ensemble du Québec,68868,1835,0,2076311,22242,11,70703,2098565,24.269618955,0.4449080749,1.1514822267,69190.0,2156.0,2082709.0,38180.0,67408.0
2021-04-14,Région,RSS99,Ensemble du Québec,68611,2524,0,2144922,24766,11,71135,2169700,25.073075394,0.47843349469999996,1.2013566783,68949.0,2877.0,2151658.0,41057.0,67238.0
2021-04-15,Région,RSS99,Ensemble du Québec,75356,2588,2,2220278,27354,13,77946,2247646,25.954885995,0.5130542881,1.2564283273999999,75673.0,2971.0,2227331.0,44028.0,65120.0
2021-04-16,Région,RSS99,Ensemble du Québec,71279,2745,1,2291557,30099,14,74025,2321671,26.789444049,0.5477566518,1.3126186557,71618.0,2978.0,2298949.0,47006.0,63549.0
2021-04-17,Région,RSS99,Ensemble du Québec,57439,3340,1,2348996,33439,15,60780,2382451,27.461828565,0.5884835696,1.3708948549000002,57701.0,3495.0,2356650.0,50501.0,61498.0
2021-04-18,Région,RSS99,Ensemble du Québec,39814,1389,1,2388810,34828,16,41204,2423655,27.927746835,0.6061377271,1.4001320041999998,39983.0,1515.0,2396633.0,52016.0,63959.0
2021-04-19,Région,RSS99,Ensemble du Québec,47036,2008,3,2435846,36836,19,49047,2472702,28.480211263,0.6332540469,1.44073074,47410.0,2327.0,2444043.0,54343.0,65705.0
2021-04-20,Région,RSS99,Ensemble du Québec,53227,3118,3,2489073,39954,22,56348,2529050,29.105599595999998,0.6732235256,1.4953246197999999,53668.0,3430.0,2497711.0,57773.0,67335.0
2021-04-21,Région,RSS99,Ensemble du Québec,83762,4600,1,2572835,44554,23,88363,2617413,30.093440018000003,0.7313132781999999,1.5774543240999999,84772.0,4985.0,2582483.0,62758.0,67913.0
2021-04-22,Région,RSS99,Ensemble du Québec,86300,3868,2,2659135,48422,25,90170,2707583,31.11179941,0.7801156620999999,1.6529185643000002,87391.0,4188.0,2669874.0,66946.0,68076.0
2021-04-23,Région,RSS99,Ensemble du Québec,81277,4152,1,2740412,52574,26,85430,2793013,32.068002183000004,0.8291394513,1.7250034609,82057.0,4207.0,2751931.0,71153.0,67770.0
2021-04-24,Région,RSS99,Ensemble du Québec,61647,3183,1,2802059,55757,27,64831,2857844,32.78993487,0.8677571925,1.7798886634,61953.0,3314.0,2813884.0,74467.0,67147.0
2021-04-25,Région,RSS99,Ensemble du Québec,40321,2017,3,2842380,57774,30,42341,2900185,33.26290315,0.8919952437,1.8148124324000001,40588.0,2080.0,2854472.0,76547.0,64699.0
2021-04-26,Région,RSS99,Ensemble du Québec,41646,5262,2,2884026,63036,32,46910,2947095,33.770084372,0.9532545876,1.8881441903,43524.0,5257.0,2897996.0,81804.0,61076.0
2021-04-27,Région,RSS99,Ensemble du Québec,44764,7214,4,2928790,70250,36,51982,2999077,34.304300343,1.0376333035,1.9819501097,45844.0,7241.0,2943840.0,89045.0,58105.0
2021-04-28,Région,RSS99,Ensemble du Québec,61264,9963,2,2990054,80213,38,71229,3070306,35.024042281999996,1.155560745,2.1103651695,61765.0,10120.0,3005605.0,99165.0,56088.0
2021-04-29,Région,RSS99,Ensemble du Québec,55148,9661,2,3045202,89874,40,64811,3135117,35.672899575,1.2692931392,2.2341540244,55682.0,9760.0,3061287.0,108925.0,55572.0
2021-04-30,Région,RSS99,Ensemble du Québec,52760,11868,5,3097962,101742,45,64633,3199750,36.293766579,1.4087551569999999,2.3841269663999998,53280.0,11968.0,3114567.0,120893.0,56369.0
2021-05-01,Région,RSS99,Ensemble du Québec,42824,7879,4,3140786,109621,49,50707,3250457,36.796566307,1.5011627272999999,2.4876747179,43148.0,7930.0,3157715.0,128823.0,57180.0
2021-05-02,Région,RSS99,Ensemble du Québec,34112,4616,2,3174898,114237,51,38730,3289187,37.196587376,1.5563509055000002,2.5513229082,34328.0,4736.0,3192043.0,133559.0,58599.0
2021-05-03,Région,RSS99,Ensemble du Québec,39311,13176,5,3214209,127413,56,52492,3341679,37.663321349,1.709202116,2.7117834683999997,40053.0,13117.0,3232096.0,146676.0,64436.0
2021-05-04,Région,RSS99,Ensemble du Québec,47533,10119,5,3261742,137532,61,57657,3399336,38.22633166,1.8278287321000002,2.8422610932,48315.0,10180.0,3280411.0,156856.0,68256.0
2021-05-05,Région,RSS99,Ensemble du Québec,69215,11946,5,3330957,149478,66,81166,3480502,39.042652911,1.9674072790000001,2.9993889214,70053.0,11978.0,3350464.0,168834.0,71967.0
2021-05-06,Région,RSS99,Ensemble du Québec,93016,12641,7,3423973,162119,73,105664,3586166,40.143981016,2.1161100538,3.1735999145999996,94511.0,12761.0,3444975.0,181595.0,75473.0
2021-05-07,Région,RSS99,Ensemble du Québec,78912,12463,2,3502885,174582,75,91377,3677543,41.082203351,2.2634028266,3.3428817272000004,80514.0,12640.0,3525489.0,194235.0,76954.0
2021-05-08,Région,RSS99,Ensemble du Québec,69975,6708,1,3572860,181290,76,76684,3754227,41.903570312,2.3442507109,3.4467790660000004,70486.0,6938.0,3595975.0,201173.0,79569.0
2021-05-09,Région,RSS99,Ensemble du Québec,60004,3264,1,3632864,184554,77,63269,3817496,42.607336112,2.384045396,3.5061622915,60394.0,3415.0,3656369.0,204588.0,81834.0
2021-05-10,Région,RSS99,Ensemble du Québec,53440,9415,5,3686304,193969,82,62860,3880356,43.239040322,2.4962396062,3.635136691,54210.0,9628.0,3710579.0,214216.0,83133.0
2021-05-11,Région,RSS99,Ensemble du Québec,66594,9368,2,3752898,203337,84,75964,3956320,44.022908221,2.6082939815,3.7680497738,67268.0,9616.0,3777847.0,223832.0,84763.0
2021-05-12,Région,RSS99,Ensemble du Québec,82481,14537,5,3835379,217874,89,97023,4053343,45.000412513,2.7794519124,3.9652985685,83885.0,14688.0,3861732.0,238520.0,87012.0
2021-05-13,Région,RSS99,Ensemble du Québec,99138,15612,4,3934517,233486,93,114754,4168097,46.164456576000006,2.9629968858999995,4.1779641622,99893.0,15751.0,3961625.0,254271.0,88593.0
2021-05-14,Région,RSS99,Ensemble du Québec,89059,13717,9,4023576,247203,102,102785,4270882,47.211598653,3.125147118,4.3713092323,89861.0,13915.0,4051486.0,268186.0,90054.0
2021-05-15,Région,RSS99,Ensemble du Québec,86219,6213,0,4109795,253416,102,92432,4363314,48.223828615,3.2000753243999998,4.4765466557,86865.0,6430.0,4138351.0,274616.0,89786.0
2021-05-16,Région,RSS99,Ensemble du Québec,70977,3356,1,4180772,256772,103,74334,4437648,49.056720303,3.2403943904,4.5411736903,71475.0,3460.0,4209826.0,278076.0,89189.0
2021-05-17,Région,RSS99,Ensemble du Québec,60031,13053,3,4240803,269825,106,73087,4510735,49.765217185,3.3949702315,4.7145223682,60800.0,13265.0,4270626.0,291341.0,88592.0
2021-05-18,Région,RSS99,Ensemble du Québec,62436,11644,4,4303239,281469,110,74085,4584820,50.502403529,3.5327775362000002,4.8737943317,63262.0,11826.0,4333888.0,303167.0,87823.0
2021-05-19,Région,RSS99,Ensemble du Québec,78307,14530,7,4381546,295999,117,92844,4677664,51.430767503,3.7082353906,5.0728726332,79668.0,15057.0,4413556.0,318224.0,86878.0
2021-05-20,Région,RSS99,Ensemble du Québec,95105,15461,11,4476651,311460,128,110577,4788241,52.550472246000005,3.896674586,5.2889991409,96088.0,16171.0,4509644.0,334395.0,86127.0
2021-05-21,Région,RSS99,Ensemble du Québec,82264,15130,5,4558915,326590,133,97399,4885640,53.520798345,4.0802312124,5.4999167982,83269.0,15752.0,4592913.0,350147.0,83247.0
2021-05-22,Région,RSS99,Ensemble du Québec,80707,5114,1,4639622,331704,134,85822,4971462,54.468657636,4.142550971,5.5913804829,81341.0,5348.0,4674254.0,355495.0,81380.0
2021-05-23,Région,RSS99,Ensemble du Québec,63811,5258,6,4703433,336962,140,69075,5040537,55.217147303000004,4.204894035400001,5.676877877999999,64232.0,5350.0,4738486.0,360845.0,80897.0
2021-05-24,Région,RSS99,Ensemble du Québec,41386,11540,2,4744819,348502,142,52928,5093465,55.706988995,4.340149353,5.8254524708,42036.0,11607.0,4780522.0,372452.0,80034.0
2021-05-25,Région,RSS99,Ensemble du Québec,46805,14203,8,4791624,362705,150,61016,5154481,56.263520288,4.5230883751999995,6.0210348995,47759.0,15699.0,4828281.0,388151.0,80234.0
2021-05-26,Région,RSS99,Ensemble du Québec,72828,16625,9,4864452,379330,159,89462,5243943,57.122094988,4.7261170129000005,6.2471246446,73679.0,17423.0,4901960.0,405574.0,82122.0
2021-05-27,Région,RSS99,Ensemble du Québec,87608,16919,10,4952060,396249,169,104537,5348480,58.155719691,4.928201765,6.4802643998,88701.0,17342.0,4990661.0,422916.0,83623.0
2021-05-28,Région,RSS99,Ensemble du Québec,84973,13815,9,5037033,410064,178,98797,5447277,59.154665335,5.0950947312,6.679645677000001,85725.0,14322.0,5076386.0,437238.0,86586.0
2021-05-29,Région,RSS99,Ensemble du Québec,78498,20531,7,5115531,430595,185,99036,5546313,60.076002605,5.3374169788,6.950867139600001,79065.0,20795.0,5155451.0,458033.0,87895.0
2021-05-30,Région,RSS99,Ensemble du Québec,63847,15732,5,5179378,446327,190,79584,5625897,60.824667065,5.5221971607,7.1628219058,64247.0,15857.0,5219698.0,473890.0,87828.0
2021-05-31,Région,RSS99,Ensemble du Québec,49080,24576,11,5228458,470903,201,73667,5699564,61.405343185,5.8123079892,7.4721949933000005,49831.0,24896.0,5269529.0,498786.0,86943.0
2021-06-01,Région,RSS99,Ensemble du Québec,50138,20006,36,5278596,490909,237,70180,5769744,61.99953668,6.050435189500001,7.7293863531,50991.0,20435.0,5320520.0,519221.0,86584.0
2021-06-02,Région,RSS99,Ensemble du Québec,67255,21718,22,5345851,512627,259,88997,5858741,62.794253438,6.3081858891,8.0134376688,68199.0,22119.0,5388719.0,541340.0,84625.0
2021-06-03,Région,RSS99,Ensemble du Québec,76414,21894,28,5422265,534521,287,98337,5957078,63.695244726999995,6.5771932989,8.315213059500001,77319.0,23085.0,5466038.0,564425.0,82974.0
2021-06-04,Région,RSS99,Ensemble du Québec,74560,21717,7,5496825,556238,294,96284,6053362,64.574841276,6.8456530220000005,8.6183751463,75483.0,23038.0,5541521.0,587463.0,82197.0
2021-06-05,Région,RSS99,Ensemble du Québec,71304,14013,8,5568129,570251,302,85325,6138687,65.412743715,7.012755740599999,8.8168474965,71905.0,14340.0,5613426.0,601803.0,83275.0
2021-06-06,Région,RSS99,Ensemble du Québec,54197,13827,2,5622326,584078,304,68026,6206713,66.049505287,7.1765257271000005,9.005950907699999,54644.0,14054.0,5668070.0,615857.0,83533.0
2021-06-07,Région,RSS99,Ensemble du Québec,37704,30516,10,5660030,614594,314,68230,6274943,66.497198408,7.538709799199999,9.3848685575,38419.0,31081.0,5706489.0,646938.0,84437.0
2021-06-08,Région,RSS99,Ensemble du Québec,39190,38525,12,5699220,653119,326,77728,6352671,66.962452462,7.9944667326,9.8577552675,39926.0,39111.0,5746415.0,686049.0,86527.0
2021-06-09,Région,RSS99,Ensemble du Québec,32240,58547,15,5731460,711666,341,90802,6443473,67.347616071,8.6905649191,10.565354875,33053.0,59736.0,5779468.0,745785.0,88627.0
2021-06-10,Région,RSS99,Ensemble du Québec,41455,63199,12,5772915,774865,353,104666,6548139,67.839625205,9.433612676900001,11.323935960999998,42222.0,63765.0,5821690.0,809550.0,90177.0
2021-06-11,Région,RSS99,Ensemble du Québec,37514,73372,22,5810429,848237,375,110909,6659048,68.284987743,10.294774323,12.198987875,38219.0,73901.0,5859909.0,883451.0,93683.0
2021-06-12,Région,RSS99,Ensemble du Québec,35769,64238,18,5846198,912475,393,100025,6759073,68.707697026,11.047727053,12.967602115999998,36275.0,64615.0,5896184.0,948066.0,95262.0
2021-06-13,Région,RSS99,Ensemble du Québec,22461,56391,24,5868659,968866,417,78876,6837949,68.973453274,11.707549732999999,13.638075555,22806.0,56623.0,5918990.0,1004689.0,96489.0
2021-06-14,Région,RSS99,Ensemble du Québec,22899,69844,29,5891558,1038710,446,92772,6930721,69.246958707,12.529242975999999,14.467925832999999,23471.0,70514.0,5942461.0,1075203.0,96382.0
2021-06-15,Région,RSS99,Ensemble du Québec,18177,70580,25,5909735,1109290,471,88783,7019504,69.46542745,13.3596759,15.300444628,18748.0,71264.0,5961209.0,1146467.0,93816.0
2021-06-16,Région,RSS99,Ensemble du Québec,18106,81251,37,5927841,1190541,508,99395,7118899,69.684420573,14.319537687,16.261238648,18793.0,82371.0,5980002.0,1228838.0,89900.0
2021-06-17,Région,RSS99,Ensemble du Québec,19230,84648,31,5947071,1275189,539,103912,7222811,69.915544375,15.314905889,17.25724776,19834.0,85418.0,5999836.0,1314256.0,86889.0
2021-06-18,Région,RSS99,Ensemble du Québec,15636,77240,69,5962707,1352429,608,92946,7315757,70.10363398300001,16.225359341,18.167922617000002,16141.0,78131.0,6015977.0,1392387.0,85917.0
2021-06-19,Région,RSS99,Ensemble du Québec,11655,60944,13,5974362,1413373,621,72613,7388370,70.24412145699999,16.941442267,18.885998191,12056.0,61451.0,6028033.0,1453838.0,87474.0
2021-06-20,Région,RSS99,Ensemble du Québec,6853,50937,14,5981215,1464310,635,57805,7446175,70.32676388899999,17.539271469000003,19.484246898,7092.0,51303.0,6035125.0,1505141.0,90568.0
2021-06-21,Région,RSS99,Ensemble du Québec,6862,79065,36,5988077,1543375,671,85964,7532139,70.41367128600001,18.470094207,20.410513348,7458.0,79879.0,6042583.0,1585020.0,85557.0
2021-06-22,Région,RSS99,Ensemble du Québec,7344,92295,45,5995421,1635670,716,99685,7631824,70.505880757,19.555958902,21.491297374000002,7913.0,93184.0,6050496.0,1678204.0,89166.0
2021-06-23,Région,RSS99,Ensemble du Québec,8184,112795,68,6003605,1748465,784,121048,7752872,70.607435861,20.879333193,22.804172394000002,8715.0,113566.0,6059211.0,1791770.0,92828.0
2021-06-24,Région,RSS99,Ensemble du Québec,4335,64483,22,6007940,1812948,806,68840,7821712,70.66461668699999,21.643402799,23.56303315,4907.0,65569.0,6064118.0,1857339.0,95682.0
2021-06-25,Région,RSS99,Ensemble du Québec,7681,110478,48,6015621,1923426,854,118208,7939920,70.76086971699999,22.942084575,24.850539786,8260.0,111447.0,6072378.0,1968786.0,98789.0
2021-06-26,Région,RSS99,Ensemble du Québec,8310,89899,36,6023931,2013325,890,98247,8038167,70.8617373,23.99807121,25.898520873000002,8656.0,90620.0,6081034.0,2059406.0,99874.0
2021-06-27,Région,RSS99,Ensemble du Québec,5702,72065,16,6029633,2085390,906,77784,8115951,70.930605993,24.843874321999998,26.73501331,5910.0,72583.0,6086944.0,2131989.0,100648.0
2021-06-28,Région,RSS99,Ensemble du Québec,7015,100649,45,6036648,2186039,951,107710,8223661,71.01753669600001,26.029697671999998,27.905722837,7460.0,101762.0,6094404.0,2233751.0,104059.0
2021-06-29,Région,RSS99,Ensemble du Québec,6907,100322,54,6043555,2286361,1005,107284,8330945,71.10370996,27.212246555,29.071200208,7395.0,101481.0,6101799.0,2335232.0,102510.0
2021-06-30,Région,RSS99,Ensemble du Québec,7968,118388,104,6051523,2404749,1109,126460,8457405,71.20172258,28.60448954,30.443540023,8411.0,119476.0,6110210.0,2454708.0,100396.0
2021-07-01,Région,RSS99,Ensemble du Québec,5899,86762,56,6057422,2491511,1165,92718,8550123,71.275077643,29.625517446999996,31.451656508000003,6295.0,87620.0,6116505.0,2542328.0,99651.0
2021-07-02,Région,RSS99,Ensemble du Québec,6721,100583,60,6064143,2592094,1225,107364,8657487,71.35881544899999,30.809394761999997,32.620629750999996,7186.0,101595.0,6123691.0,2643923.0,98266.0
2021-07-03,Région,RSS99,Ensemble du Québec,6280,77136,38,6070423,2669230,1263,83454,8740941,71.435246881,31.716736887,33.518136821,6559.0,77864.0,6130250.0,2721787.0,98178.0
2021-07-04,Région,RSS99,Ensemble du Québec,4289,67724,551,6074712,2736954,1814,72565,8813506,71.487102327,32.511430339,34.30428869,4450.0,68197.0,6134700.0,2789984.0,96517.0
2021-07-05,Région,RSS99,Ensemble du Québec,5750,91735,530,6080462,2828689,2344,98016,8911522,71.559117306,33.593414615,35.372615757,6180.0,92851.0,6140880.0,2882835.0,100638.0
2021-07-06,Région,RSS99,Ensemble du Québec,5800,100777,89,6086262,2929466,2433,106667,9018189,71.631493525,34.779599205,36.53910693,6211.0,101793.0,6147091.0,2984628.0,101660.0
2021-07-07,Région,RSS99,Ensemble du Québec,6748,108008,80,6093010,3037474,2513,114836,9133025,71.715277943,36.050663586999995,37.790559465,7190.0,109077.0,6154281.0,3093705.0,101809.0
2021-07-08,Région,RSS99,Ensemble du Québec,6466,115034,61,6099476,3152508,2574,121562,9254587,71.795356735,37.403216762,39.123232778,6872.0,116070.0,6161153.0,3209775.0,100961.0
2021-07-09,Région,RSS99,Ensemble du Québec,6965,107493,57,6106441,3260001,2631,114518,9369105,71.880609419,38.66741758,40.365211498,7316.0,108488.0,6168469.0,3318263.0,99452.0
2021-07-10,Région,RSS99,Ensemble du Québec,5975,78481,41,6112416,3338482,2672,84499,9453604,71.953381837,39.589186006999995,41.273427591,6245.0,79102.0,6174714.0,3397365.0,97396.0
2021-07-11,Région,RSS99,Ensemble du Québec,4635,61958,35,6117051,3400440,2707,66628,9520232,72.009106049,40.31523217,41.989312418000004,4782.0,62306.0,6179496.0,3459671.0,95659.0
2021-07-12,Région,RSS99,Ensemble du Québec,5516,81894,42,6122567,3482334,2749,87452,9607684,72.077811602,41.282248844,42.939001215,5896.0,82985.0,6185392.0,3542656.0,92722.0
2021-07-13,Région,RSS99,Ensemble du Québec,7157,85059,60,6129724,3567393,2809,92277,9699961,72.16572115,42.286473256,43.923986675,7544.0,86178.0,6192936.0,3628834.0,91048.0
2021-07-14,Région,RSS99,Ensemble du Québec,6452,96166,60,6136176,3663559,2869,102679,9802640,72.244797792,43.416817106,45.031024706000004,6786.0,97001.0,6199722.0,3725835.0,89500.0
2021-07-15,Région,RSS99,Ensemble du Québec,7373,93572,54,6143549,3757131,2923,101000,9903640,72.33566717800001,44.520196123000005,46.113113858,7798.0,94687.0,6207520.0,3820522.0,87684.0
2021-07-16,Région,RSS99,Ensemble du Québec,7011,95738,53,6150560,3852869,2976,102803,10006443,72.42170060699999,45.647148976000004,47.217798001000006,7383.0,96710.0,6214903.0,3917232.0,87010.0
2021-07-17,Région,RSS99,Ensemble du Québec,5087,68535,38,6155647,3921404,3014,73662,10080105,72.484486482,46.452679633,48.007364173,5388.0,69127.0,6220291.0,3986359.0,88173.0
2021-07-18,Région,RSS99,Ensemble du Québec,3631,50265,18,6159278,3971669,3032,53915,10134020,72.528767537,47.042211965,48.585966075,3800.0,50591.0,6224091.0,4036950.0,88378.0
2021-07-19,Région,RSS99,Ensemble du Québec,5358,77335,43,6164636,4049004,3075,82737,10216757,72.595527054,47.952863516,49.47748355,5729.0,78148.0,6229820.0,4115098.0,87609.0
2021-07-20,Région,RSS99,Ensemble du Québec,6540,93824,50,6171176,4142828,3125,100414,10317171,72.676910972,49.054739308,50.554375504,6984.0,94558.0,6236804.0,4209656.0,86654.0
2021-07-21,Région,RSS99,Ensemble du Québec,6789,97266,61,6177965,4240094,3186,104116,10421287,72.760578861,50.196759373,51.670712556999995,7180.0,98003.0,6243984.0,4307659.0,86362.0
2021-07-22,Région,RSS99,Ensemble du Québec,6997,88558,58,6184962,4328652,3244,95619,10516906,72.845866503,51.237970118999996,52.688093104,7319.0,89352.0,6251303.0,4397011.0,86449.0
2021-07-23,Région,RSS99,Ensemble du Québec,6705,89336,73,6191667,4417988,3317,96115,10613021,72.927879679,52.288072035,53.712954819,7038.0,90115.0,6258341.0,4487126.0,85314.0
2021-07-24,Région,RSS99,Ensemble du Québec,4732,66759,123,6196399,4484747,3440,71615,10684636,72.985829596,53.07124076,54.479681288,4973.0,67208.0,6263314.0,4554334.0,81275.0
2021-07-25,Région,RSS99,Ensemble du Québec,3908,50323,294,6200307,4535070,3734,54527,10739163,73.033489995,53.661099373,55.056407072,4090.0,50619.0,6267404.0,4604953.0,76495.0
2021-07-26,Région,RSS99,Ensemble du Québec,5683,68689,415,6205990,4603759,4149,74789,10813952,73.103768691,54.470358961,55.846975394,6031.0,69447.0,6273435.0,4674400.0,72495.0
2021-07-27,Région,RSS99,Ensemble du Québec,6095,65652,394,6212085,4669411,4543,72144,10886096,73.178848385,55.24377420000001,56.601804243000004,6443.0,66371.0,6279878.0,4740771.0,69911.0
2021-07-28,Région,RSS99,Ensemble du Québec,6333,63998,321,6218418,4733409,4864,70654,10956750,73.256748083,55.997635858,57.338606041999995,6685.0,64693.0,6286563.0,4805464.0,68040.0
2021-07-29,Région,RSS99,Ensemble du Québec,6103,61214,302,6224521,4794623,5166,67619,11024369,73.331734554,56.718158542,58.041416303999995,6435.0,61832.0,6292998.0,4867296.0,65783.0
2021-07-30,Région,RSS99,Ensemble du Québec,6519,71139,367,6231040,4865762,5533,78028,11102397,73.411755082,57.554091639,58.854358211000005,6867.0,71736.0,6299865.0,4939032.0,62218.0
2021-07-31,Région,RSS99,Ensemble du Québec,4987,53298,234,6236027,4919060,5767,58521,11160918,73.472361863,58.178571046,59.462884785,5201.0,53590.0,6305066.0,4992622.0,58765.0
2021-08-01,Région,RSS99,Ensemble du Québec,3704,34791,223,6239731,4953851,5990,38723,11199641,73.516910935,58.586317993,59.860225684,3823.0,34991.0,6308889.0,5027613.0,55305.0
2021-08-02,Région,RSS99,Ensemble du Québec,5377,44139,318,6245108,4997990,6308,49834,11249475,73.583099459,59.106049398,60.364668472,5680.0,44601.0,6314569.0,5072214.0,53140.0
2021-08-03,Région,RSS99,Ensemble du Québec,5367,42280,323,6250475,5040270,6631,47975,11297450,73.649882282,59.60453755,60.850385035,5731.0,42778.0,6320300.0,5114992.0,50465.0
2021-08-04,Région,RSS99,Ensemble du Québec,5362,40702,366,6255837,5080972,6997,46432,11343882,73.715907666,60.084590799,61.315172973,5666.0,41196.0,6325966.0,5156188.0,48861.0
2021-08-05,Région,RSS99,Ensemble du Québec,7416,44585,450,6263253,5125557,7447,52464,11396346,73.805390356,60.609775765,61.824463372,7679.0,45069.0,6333645.0,5201257.0,47507.0
2021-08-06,Région,RSS99,Ensemble du Québec,8852,49878,561,6272105,5175435,8008,59304,11455650,73.911816376,61.195590818999996,62.38966442899999,9133.0,50272.0,6342778.0,5251529.0,46279.0
2021-08-07,Région,RSS99,Ensemble du Québec,6510,40465,314,6278615,5215900,8322,47298,11502948,73.99011227300001,61.670237118,62.85022236100001,6719.0,40732.0,6349497.0,5292261.0,44672.0
2021-08-08,Région,RSS99,Ensemble du Québec,4371,24637,228,6282986,5240537,8550,29244,11532192,74.0426902,61.959672078000004,63.129414413,4512.0,24838.0,6354009.0,5317099.0,44188.0
2021-08-09,Région,RSS99,Ensemble du Québec,6310,34480,446,6289296,5275017,8996,41239,11573431,74.119261467,62.36627704,63.520486048,6571.0,34893.0,6360580.0,5351992.0,43649.0
2021-08-10,Région,RSS99,Ensemble du Québec,6975,29319,419,6296271,5304336,9415,36724,11610155,74.203337207,62.712636461,63.855751899,7215.0,29723.0,6367795.0,5381715.0,43730.0
2021-08-11,Région,RSS99,Ensemble du Québec,9128,33495,412,6305399,5337831,9827,43042,11653197,74.312839595,63.106656281999996,64.237163272,9397.0,33813.0,6377192.0,5415528.0,44368.0
2021-08-12,Région,RSS99,Ensemble du Québec,10662,37493,528,6316061,5375324,10355,48689,11701886,74.43999614100001,63.548138401,64.664510412,10912.0,37886.0,6388104.0,5453414.0,45423.0
2021-08-13,Région,RSS99,Ensemble du Québec,9672,49663,530,6325733,5424987,10885,59875,11761761,74.555884323,64.130795516,65.229338576,9945.0,50001.0,6398049.0,5503415.0,45714.0
2021-08-14,Région,RSS99,Ensemble du Québec,7726,43670,361,6333459,5468657,11246,51760,11813521,74.64738296600001,64.64231162,65.72667309,7852.0,43896.0,6405901.0,5547311.0,46534.0
2021-08-15,Région,RSS99,Ensemble du Québec,5523,30878,229,6338982,5499535,11475,36632,11850153,74.715400998,65.004192717,66.078660866,5837.0,31055.0,6411738.0,5578366.0,46588.0
2021-08-16,Région,RSS99,Ensemble du Québec,7750,35122,392,6346732,5534657,11867,43273,11893426,74.80776195600001,65.41716016699999,66.47753995,7926.0,35439.0,6419664.0,5613805.0,45468.0
2021-08-17,Région,RSS99,Ensemble du Québec,7474,34529,459,6354206,5569186,12326,42466,11935892,74.89744274600001,65.823392236,66.870044892,7696.0,34861.0,6427360.0,5648666.0,43678.0
2021-08-18,Région,RSS99,Ensemble du Québec,7847,35049,514,6362053,5604235,12840,43421,11979313,74.99071263100001,66.235567289,67.268259759,8004.0,35371.0,6435364.0,5684037.0,41837.0
2021-08-19,Région,RSS99,Ensemble du Québec,8180,32248,409,6370233,5636483,13249,40847,12020160,75.087909547,66.614321798,67.635139954,8341.0,32503.0,6443705.0,5716540.0,40453.0
2021-08-20,Région,RSS99,Ensemble du Québec,8284,38530,519,6378517,5675013,13768,47344,12067504,75.18677282899999,67.067491786,68.071296694,8484.0,38889.0,6452189.0,5755429.0,38833.0
2021-08-21,Région,RSS99,Ensemble du Québec,6054,32533,281,6384571,5707546,14049,38876,12106380,75.25877615600001,67.449567374,68.439680114,6179.0,32788.0,6458368.0,5788217.0,36659.0
2021-08-22,Région,RSS99,Ensemble du Québec,4046,22653,235,6388617,5730199,14284,26941,12133321,75.30683275300001,67.715498416,68.695007008,4124.0,22821.0,6462492.0,5811038.0,35065.0
2021-08-23,Région,RSS99,Ensemble du Québec,6377,25144,392,6394994,5755343,14676,31935,12165256,75.383706996,68.012507767,68.98017700300001,6597.0,25488.0,6469089.0,5836526.0,34179.0
2021-08-24,Région,RSS99,Ensemble du Québec,5994,20825,409,6400988,5776168,15085,27247,12192503,75.455395693,68.258757045,69.21656792,6152.0,21132.0,6475241.0,5857658.0,32650.0
2021-08-25,Région,RSS99,Ensemble du Québec,8331,23446,464,6409319,5799614,15549,32262,12224765,75.554270628,68.535723392,69.483559376,8485.0,23768.0,6483726.0,5881426.0,31582.0
2021-08-26,Région,RSS99,Ensemble du Québec,9397,24761,474,6418716,5824375,16023,34649,12259414,75.665649135,68.827069428,69.766142426,9558.0,25002.0,6493284.0,5906428.0,30569.0
2021-08-27,Région,RSS99,Ensemble du Québec,9453,26614,561,6428169,5850989,16584,36640,12296054,75.777517063,69.14010152899999,70.066379632,9600.0,26863.0,6502884.0,5933291.0,29287.0
2021-08-28,Région,RSS99,Ensemble du Québec,6932,23991,458,6435101,5874980,17042,31402,12327456,75.859460321,69.422311685,70.33664555600001,7032.0,24218.0,6509916.0,5957509.0,29065.0
2021-08-29,Région,RSS99,Ensemble du Québec,4758,14782,296,6439859,5889762,17338,19849,12347305,75.91586040199999,69.596359538,70.50416778,4840.0,14936.0,6514756.0,5972445.0,27600.0
2021-08-30,Région,RSS99,Ensemble du Québec,6263,16283,400,6446122,5906045,17738,22959,12370264,75.990905137,69.789261798,70.690311352,6440.0,16554.0,6521196.0,5988999.0,26675.0
2021-08-31,Région,RSS99,Ensemble du Québec,7411,17539,728,6453533,5923584,18466,25696,12395960,76.078861296,69.997872179,70.892932138,7548.0,17902.0,6528744.0,6006901.0,25483.0
2021-09-01,Région,RSS99,Ensemble du Québec,7144,13797,1053,6460677,5937381,19519,22007,12417967,76.163531335,70.160826462,71.051866167,7266.0,13984.0,6536010.0,6020885.0,24382.0
2021-09-02,Région,RSS99,Ensemble du Québec,8800,17720,1632,6469477,5955101,21151,28170,12446137,76.267475285,70.369798083,71.255885302,8920.0,17933.0,6544930.0,6038818.0,23405.0
2021-09-03,Région,RSS99,Ensemble du Québec,8603,17980,1672,6478080,5973081,22823,28296,12474433,76.369205183,70.582218966,71.46224667199999,8730.0,18229.0,6553660.0,6057047.0,21593.0
2021-09-04,Région,RSS99,Ensemble du Québec,6443,16038,1193,6484523,5989119,24016,23697,12498130,76.44528702699999,70.770308574,71.64538379300001,6529.0,16141.0,6560189.0,6073188.0,20743.0
2021-09-05,Région,RSS99,Ensemble du Québec,3995,8239,763,6488518,5997358,24779,13011,12511141,76.492423045,70.867435572,71.741112443,4045.0,8335.0,6564234.0,6081523.0,21138.0
2021-09-06,Région,RSS99,Ensemble du Québec,3339,6318,601,6491857,6003676,25380,10274,12521415,76.5326955,70.942876507,71.81600569,3456.0,6474.0,6567690.0,6087997.0,20845.0
2021-09-07,Région,RSS99,Ensemble du Québec,6036,12115,1565,6497893,6015791,26945,19744,12541159,76.604582297,71.086428696,71.958112919,6169.0,12319.0,6573859.0,6100316.0,20507.0
2021-09-08,Région,RSS99,Ensemble du Québec,8238,14698,1799,6506131,6030489,28744,24777,12565936,76.702093841,71.25961423300001,72.12908440300001,8368.0,14862.0,6582227.0,6115178.0,20366.0
2021-09-09,Région,RSS99,Ensemble du Québec,8368,15853,1876,6514499,6046342,30620,26119,12592055,76.801376628,71.446724996,72.312932352,8520.0,16057.0,6590747.0,6131235.0,20402.0
2021-09-10,Région,RSS99,Ensemble du Québec,8299,15794,1801,6522798,6062136,32421,25925,12617980,76.899202801,71.632821957,72.497141541,8395.0,15970.0,6599142.0,6147205.0,21016.0
2021-09-11,Région,RSS99,Ensemble du Québec,6232,15069,1394,6529030,6077205,33815,22714,12640694,76.972557865,71.810470558,72.672156585,6295.0,15245.0,6605437.0,6162450.0,20374.0
2021-09-12,Région,RSS99,Ensemble du Québec,3961,8428,861,6532991,6085633,34676,13260,12653954,77.019565701,71.90945037,72.770448875,4034.0,8494.0,6609471.0,6170944.0,19625.0
2021-09-13,Région,RSS99,Ensemble du Québec,5115,8265,1178,6538106,6093898,35854,14576,12668530,77.080417193,72.007684394,72.8684848,5222.0,8430.0,6614693.0,6179374.0,19088.0
2021-09-14,Région,RSS99,Ensemble du Québec,5283,8688,1255,6543389,6102586,37109,15248,12683778,77.143354556,72.110824294,72.97170627,5401.0,8851.0,6620094.0,6188225.0,18520.0
2021-09-15,Région,RSS99,Ensemble du Québec,6132,11570,1793,6549521,6114156,38902,19534,12703312,77.215963833,72.24759449,73.107684068,6231.0,11737.0,6626325.0,6199962.0,17954.0
2021-09-16,Région,RSS99,Ensemble du Québec,7416,13019,1892,6556937,6127175,40794,22357,12725669,77.303582058,72.400876858,73.26041875,7519.0,13154.0,6633844.0,6213116.0,17283.0
2021-09-17,Région,RSS99,Ensemble du Québec,7103,13176,1645,6564040,6140351,42439,21951,12747620,77.387436393,72.556548073,73.41558888899999,7196.0,13359.0,6641040.0,6226475.0,16636.0
2021-09-18,Région,RSS99,Ensemble du Québec,5511,12093,1126,6569551,6152444,43565,18755,12766375,77.45216830300001,72.698562078,73.556437603,5555.0,12187.0,6646595.0,6238662.0,16057.0
2021-09-19,Région,RSS99,Ensemble du Québec,2776,5114,658,6572327,6157558,44223,8559,12774934,77.484912978,72.759075635,73.61682297899999,2810.0,5193.0,6649405.0,6243855.0,15552.0
2021-09-20,Région,RSS99,Ensemble du Québec,3359,5934,745,6575686,6163492,44968,10051,12784985,77.525197086,72.829925323,73.687952337,3457.0,6080.0,6652862.0,6249935.0,14996.0
2021-09-21,Région,RSS99,Ensemble du Québec,3786,6486,902,6579472,6169978,45870,11193,12796178,77.570387068,72.907825022,73.765688894,3878.0,6685.0,6656740.0,6256620.0,14476.0
2021-09-22,Région,RSS99,Ensemble du Québec,4770,9842,1358,6584242,6179820,47228,15996,12812174,77.626740537,73.024424032,73.881099307,4836.0,10006.0,6661576.0,6266626.0,14102.0
2021-09-23,Région,RSS99,Ensemble du Québec,5017,11696,1720,6589259,6191516,48948,18468,12830642,77.686088804,73.1626858,74.019081406,5093.0,11865.0,6666669.0,6278491.0,13949.0
2021-09-24,Région,RSS99,Ensemble du Québec,5353,11532,1390,6594612,6203048,50338,18310,12848952,77.749445671,73.298558722,74.154697964,5437.0,11660.0,6672106.0,6290151.0,13511.0
2021-09-25,Région,RSS99,Ensemble du Québec,4087,10992,1041,6598699,6214040,51379,16138,12865090,77.797921774,73.427894361,74.28368401600001,4160.0,11099.0,6676266.0,6301250.0,13410.0
2021-09-26,Région,RSS99,Ensemble du Québec,2238,4647,590,6600937,6218687,51969,7486,12872576,77.82456032399999,73.483292292,74.339338311,2286.0,4754.0,6678552.0,6306004.0,13185.0
2021-09-27,Région,RSS99,Ensemble du Québec,2397,4016,555,6603334,6222703,52524,6985,12879561,77.85355276199999,73.53207137,74.388665075,2488.0,4186.0,6681040.0,6310190.0,13060.0
2021-09-28,Région,RSS99,Ensemble du Québec,3137,6285,1037,6606471,6228988,53561,10488,12890049,77.89109843600001,73.607046188,74.463989481,3222.0,6434.0,6684262.0,6316624.0,12673.0
2021-09-29,Région,RSS99,Ensemble du Québec,4149,8827,1419,6610620,6237815,54980,14418,12904467,77.940040655,73.711071709,74.56740905,4200.0,8927.0,6688462.0,6325551.0,12334.0
2021-09-30,Région,RSS99,Ensemble du Québec,4836,10999,1728,6615456,6248814,56708,17594,12922061,77.997291398,73.84101329999999,74.697676923,4913.0,11151.0,6693375.0,6336702.0,12142.0
2021-10-01,Région,RSS99,Ensemble du Québec,4633,9675,1266,6620089,6258489,57974,15604,12937665,78.052281476,73.954815611,74.81225997899999,4719.0,9766.0,6698094.0,6346468.0,12107.0
2021-10-02,Région,RSS99,Ensemble du Québec,3754,9046,939,6623843,6267535,58913,13766,12951431,78.096527573,74.06129989600001,74.918954016,3797.0,9138.0,6701891.0,6355606.0,11929.0
2021-10-03,Région,RSS99,Ensemble du Québec,1678,4082,370,6625521,6271617,59283,6140,12957571,78.11645404800001,74.10926327,74.966719291,1710.0,4116.0,6703601.0,6359722.0,11745.0
2021-10-04,Région,RSS99,Ensemble du Québec,2230,3892,607,6627751,6275509,59890,6738,12964309,78.143477144,74.156061354,75.013936879,2319.0,4016.0,6705920.0,6363738.0,11592.0
2021-10-05,Région,RSS99,Ensemble du Québec,2972,5516,731,6630723,6281025,60621,9242,12973551,78.179006864,74.221818721,75.080265239,3049.0,5643.0,6708969.0,6369381.0,11569.0
2021-10-06,Région,RSS99,Ensemble du Québec,3802,8237,1054,6634525,6289262,61675,13128,12986679,78.22397544100001,74.318782579,75.177287361,3859.0,8321.0,6712828.0,6377702.0,11468.0
2021-10-07,Région,RSS99,Ensemble du Québec,4865,10373,1272,6639390,6299635,62947,16527,13003206,78.281482548,74.440567133,75.299549685,4935.0,10451.0,6717763.0,6388153.0,11434.0
2021-10-08,Région,RSS99,Ensemble du Québec,4520,9738,1156,6643910,6309373,64103,15442,13018648,78.33492279,74.555534736,75.415507785,4586.0,9866.0,6722349.0,6398019.0,11134.0
2021-10-09,Région,RSS99,Ensemble du Québec,3675,8602,761,6647585,6317975,64864,13058,13031706,78.37825996,74.656495541,75.517156112,3719.0,8664.0,6726068.0,6406683.0,11211.0
2021-10-10,Région,RSS99,Ensemble du Québec,1827,3708,360,6649412,6321683,65224,5902,13037608,78.39984114800001,74.700193951,75.561192456,1852.0,3750.0,6727920.0,6410433.0,11072.0
2021-10-11,Région,RSS99,Ensemble du Québec,1461,2851,319,6650873,6324534,65543,4640,13042248,78.417623487,74.734418545,75.595906473,1526.0,2937.0,6729446.0,6413370.0,10608.0
2021-10-12,Région,RSS99,Ensemble du Québec,3006,5708,1040,6653879,6330242,66583,9780,13052028,78.453572712,74.802110295,75.663691446,3085.0,5809.0,6732531.0,6419179.0,10441.0
2021-10-13,Région,RSS99,Ensemble du Québec,3699,7115,1314,6657578,6337357,67897,12157,13064185,78.497236163,74.88613942399999,75.74830322,3747.0,7211.0,6736278.0,6426390.0,10362.0
2021-10-14,Région,RSS99,Ensemble du Québec,4085,7639,1527,6661663,6344996,69424,13279,13077464,78.545747224,74.975866825,75.83868318399999,4163.0,7700.0,6740441.0,6434090.0,10258.0
2021-10-15,Région,RSS99,Ensemble du Québec,4000,7940,2299,6665663,6352936,71723,14274,13091738,78.59339597,75.06936976899999,75.93072951399999,4089.0,8024.0,6744530.0,6442114.0,10549.0
2021-10-16,Région,RSS99,Ensemble du Québec,3868,7646,971,6669531,6360582,72694,12504,13104242,78.638865622,75.158922376,76.020934685,3902.0,7685.0,6748432.0,6449799.0,10554.0
2021-10-17,Région,RSS99,Ensemble du Québec,1726,2967,471,6671257,6363549,73165,5169,13109411,78.659363089,75.193834492,76.056779033,1759.0,2996.0,6750191.0,6452795.0,10749.0
2021-10-18,Région,RSS99,Ensemble du Québec,1695,3217,1754,6672952,6366766,74919,6677,13116088,78.67966245699999,75.232102646,76.091994125,1742.0,3284.0,6751933.0,6456079.0,11004.0
2021-10-19,Région,RSS99,Ensemble du Québec,2388,4273,3139,6675340,6371039,78058,9815,13125903,78.70811886199999,75.282769496,76.13872229100001,2442.0,4348.0,6754375.0,6460427.0,10902.0
2021-10-20,Région,RSS99,Ensemble du Québec,3385,5947,4169,6678725,6376986,82227,13523,13139426,78.74806503399999,75.352570422,76.205120568,3428.0,5990.0,6757803.0,6466417.0,10575.0
2021-10-21,Région,RSS99,Ensemble du Québec,3832,6232,4973,6682557,6383218,87200,15064,13154490,78.793604604,75.42619350300001,76.27655290199999,3908.0,6318.0,6761711.0,6472735.0,10449.0
2021-10-22,Région,RSS99,Ensemble du Québec,3482,6327,3736,6686039,6389545,90936,13563,13168053,78.83504234899999,75.500795428,76.347087961,3556.0,6402.0,6765267.0,6479137.0,10823.0
2021-10-23,Région,RSS99,Ensemble du Québec,3382,5814,1005,6689421,6395359,91941,10215,13178268,78.874895299,75.569186352,76.41609649,3420.0,5869.0,6768687.0,6485006.0,11025.0
2021-10-24,Région,RSS99,Ensemble du Québec,1403,2375,500,6690824,6397734,92441,4288,13182556,78.891570612,75.597316475,76.444517935,1431.0,2414.0,6770118.0,6487420.0,11121.0
2021-10-25,Région,RSS99,Ensemble du Québec,1551,2851,4882,6692375,6400585,97323,9295,13191851,78.910576507,75.631249747,76.474885417,1631.0,2912.0,6771749.0,6490332.0,10909.0
2021-10-26,Région,RSS99,Ensemble du Québec,2167,3893,5145,6694542,6404478,102468,11227,13203078,78.93690042899999,75.67732535,76.515740517,2259.0,3954.0,6774008.0,6494286.0,10882.0
2021-10-27,Région,RSS99,Ensemble du Québec,2766,4839,6570,6697308,6409317,109038,14198,13217276,78.969843203,75.734343035,76.570893736,2827.0,4893.0,6776835.0,6499179.0,10703.0
2021-10-28,Région,RSS99,Ensemble du Québec,2965,5486,5113,6700273,6414803,114151,13577,13230853,79.005069948,75.799039987,76.632013245,3023.0,5552.0,6779858.0,6504731.0,10558.0
2021-10-29,Région,RSS99,Ensemble du Québec,2804,5492,5061,6703077,6420295,119212,13376,13244229,79.038350657,75.863830162,76.694344657,2856.0,5560.0,6782714.0,6510291.0,10799.0
2021-10-30,Région,RSS99,Ensemble du Québec,2700,4941,1296,6705777,6425236,120508,8962,13253191,79.07029128100001,75.921896609,76.75312193100001,2741.0,4983.0,6785455.0,6515274.0,10921.0
2021-10-31,Région,RSS99,Ensemble du Québec,999,1793,474,6706776,6427029,120982,3274,13256465,79.082340389,75.943116557,76.774505019,1034.0,1821.0,6786489.0,6517095.0,10905.0
2021-11-01,Région,RSS99,Ensemble du Québec,1282,2421,7251,6708058,6429450,128233,10977,13267442,79.097768841,75.97186428399999,76.79878968199999,1324.0,2467.0,6787813.0,6519562.0,11232.0
2021-11-02,Région,RSS99,Ensemble du Québec,1734,2633,7704,6709792,6432083,135937,12085,13279527,79.11867416,76.00329218,76.828120055,1794.0,2697.0,6789607.0,6522259.0,11432.0
2021-11-03,Région,RSS99,Ensemble du Québec,2352,3833,7878,6712144,6435916,143815,14087,13293614,79.146652795,76.04855207899999,76.870222016,2401.0,3884.0,6792008.0,6526143.0,11292.0
2021-11-04,Région,RSS99,Ensemble du Québec,2935,5063,7844,6715079,6440979,151659,15862,13309476,79.181250283,76.108028528,76.927018296,2969.0,5104.0,6794977.0,6531247.0,11449.0
2021-11-05,Région,RSS99,Ensemble du Québec,2717,4578,7449,6717796,6445557,159108,14775,13324251,79.213493882,76.16202811,76.979537957,2767.0,4634.0,6797744.0,6535881.0,11350.0
2021-11-06,Région,RSS99,Ensemble du Québec,2652,4050,1257,6720448,6449607,160365,7985,13332236,79.244793597,76.209560326,77.027140092,2686.0,4079.0,6800430.0,6539960.0,11242.0
2021-11-07,Région,RSS99,Ensemble du Québec,1514,2018,830,6721962,6451625,161195,4369,13336605,79.26277403600001,76.233425485,77.051669466,1543.0,2048.0,6801973.0,6542008.0,11272.0
2021-11-08,Région,RSS99,Ensemble du Québec,1253,1895,7127,6723215,6453520,168322,10289,13346894,79.277969429,76.256183616,77.072586438,1304.0,1953.0,6803277.0,6543961.0,11134.0
2021-11-09,Région,RSS99,Ensemble du Québec,1456,2747,7109,6724671,6456267,175431,11324,13358218,79.295507058,76.288811762,77.101858546,1505.0,2800.0,6804782.0,6546761.0,10965.0
2021-11-10,Région,RSS99,Ensemble du Québec,2325,4150,7797,6726996,6460417,183228,14301,13372519,79.323042882,76.337847204,77.14954225,2363.0,4208.0,6807145.0,6550969.0,10995.0
2021-11-11,Région,RSS99,Ensemble du Québec,2621,4573,7681,6729617,6464990,190909,14893,13387412,79.353934745,76.39162538,77.200803398,2651.0,4615.0,6809796.0,6555584.0,11053.0
2021-11-12,Région,RSS99,Ensemble du Québec,2327,4122,7133,6731944,6469112,198042,13597,13401009,79.381412305,76.44056759899999,77.247205283,2358.0,4200.0,6812154.0,6559784.0,10996.0
2021-11-13,Région,RSS99,Ensemble du Québec,2324,4270,1584,6734268,6473382,199626,8194,13409203,79.408691765,76.49083825,77.297767256,2341.0,4314.0,6814495.0,6564098.0,10695.0
2021-11-14,Région,RSS99,Ensemble du Québec,1407,2096,1263,6735675,6475478,200889,4771,13413974,79.425297161,76.51570555800001,77.323263821,1425.0,2134.0,6815920.0,6566232.0,10292.0
2021-11-15,Région,RSS99,Ensemble du Québec,1295,2108,6472,6736970,6477586,207361,9893,13423867,79.440818836,76.541015677,77.346954186,1332.0,2172.0,6817252.0,6568404.0,9886.0
2021-11-16,Région,RSS99,Ensemble du Québec,1462,2209,5533,6738432,6479795,212894,9214,13433081,79.45821662899999,76.567432822,77.37232256899999,1493.0,2267.0,6818745.0,6570671.0,9399.0
2021-11-17,Région,RSS99,Ensemble du Québec,2172,3340,5951,6740604,6483135,218845,11481,13444562,79.483957906,76.606901226,77.410287748,2209.0,3387.0,6820954.0,6574058.0,9246.0
2021-11-18,Région,RSS99,Ensemble du Québec,2437,3937,5658,6743041,6487072,224503,12049,13456611,79.51267067399999,76.653431292,77.456165251,2464.0,3993.0,6823418.0,6578051.0,9081.0
2021-11-19,Région,RSS99,Ensemble du Québec,2240,3635,4292,6745281,6490707,228795,10190,13466801,79.539029555,76.696570362,77.499012999,2262.0,3702.0,6825680.0,6581753.0,8512.0
2021-11-20,Région,RSS99,Ensemble du Québec,2433,3692,988,6747714,6494399,229783,7123,13473924,79.567520918,76.73994249100001,77.542816284,2445.0,3722.0,6828125.0,6585475.0,8171.0
2021-11-21,Région,RSS99,Ensemble du Québec,1243,1814,555,6748957,6496213,230338,3617,13477541,79.58239003,76.761395496,77.564537307,1276.0,1841.0,6829401.0,6587316.0,8899.0
2021-11-22,Région,RSS99,Ensemble du Québec,1269,1814,2812,6750226,6498027,233150,5908,13483449,79.597562118,76.783186437,77.586211718,1302.0,1870.0,6830703.0,6589186.0,10022.0
2021-11-23,Région,RSS99,Ensemble du Québec,1606,2014,3205,6751832,6500041,236355,6831,13490280,79.616649584,76.807214736,77.610379852,1638.0,2062.0,6832341.0,6591248.0,12045.0
2021-11-24,Région,RSS99,Ensemble du Québec,9181,2841,4542,6761013,6502882,240897,16577,13506857,79.723996183,76.84107809,77.64603775399999,9212.0,2906.0,6841553.0,6594154.0,14788.0
2021-11-25,Région,RSS99,Ensemble du Québec,10815,3764,5321,6771828,6506646,246218,19910,13526767,79.850185538,76.885440715,77.693266996,10829.0,3807.0,6852382.0,6597961.0,17478.0
2021-11-26,Région,RSS99,Ensemble du Québec,16856,3129,4354,6788684,6509775,250572,24346,13551113,80.046805075,76.922415396,77.735520445,16873.0,3173.0,6869255.0,6601134.0,19650.0
2021-11-27,Région,RSS99,Ensemble du Québec,22533,2272,1507,6811217,6512047,252079,26326,13577439,80.309473302,76.949240393,77.770863718,22541.0,2302.0,6891796.0,6603436.0,22116.0
2021-11-28,Région,RSS99,Ensemble du Québec,20220,1230,988,6831437,6513277,253067,22445,13599884,80.545561244,76.964039588,77.793715073,20260.0,1270.0,6912056.0,6604706.0,23782.0
2021-11-29,Région,RSS99,Ensemble du Québec,13642,1687,5770,6845079,6514964,258837,21114,13620998,80.704728331,76.98421077399999,77.817929819,13659.0,1731.0,6925715.0,6606437.0,25139.0
2021-11-30,Région,RSS99,Ensemble du Québec,14198,1759,8121,6859277,6516723,266958,24095,13645093,80.870537577,77.005232622,77.844207129,14229.0,1804.0,6939944.0,6608241.0,26251.0
2021-12-01,Région,RSS99,Ensemble du Québec,16789,2142,9276,6876066,6518865,276234,28237,13673330,81.066318105,77.03021646,77.877196515,16801.0,2144.0,6956745.0,6610385.0,26635.0
2021-12-02,Région,RSS99,Ensemble du Québec,18754,2357,8282,6894820,6521222,284516,29412,13702742,81.284984947,77.058125177,77.913367145,18765.0,2395.0,6975510.0,6612780.0,26335.0
2021-12-03,Région,RSS99,Ensemble du Québec,23008,2244,6866,6917828,6523466,291382,32130,13734872,81.553304835,77.08469381,77.94977083399999,23026.0,2280.0,6998536.0,6615060.0,26451.0
2021-12-04,Région,RSS99,Ensemble du Québec,22613,1906,4474,6940441,6525372,295856,29010,13763882,81.816893642,77.107253843,77.980627738,22620.0,1936.0,7021156.0,6616996.0,27235.0
2021-12-05,Région,RSS99,Ensemble du Québec,14965,1111,4263,6955406,6526483,300119,20348,13784230,81.991407611,77.12034006,77.99934231,14976.0,1123.0,7036132.0,6618119.0,28264.0
2021-12-06,Région,RSS99,Ensemble du Québec,12301,1365,8252,6967707,6527848,308371,21928,13806158,82.134936494,77.13664248,78.02113325,12317.0,1399.0,7048449.0,6619518.0,29327.0
2021-12-07,Région,RSS99,Ensemble du Québec,15502,1438,12626,6983209,6529286,320997,29581,13835739,82.315614852,77.153737298,78.046058823,15505.0,1467.0,7063954.0,6620985.0,30805.0
2021-12-08,Région,RSS99,Ensemble du Québec,17190,2121,16114,7000399,6531407,337111,35442,13871181,82.515928362,77.178721135,78.079409449,17190.0,2144.0,7081144.0,6623129.0,31094.0
2021-12-09,Région,RSS99,Ensemble du Québec,15076,2374,19379,7015475,6533781,356490,36849,13908030,82.69180572100001,77.20561605,78.113657349,15093.0,2308.0,7096237.0,6625437.0,31739.0
2021-12-10,Région,RSS99,Ensemble du Québec,16507,2228,23723,7031982,6536009,380213,42476,13950506,82.88426517,77.231741872,78.14818492,16516.0,2242.0,7112753.0,6627679.0,33799.0
2021-12-11,Région,RSS99,Ensemble du Québec,16857,1726,12430,7048839,6537735,392643,31031,13981537,83.080709914,77.252076199,78.175895538,16858.0,1745.0,7129611.0,6629424.0,36593.0
2021-12-12,Région,RSS99,Ensemble du Québec,8872,1093,14888,7057711,6538828,407531,24867,14006404,83.184082872,77.264999275,78.19260581,8871.0,1109.0,7138482.0,6630533.0,39374.0
2021-12-13,Région,RSS99,Ensemble du Québec,11681,1384,23260,7069392,6540212,430791,36347,14042751,83.320305381,77.281336654,78.214524932,11690.0,1402.0,7150172.0,6631935.0,42541.0
2021-12-14,Région,RSS99,Ensemble du Québec,13703,1512,33897,7083095,6541724,464688,49138,14091889,83.480078419,77.29913064600001,78.23911257,13711.0,1527.0,7163883.0,6633462.0,46232.0
2021-12-15,Région,RSS99,Ensemble du Québec,12405,2104,40376,7095500,6543828,505064,54912,14146801,83.624644411,77.323834814,78.269165423,12406.0,2120.0,7176289.0,6635582.0,49065.0
2021-12-16,Région,RSS99,Ensemble du Québec,12606,2549,43816,7108106,6546377,548880,59018,14205819,83.77151768,77.353806097,78.303972663,12604.0,2572.0,7188893.0,6638154.0,52399.0
2021-12-17,Région,RSS99,Ensemble du Québec,11342,2123,54795,7119448,6548500,603675,68312,14274131,83.90368497600001,77.378859851,78.333163201,11342.0,2150.0,7200235.0,6640304.0,58570.0
2021-12-18,Région,RSS99,Ensemble du Québec,10704,1832,38257,7130152,6550332,641932,50862,14324993,84.028452675,77.400510957,78.358205303,10707.0,1858.0,7210942.0,6642162.0,64588.0
2021-12-19,Région,RSS99,Ensemble du Québec,5484,1527,41100,7135636,6551859,683032,48207,14373200,84.092310618,77.418456437,78.37763070300001,5480.0,1540.0,7216422.0,6643702.0,70734.0
2021-12-20,Région,RSS99,Ensemble du Québec,8205,1956,69258,7143841,6553815,752290,79541,14452741,84.18788778,77.44165737899999,78.402299911,8202.0,1991.0,7224624.0,6645693.0,74275.0
2021-12-21,Région,RSS99,Ensemble du Québec,6061,2152,82928,7149902,6555967,835218,91263,14544004,84.258620939,77.46714229199999,78.42677102100001,6070.0,2187.0,7230694.0,6647880.0,67945.0
2021-12-22,Région,RSS99,Ensemble du Québec,5791,2620,89370,7155693,6558587,924588,97935,14641939,84.326102936,77.49802250100001,78.455938253,5791.0,2650.0,7236485.0,6650530.0,60692.0
2021-12-23,Région,RSS99,Ensemble du Québec,3954,2033,77634,7159647,6560620,1002222,83804,14725743,84.372190192,77.522097412,78.479069277,3955.0,2066.0,7240440.0,6652596.0,56230.0
2021-12-24,Région,RSS99,Ensemble du Québec,1050,605,22225,7160697,6561225,1024447,24004,14749747,84.384425747,77.52929891,78.48638730399999,1050.0,618.0,7241490.0,6653214.0,54063.0
2021-12-25,Région,RSS99,Ensemble du Québec,7,3,76,7160704,6561228,1024523,87,14749834,84.384507317,77.529357174,78.486457222,7.0,5.0,7241497.0,6653219.0,53614.0
2021-12-26,Région,RSS99,Ensemble du Québec,978,579,15385,7161682,6561807,1039908,16974,14766808,84.39585725100001,77.536290655,78.49346062,974.0,595.0,7242471.0,6653814.0,53074.0
2021-12-27,Région,RSS99,Ensemble du Québec,2796,1416,60044,7164478,6563223,1099952,64376,14831184,84.428357215,77.553024233,78.509949487,2789.0,1436.0,7245260.0,6655250.0,53425.0
2021-12-28,Région,RSS99,Ensemble du Québec,2824,1714,83384,7167302,6564937,1183336,88119,14919303,84.461171807,77.57316046,78.52890877,2816.0,1728.0,7248076.0,6656978.0,54366.0
2021-12-29,Région,RSS99,Ensemble du Québec,3772,2178,87942,7171074,6567115,1271278,94153,15013456,84.505091622,77.59879686,78.55321673899999,3769.0,2200.0,7251845.0,6659178.0,54383.0
2021-12-30,Région,RSS99,Ensemble du Québec,2790,2292,80946,7173864,6569407,1352224,86263,15099719,84.537579933,77.625738387,78.57765289,2788.0,2312.0,7254633.0,6661490.0,54279.0
2021-12-31,Région,RSS99,Ensemble du Québec,901,635,28968,7174765,6570042,1381192,30588,15130307,84.54809085699999,77.63324286,78.584283395,902.0,644.0,7255535.0,6662134.0,55226.0
2022-01-01,Région,RSS99,Ensemble du Québec,7,8,195,7174772,6570050,1381387,210,15130517,84.548172428,77.633324431,78.584364965,7.0,7.0,7255542.0,6662141.0,56446.0
2022-01-02,Région,RSS99,Ensemble du Québec,737,740,14711,7175509,6570790,1396098,16242,15146759,84.55672566300001,77.642029154,78.592766713,734.0,747.0,7256276.0,6662888.0,57276.0
2022-01-03,Région,RSS99,Ensemble du Québec,2242,1864,66654,7177751,6572654,1462752,71010,15217769,84.582886444,77.663913317,78.61284467600001,2245.0,1878.0,7258521.0,6664766.0,59872.0
2022-01-04,Région,RSS99,Ensemble du Québec,2789,1883,91669,7180540,6574537,1554421,96656,15314425,84.615386408,77.685948969,78.632503133,2789.0,1891.0,7261310.0,6666657.0,70605.0
2022-01-05,Région,RSS99,Ensemble du Québec,3390,2557,93667,7183930,6577094,1648088,99965,15414390,84.65462175399999,77.715850334,78.659071767,3367.0,2566.0,7264677.0,6669223.0,81608.0
2022-01-06,Région,RSS99,Ensemble du Québec,3229,3144,97691,7187159,6580238,1745779,104431,15518821,84.69217908,77.75268518,78.693016691,3223.0,3161.0,7267900.0,6672384.0,88872.0
2022-01-07,Région,RSS99,Ensemble du Québec,3754,2592,98944,7190913,6582830,1844723,105720,15624541,84.73590079600001,77.782936132,78.72024954,3752.0,2596.0,7271652.0,6674980.0,93384.0
2022-01-08,Région,RSS99,Ensemble du Québec,4282,2302,70349,7195195,6585132,1915072,77230,15701771,84.785682024,77.809807741,78.746841479,4272.0,2306.0,7275924.0,6677286.0,95750.0
2022-01-09,Région,RSS99,Ensemble du Québec,2514,1434,62920,7197709,6586566,1977992,67090,15768861,84.814942479,77.826564624,78.762689436,2511.0,1438.0,7278435.0,6678724.0,98506.0
2022-01-10,Région,RSS99,Ensemble du Québec,2661,1883,97588,7200370,6588449,2075580,102593,15871454,84.845939217,77.848588623,78.78189343,2660.0,1890.0,7281095.0,6680614.0,100407.0
2022-01-11,Région,RSS99,Ensemble du Québec,3030,2005,107755,7203400,6590454,2183335,113224,15984678,84.88111935,77.872115847,78.801866516,3019.0,2019.0,7284114.0,6682633.0,102172.0
2022-01-12,Région,RSS99,Ensemble du Québec,4733,2716,111242,7208133,6593170,2294577,119254,16103932,84.936249264,77.903765148,78.831208542,4731.0,2716.0,7288845.0,6685349.0,103673.0
2022-01-13,Région,RSS99,Ensemble du Québec,4305,3255,109589,7212438,6596425,2404166,117738,16221670,84.986275203,77.941637103,78.866132311,4293.0,3250.0,7293138.0,6688599.0,105529.0
2022-01-14,Région,RSS99,Ensemble du Québec,5093,3783,108586,7217531,6600208,2512752,118073,16339743,85.045483635,77.985696753,78.908350801,5081.0,3781.0,7298219.0,6692380.0,103857.0
2022-01-15,Région,RSS99,Ensemble du Québec,6450,3835,77063,7223981,6604043,2589815,87742,16427485,85.120574983,78.030455577,78.953156237,6444.0,3841.0,7304663.0,6696221.0,104103.0
2022-01-16,Région,RSS99,Ensemble du Québec,3345,2431,73996,7227326,6606474,2663811,80078,16507563,85.15949569899999,78.05886537,78.980552227,3340.0,2438.0,7308003.0,6698659.0,102551.0
2022-01-17,Région,RSS99,Ensemble du Québec,2268,1971,86186,7229594,6608445,2749997,90892,16598455,85.18581962100001,78.081938131,79.000536966,2259.0,1980.0,7310262.0,6700639.0,101622.0
2022-01-18,Région,RSS99,Ensemble du Québec,3120,2567,108331,7232714,6611012,2858328,114942,16713397,85.222130087,78.111909413,79.027198822,3116.0,2572.0,7313378.0,6703211.0,99840.0
2022-01-19,Région,RSS99,Ensemble du Québec,3402,6581,97267,7236116,6617593,2955595,108390,16821787,85.261761631,78.189179854,79.10106661399999,3401.0,6631.0,7316779.0,6709842.0,98536.0
2022-01-20,Région,RSS99,Ensemble du Québec,3492,8126,98505,7239608,6625719,3054100,111237,16933024,85.302441937,78.283824783,79.190968809,3491.0,8122.0,7320270.0,6717964.0,96206.0
2022-01-21,Région,RSS99,Ensemble du Québec,3363,11879,89550,7242971,6637598,3143650,105596,17038620,85.341525795,78.422168122,79.32327594,3354.0,11872.0,7323624.0,6729836.0,95226.0
2022-01-22,Région,RSS99,Ensemble du Québec,3828,18502,55767,7246799,6656100,3199417,78617,17117237,85.38608652,78.637490579,79.53343615899999,3824.0,18478.0,7327448.0,6748314.0,90523.0
2022-01-23,Région,RSS99,Ensemble du Québec,2060,14530,46745,7248859,6670630,3246162,63771,17181008,85.410068207,78.80677239100001,79.69654192899999,2058.0,14527.0,7329506.0,6762841.0,86518.0
2022-01-24,Région,RSS99,Ensemble du Québec,2405,9133,71601,7251264,6679763,3317763,84030,17265038,85.437965272,78.91327998199999,79.79701331300001,2394.0,9140.0,7331900.0,6771981.0,81592.0
2022-01-25,Région,RSS99,Ensemble du Québec,2400,9897,68845,7253664,6689660,3386608,82020,17347058,85.465815725,79.028702048,79.907471239,2390.0,9905.0,7334290.0,6781886.0,77981.0
2022-01-26,Région,RSS99,Ensemble du Québec,2776,12301,64268,7256440,6701961,3450876,80358,17427416,85.498059324,79.17203283100001,80.043577219,2767.0,12300.0,7337057.0,6794186.0,75134.0
2022-01-27,Région,RSS99,Ensemble du Québec,2891,11201,61796,7259331,6713162,3512672,76752,17504168,85.531666315,79.302452192,80.168787729,2884.0,11192.0,7339941.0,6805378.0,72033.0
2022-01-28,Région,RSS99,Ensemble du Québec,2953,12827,63874,7262284,6725989,3576546,80317,17584485,85.566007438,79.45197067,80.312864299,2947.0,12831.0,7342888.0,6818209.0,
2022-01-29,Région,RSS99,Ensemble du Québec,2848,18961,36476,7265132,6744950,3613022,58691,17643176,85.599066742,79.672839912,80.526951548,2837.0,18954.0,7345725.0,6837163.0,
2022-01-30,Région,RSS99,Ensemble du Québec,1652,11719,28345,7266784,6756669,3641367,42063,17685239,85.618270736,79.809470273,80.660657028,1648.0,11725.0,7347373.0,6848888.0,
