Date,Cumul des personnes avec des analyses négatives,Cumul de cas confirmés,Nouveaux cas,Nombre cumulatif de décès,Nouveaux décès,Hospitalisations,Soins intensifs,Personnes testées,Cas actifs,Tests (Volumétrie),Hospitalisations (nouvelle méthode),,01,02,03,04,05,06,07,08,09,10,11,12,13,14,15,16,17,18,,CHSLD,RPA,Domicile,Autres - Inconnu,,Montréal et Laval,Régions à proximité,Autres régions,,Cas Labo,Cas Lien Épi,Cas Total,Cumul Labo,Cumul Épi,NV CHSLD,NV RPA,NV Dom,NV Autres,Moy mobile Décès,Inc Hors-SI,Inc SI,Moy. mobile (cas),Analyses nég (Nouv.),Cas labo (Nouv.),Cas labo (ancien)
27/02/2020,91,1,,,,0,,92,1,,,,0,0,0,0,0,0,0,0,0,0,0,0,0,0,0,0,0,0,,,,,,,0,0,0,,0,0,0,0,0,,,,,,,,,,,0
28/02/2020,104,1,0,,0,0,,105,1,,,,0,0,0.1323698573,0,0,0,0,0,0,0,0,0,0,0,0,0,0,0,,,,,,,0,0,0.0219437367,,1,0,1,1,0,,,,,,,,,,,1
29/02/2020,138,1,0,,0,0,,139,1,,,,0,0,0.1323698573,0,0,0,0,0,0,0,0,0,0,0,0,0,0,0,,,,,,,0,0,0.0219437367,,0,0,0,1,0,,,,,,,,,,,1
01/03/2020,189,1,0,,0,0,,190,1,,,,0,0,0.1323698573,0,0,0.04841074777,0,0,0,0,0,0,0,0,0,0,0,0,,,,,,,0.03986601829,0,0.0219437367,,0,1,1,1,1,,,,,,,,1.3,,,1
02/03/2020,203,1,0,,0,0,,204,1,,,,0,0,0.1323698573,0,0,0.1452322433,0,0,0,0,1.111135803,0,0,0,0,0,0,0,,,,,,,0.1195980549,0,0.0438874734,,3,0,3,4,1,,,,,,,,1.4,,,4
03/03/2020,203,1,0,,0,0,,204,1,,,,0,0,0.1323698573,0,0,0.1452322433,0,0,0,0,1.111135803,0,0,0,0.1594977734,0.06979579843,0,0,,,,,,,0.1195980549,0,0.08777494679,,2,0,2,6,1,,,,,,,,1.6,,,6
04/03/2020,242,2,1,,0,0,,244,2,,,,0,0,0.1323698573,0,0,0.1452322433,0,0,0,0,1.111135803,0,0,0,0.1594977734,0.2093873953,0,0,,,,,,,0.1195980549,0,0.1316624202,,2,0,2,8,1,,,,,,,,1.6,,,8
05/03/2020,260,3,1,,0,0,,263,3,,,,0,0,0.1323698573,0,0,0.1452322433,0,0,0,0,1.111135803,0,0,0,0.1594977734,0.2791831937,0,0,,,,,,,0.1195980549,0.06786277062,0.1316624202,,1,0,1,9,1,,,,,,,,1.6,,,9
06/03/2020,303,3,0,,0,0,,306,3,,,,0,0,0.1323698573,0,0,0.1452322433,0,0,0,0,1.111135803,0,0,0,0.3189955468,0.3489789922,0,0,,,,,,,0.1195980549,0.1357255412,0.1536061569,,2,0,2,11,1,,,,,,,,1.3,,,11
07/03/2020,340,4,1,,0,0,,344,4,,,,0,0,0.1323698573,0,0,0.1452322433,0,0,0,0,1.111135803,0,0,0,0.3189955468,0.3489789922,0,0,,,,,,,0.1195980549,0.1357255412,0.1536061569,,0,0,0,11,1,,,,,,,,1.3,,,11
08/03/2020,376,4,0,,0,0,,380,4,353,,,0,0,0.1323698573,0,0,0.1936429911,0,0,0,0,1.111135803,0,0,0,0.3189955468,0.3489789922,0,0,,,,,,,0.1594640731,0.1357255412,0.1536061569,,1,0,1,12,1,,,,,,,,2.4,,,12
09/03/2020,465,5,1,,0,0,,470,5,68,,,0,0,0.1323698573,0,0,0.2420537388,0,0,0,0,1.111135803,0,0,0,0.3189955468,0.3489789922,0,0,,,,,,,0.1993300914,0.1357255412,0.1536061569,,1,0,1,13,1,,,,,,,,3.1,,,13
10/03/2020,570,8,3,,0,0,,578,8,145,,,0,0,0.1323698573,0,0,0.3388752344,0,0,0,0,1.111135803,0,0,0,0.3189955468,0.3489789922,0,0,,,,,,,0.279062128,0.1357255412,0.1536061569,,1,1,2,14,2,,,,,,,,3.4,,,14
11/03/2020,798,13,5,,0,0,,811,13,225,,,0,0,0.1323698573,0.191445818,0.2027727141,0.4841074777,0,0,0,0,1.111135803,0.2323911422,0,0,0.4784933202,0.5583663875,0,0,,,,,,,0.3986601829,0.2714510825,0.2633248404,,10,0,10,24,2,,,,,,,,6.1,,,24
12/03/2020,1079,17,4,,0,0,,1096,17,377,,,0,0,0.1323698573,0.191445818,0.4055454282,0.629339721,0,0,0,0,1.111135803,0.2323911422,0,0,0.6379910936,0.6281621859,0,0,,,,,,,0.5182582377,0.3393138531,0.3072123138,,6,0,6,30,2,,,,,,,,7.9,,,30
13/03/2020,1399,24,7,,0,0,,1423,24,287,,,0,0,0.1323698573,0.191445818,0.4055454282,0.7261612165,0,0,0,0,1.111135803,0.2323911422,0,0.1922736747,0.6379910936,0.6979579843,0,0,,,,,,,0.5979902743,0.4750393943,0.3072123138,,4,0,4,34,2,,,,,,,,10.1,,,34
14/03/2020,2270,39,15,,0,0,,2309,14,695,,,0,0,0.3971095718,0.7657832718,0.6083181423,0.9682149553,0,0,0,7.375719133,1.111135803,0.2323911422,0,0.1922736747,1.116484414,0.9771411781,0,0,,,,,,,0.7973203657,0.6107649356,0.5705371541,,19,0,19,53,2,,,,,,,,16.1,,,53
15/03/2020,3079,50,11,0,0,2,0,3129,21,811,,,0.5074236074,0,0.7942191436,0.7657832718,0.6083181423,1.258679442,0,0,0,7.375719133,1.111135803,0.6971734265,0,0.3845473493,1.116484414,0.9771411781,0,0,,0,0,0,0,,1.036516475,0.6786277062,0.7021995743,,13,0,13,66,2,0,0,0,0,,,,20.6,,,66
16/03/2020,4778,74,24,0,0,5,0,4852,41,1157,,,0.5074236074,0,0.7942191436,0.7657832718,1.01386357,1.500733181,0,0,0,7.375719133,1.111135803,0.9295645687,0,0.576821024,1.435479961,1.395915969,0,0,,0,0,0,0,,1.235846567,1.153667101,0.8119182578,,17,0,17,83,2,0,0,0,0,,,,30.4,,,83
17/03/2020,5213,94,20,0,0,2,4,5307,58,1459,,,0.5074236074,0,1.191328715,0.7657832718,4.663772424,1.839608415,0.4987133196,0,0,7.375719133,1.111135803,2.323911422,0,1.345915723,1.754475508,1.465711767,0,0,,0,1,0,0,,1.514908695,1.628706495,1.448286622,,44,0,44,127,2,0,1,0,0,.,,,48.4,,,127
18/03/2020,6331,121,27,1,1,3,4,6452,82,2246,,,1.522270822,0,1.853178002,0.7657832718,6.083181423,2.130072902,0.9974266393,0.6774333406,0,7.375719133,1.111135803,2.323911422,1.129318231,3.268652469,2.073471054,1.535507566,0,0,,1,2,0,0,,1.953434896,2.443059742,1.843273883,,40,1,41,167,3,1,1,0,0,.,,,72.1,,,167
19/03/2020,7666,139,18,1,0,4,6,7805,98,3597,,,1.522270822,0.3601890272,2.250287574,0.9572290898,10.54418113,3.872859821,0.9974266393,0.6774333406,0,7.375719133,1.111135803,2.323911422,2.258636461,3.653199818,2.073471054,1.884486558,0,0,,1,2,0,0,,3.587941646,2.714510825,2.501585984,,74,1,75,241,4,0,0,0,0,.,,,104.4,,,241
20/03/2020,9242,181,42,4,3,9,10,9423,136,3990,,,1.522270822,0.7203780544,3.044506717,1.340120726,13.38299913,6.244986462,1.994853279,0.6774333406,0,7.375719133,2.222271606,3.950649417,3.613818338,5.575936565,4.625435429,2.861627736,0,0,,1,3,0,0,,5.780572651,4.886119485,3.445166662,,122,8,130,363,12,0,1,0,0,1.1,,,151.3,,,363
21/03/2020,9786,219,38,4,0,11,13,10005,170,3995,,,1.522270822,0.7203780544,5.162424433,2.105903998,15.20795356,10.69877526,2.742923258,0.6774333406,1.110703853,7.375719133,3.333407409,4.647822844,5.646591153,7.498673312,5.582422069,5.025297487,0,0,,1,4,0,0,,9.807040498,6.922002603,4.630128443,,183,2,185,546,14,0,1,0,0,1.3,,,183.6,,,546
22/03/2020,11211,628,409,4,0,25,20,11839,572,4434,,,2.02969443,1.440756109,8.471670865,3.637470541,23.31886212,14.95892106,3.241636578,1.354866681,1.110703853,7.375719133,3.333407409,6.274560839,8.808682199,10.38277843,7.815390897,6.560805053,0,0,,1,4,0,0,,13.87337436,9.365062346,6.84644585,,238,1,239,784,15,0,0,0,0,2.1,,,230.6,,,784
23/03/2020,12202,1013,385,4,0,36,31,13215,949,3952,,,2.02969443,2.161134163,12.17802687,6.700603629,32.24086154,21.39755051,3.740349897,2.032300022,1.110703853,7.375719133,10.00022223,8.598472261,15.58459158,14.4205256,9.091373084,9.631820184,0,0,,2,4,2,0,,20.37153534,12.35102425,9.874681514,,339,6,345,1123,21,1,0,2,0,3.3,,,272.9,,,1123
24/03/2020,26634,1339,326,6,2,43,35,27973,1259,4024,,,3.044541644,3.601890272,14.42831444,7.849278536,35.48522497,28.41710894,3.989706557,2.032300022,2.221407706,7.375719133,10.00022223,10.4576014,21.45704638,16.53553602,10.36735527,11.37671514,0,0,,3,4,3,0,,27.18862447,14.38690737,11.38879935,,260,10,270,1383,31,1,0,1,0,3.7,,,319,,,1383
25/03/2020,31854,1629,290,8,2,63,43,33483,1513,5394,,,3.044541644,5.042646381,15.88438287,10.33807417,43.1905881,37.51832952,4.737776537,5.419466724,7.774926971,7.375719133,10.00022223,12.78151282,28.68468306,21.15010421,12.12183078,13.1914059,0,0,,7,7,3,1,,35.95914849,17.50859482,13.67094796,,363,7,370,1746,38,4,3,0,1,5.4,,,352.6,,,1746
26/03/2020,32335,2021,392,18,10,91,50,34356,1870,5299,,,3.551965252,7.203780544,17.3404513,12.44397817,50.28763309,46.42590711,4.987133196,11.51636679,11.10703853,7.375719133,10.00022223,16.73216224,34.55713786,23.84193566,14.9927907,15.56446305,0,5.439216753,,9,9,7,1,,44.33101233,20.35883119,16.28225263,,366,5,371,2112,43,2,2,4,0,6.9,,,400.3,,,2112
27/03/2020,43589,2498,477,22,4,107,57,46087,2297,6119,,,4.059388859,7.203780544,19.98784845,15.89000289,56.1680418,58.18971882,7.480699795,16.93583351,14.43915009,7.375719133,12.22249383,19.05607366,42.46236547,27.68740915,18.98023504,17.51874541,7.012622721,5.439216753,,11,10,8,1,,55.41376542,23.95555803,18.95938851,,450,3,453,2562,46,2,1,1,0,8.3,,,434,,,2562
28/03/2020,49364,2840,342,22,0,120,72,52204,2579,5773,,,4.059388859,7.203780544,22.50287574,18.95313598,64.6844958,67.92027912,7.979413114,18.96813354,19.99266935,7.375719133,12.22249383,20.21802937,51.49691131,33.26334572,20.73471054,20.79914793,7.012622721,5.439216753,,20,12,10,1,,65.02147582,27.68801041,21.68041186,,412,8,420,2974,54,9,2,2,0,10.3,,,500.3,,,2974
29/03/2020,56285,3430,590,25,3,157,78,59715,3123,6856,,,5.581659681,9.364914707,26.07686188,27.7596436,71.57876807,80.60389503,11.47040635,21.00043356,26.65689247,7.375719133,18.88930865,21.61237622,61.43491174,41.53111373,27.27411925,22.96281768,14.02524544,5.439216753,,26,13,13,1,,77.22047742,33.727797,25.58639699,,558,15,573,3532,69,6,1,3,0,11.3,,,547.7,,,3532
30/03/2020,63378,4162,732,31,6,204,82,67540,3775,7511,,,7.611354111,11.16585984,29.51847817,35.80036796,75.22867693,93.48115394,16.20818289,24.38760026,33.32111559,14.75143827,23.33385186,26.26019907,71.37291217,49.22206071,32.69704355,26.10362861,14.02524544,16.31765026,,34,14,17,1,,89.57894309,39.69972081,29.60210081,,537,44,581,4069,113,8,1,4,0,13.4,,,620.7,,,4069
31/03/2020,65205,4611,449,33,2,225,82,69711,4121,7569,,,9.133624933,16.56869525,33.35720403,42.50097159,81.92017649,109.5535222,18.20303617,27.77476696,38.87463486,14.75143827,24.44498767,29.97845734,91.47477668,59.41256547,38.75795894,31.1289261,14.02524544,16.31765026,,46,14,19,3,,106.3625368,47.30035112,34.01279188,,684,50,734,4753,163,12,0,2,2,17.9,,,667,,,4753
01/04/2020,69146,5518,907,36,3,269,96,74542,4893,6493,,,9.64104854,18.36964039,38.51962846,56.66796212,90.23385777,124.3188003,20.69660276,32.51680035,45.53885797,14.75143827,44.44543212,30.67563077,104.8007318,64.02713366,43.70238991,36.64279418,14.02524544,16.31765026,,59,15,20,3,,120.8737674,52.66151,39.69621969,,646,56,702,5399,219,13,1,1,0,22.6,,,722.7,,,5399
02/04/2020,77618,6101,583,61,25,334,107,83570,5311,7182,,,13.7004374,21.61134163,41.03465575,67.58037374,96.31703919,144.1672068,21.94338606,41.32343377,55.53519265,14.75143827,48.88997533,31.14041305,128.5164146,73.44854372,52.63426523,43.69216982,42.07573633,16.31765026,,75,18,23,4,,141.4047669,62.90878836,44.41412308,,808,74,882,6207,293,16,3,3,1,27.9,,,732.4,,,6207
03/04/2020,83454,6997,896,75,14,348,130,90227,5990,7743,,,13.7004374,24.49285385,44.34390218,78.68423118,103.8196296,161.1593793,23.43952602,53.5172339,58.86730421,14.75143827,51.11224694,33.23193333,141.3906425,82.86995378,59.81166503,51.29991185,42.07573633,16.31765026,,97,25,28,5,,157.6701023,73.2239295,49.17591394,,694,83,777,6901,376,22,7,5,1,33.4,,,775.9,,,6901
04/04/2020,88308,7944,947,94,19,371,154,95955,6624,4990,,,14.71528461,31.69663439,46.06471033,90.5538719,111.5249928,177.6674443,30.67086916,56.22696727,68.86363889,14.75143827,64.44587658,35.55584475,152.9096884,91.32999546,66.51057151,60.37336564,56.10098177,21.75686701,,127,35,31,8,,173.2975815,81.91036414,55.53959758,,697,113,810,7598,489,30,10,3,3,38.9,,,784.4,,,7598
05/04/2020,91965,8580,636,121,27,369,164,100113,6913,3978,,,14.71528461,37.0994698,47.52077876,97.63736716,114.161038,190.3026495,33.16443576,65.71103403,79.97067742,14.75143827,72.2238272,36.48540932,182.4978261,98.05957408,69.22203366,65.67784633,56.10098177,21.75686701,,160,43,35,10,,188.9250607,88.22160181,58.96282051,,555,86,641,8153,575,33,8,4,2,45.4,,,783,,,8153
06/04/2020,95681,9340,760,150,29,419,164,104526,7289,4805,,,15.73013183,39.98098202,50.43291562,109.3155621,117.6081742,212.4747719,34.41121905,71.8079341,83.30278898,14.75143827,78.89064201,41.59801445,201.9220996,114.0182891,72.89048245,71.1219186,63.11360449,27.19608376,,202,49,38,11,,210.6121746,96.90803645,63.63683642,,794,91,885,8947,666,42,6,3,1,51.6,79,20,764.4,,,8947
07/04/2020,99780,10031,691,175,25,451,181,109270,7573,5394,,,16.74497904,44.30325035,52.81557305,114.676045,123.0830375,232.9525183,34.90993237,74.51766746,87.74560439,14.75143827,88.89086424,46.01344615,217.2808276,125.7469832,78.15390897,76.91496987,63.11360449,27.19608376,,246,55,41,12,,230.1863896,105.1872945,67.58670903,,717,77,794,9664,743,44,6,3,1,56.1,98,19,744.9,,,9664
08/04/2020,103074,10912,881,216,41,483,196,113365,7861,4968,,,16.74497904,45.38381743,54.66875105,121.5680944,127.1384917,251.2033702,36.40607233,84.67916757,93.29912365,14.75143827,92.22427165,47.64018415,231.2843736,136.8988564,84.05532659,80.334964,63.11360449,27.19608376,,292,62,49,12,,247.6875716,112.720062,70.70271964,,604,88,692,10268,831,46,7,8,0,59.6,89,25,724.6,,,10268
09/04/2020,107266,11677,765,241,25,547,186,118217,8134,5508,,,17.25240265,50.78665284,56.52192905,126.7371315,131.8022642,268.2439534,38.15156895,88.06633427,102.1847545,36.87859566,97.77995067,51.12605128,253.4190109,145.5511717,89.47825088,87.24474804,70.12622721,27.19608376,,341,67,58,15,,265.6272798,121.2029083,74.58676104,,650,102,752,10918,933,49,5,9,3,66,92,26,746.7,,,10918
10/04/2020,111651,12292,615,289,48,612,146,123115,8122,5267,,,17.25240265,52.22740894,57.97799748,136.3094224,139.1020819,283.1060529,40.64513555,89.42120095,104.4061622,36.87859566,103.3356297,53.91474499,266.7449661,153.8189397,92.50870858,92.82841192,70.12622721,27.19608376,,390,79,63,16,,280.2182425,128.0570482,78.38302749,,554,86,640,11472,1019,49,12,5,1,71.4,86,22,758.4,,,11472
11/04/2020,114811,12846,554,328,39,634,156,126771,8089,6923,,,17.25240265,54.74873213,59.30169605,143.9672551,141.7381272,295.7896689,43.13870215,91.45350098,106.6275699,36.87859566,108.8913087,57.63300326,290.4606489,166.1244549,98.25062842,99.38921697,77.13884993,27.19608376,,444,88,65,21,,294.8490712,138.7793659,81.52098183,,589,79,668,12061,1098,54,9,2,5,76.7,81,16,782.9,,,12061
12/04/2020,118979,13557,711,360,32,664,166,131570,8259,6230,,,17.25240265,58.35062241,65.92018892,150.6678587,145.388036,311.8136264,44.63484211,92.13093432,106.6275699,51.63003393,111.1135803,63.21039067,311.0142407,176.8917807,103.6735527,108.8814456,77.13884993,27.19608376,,515,101,70,24,,311.672531,150.9946646,85.77806675,,713,83,796,12774,1181,71,13,5,3,82.4,88,11,842.4,,,12774
13/04/2020,124295,14248,691,435,75,730,161,137451,8201,7016,,,17.25240265,61.23213462,67.64099706,159.4743664,145.9963541,338.1490732,45.13355543,92.13093432,107.7382737,51.63003393,112.2247161,65.76669324,338.7954692,191.1200326,111.3294458,115.302659,84.15147265,27.19608376,,576,116,81,27,,338.2631652,161.7169824,88.89407736,,868,99,967,13642,1280,61,15,11,3,86.7,75,18,873.6,,,13642
14/04/2020,129498,14860,612,487,52,737,190,143174,7986,7174,,,17.25240265,66.63497003,70.15602435,164.2605118,152.0795356,360.9021246,47.37776537,92.80836766,111.0703853,51.63003393,116.6692593,66.92864895,365.2215158,211.8855895,114.8383969,124.8646834,84.15147265,27.19608376,,639,133,90,29,,361.6645179,175.2895365,92.8000625,,834,131,965,14476,1411,63,17,9,2,89,116,13,929.1,,,14476
15/04/2020,134011,15857,997,609,122,788,187,148571,8111,6562,,,17.25240265,72.75818349,73.46527078,169.2381031,154.3100354,390.8199667,47.87647868,93.485801,116.6239046,51.63003393,116.6692593,67.39343123,398.875199,227.2674834,121.5373033,133.9381372,91.16409537,27.19608376,,709,148,103,32,,392.2417539,188.3191885,96.091623,,871,238,1109,15347,1649,70,15,13,3,92.6,116,19,928.7,,,15347
16/04/2020,138322,16798,941,688,79,822,196,153722,8294,6707,,,17.25240265,75.27950669,75.71555836,174.2156943,156.5405353,414.8801084,50.37004528,95.51810102,118.8453123,51.63003393,121.1138025,70.41451608,423.7202001,246.1103036,125.6842454,144.1283238,91.16409537,27.19608376,,785,162,108,33,,416.440427,202.7739586,99.38318351,,851,119,970,16198,1768,76,14,5,1,97.3,98,20,932.9,,,16198
17/04/2020,142715,17521,723,805,117,879,193,158770,8214,6363,,,17.25240265,78.88139696,77.70110621,181.1077438,158.9738078,442.6194668,51.61682858,96.19553436,121.06672,51.63003393,134.4474322,73.43560093,455.1152469,257.069903,130.947672,152.5038196,91.16409537,27.19608376,,843,174,116,38,,444.825032,212.6819231,103.1136187,,860,169,1029,17058,1937,58,12,8,5,99.7,116,7,925,,,17058
18/04/2020,146771,18357,836,877,72,917,183,163548,8409,5898,,,17.25240265,82.48328723,80.08376365,183.5965394,159.3793533,458.5950136,52.36489856,96.8729677,121.06672,51.63003393,143.3365186,76.22429463,474.9912478,267.8372288,135.8921029,158.9948288,91.16409537,27.19608376,,918,186,123,39,,461.4890277,222.1148482,105.4835423,,551,114,665,17609,2051,75,12,7,1,103,93,24,902.7,,,17609
19/04/2020,150290,19319,962,939,62,970,198,167801,8772,5379,,,17.25240265,86.0851775,81.27509236,188.9570223,160.5959896,479.6052781,53.3623252,98.22783438,122.1774238,51.63003393,154.4478766,77.1538592,492.8344758,278.7968283,139.401054,170.022565,98.17671809,27.19608376,,1017,204,129,41,,481.9402951,234.330147,108.3801156,,728,97,825,18337,2148,99,18,6,2,105.6,87,18,872,,,18337
20/04/2020,153283,20126,807,1041,102,1022,201,171520,8830,6336,,,17.25240265,88.60650069,83.39301008,196.0405176,161.4070804,503.03608,54.11039518,98.90526772,123.2881277,51.63003393,155.5590124,79.01298834,517.4536133,293.2173539,145.6214671,178.8866314,98.17671809,27.19608376,,1105,216,133,44,,505.5808439,247.0204851,111.2766888,,753,159,912,19090,2307,88,12,4,3,108.6,96,18,863,,,19090
21/04/2020,157087,20965,839,1134,93,1077,199,176048,9016,5963,,,17.25240265,90.0472568,85.11381822,199.869434,162.2181713,525.4018455,55.60653514,98.90526772,124.3988315,51.63003393,165.5592346,80.17494405,537.3296141,306.6765111,152.4798714,184.7494785,98.17671809,27.19608376,,1198,230,137,47,,527.507154,257.2677634,113.6466124,,693,116,809,19783,2423,93,14,4,3,112.9,141,20,839.1,,,19783
22/04/2020,161148,21838,873,1243,109,1203,207,180833,9165,8598,,,17.25240265,92.92876902,87.76121537,205.9957001,163.6375803,551.4468278,57.1026751,99.58270106,124.3988315,51.63003393,166.6703705,81.10450862,555.3987058,319.1742999,156.6268135,192.0780373,98.17671809,27.19608376,,1283,246,151,51,,552.1443533,266.7685513,116.6090168,,750,144,894,20533,2567,85,16,14,4,116.6,109,21,852.6,,,20533
23/04/2020,165302,22616,778,1340,97,1233,227,185632,9296,6600,,,17.25240265,94.0093361,90.93809194,211.9305205,163.840353,576.9592919,59.34688504,100.9375677,125.5095354,51.63003393,171.1149137,82.49885547,575.5005703,334.9407413,165.8776843,196.9637432,98.17671809,27.19608376,,1370,261,158,59,,576.7018205,278.7802617,119.1106028,,753,154,907,21286,2721,87,15,7,8,115.1,89,19,822.6,,,21286
24/04/2020,170211,23267,651,1446,106,1297,208,190765,9244,7630,,,17.25240265,95.08990318,92.52653023,215.567991,164.8542166,601.0678443,60.09495502,100.9375677,125.5095354,51.63003393,175.5594569,83.42842004,592.8920711,352.822193,172.2575953,204.1527104,98.17671809,27.19608376,,1456,274,169,62,,599.624781,291.4705998,121.2830327,,727,135,862,22013,2856,86,13,11,3,116,102,17,822.7,,,22013
25/04/2020,174405,24107,840,1515,69,1312,204,195577,9446,6339,,,17.25240265,96.53065929,98.74791352,220.7370281,166.2736256,616.1719976,62.08980829,100.9375677,125.5095354,51.63003393,183.3374075,85.05515804,626.9974816,367.2427186,175.9260441,210.1551491,112.2019635,43.51373402,,1543,296,179,64,,618.0827475,300.9035249,124.7281994,,664,95,759,22677,2951,87,22,10,2,118.7,69,19,839.3,,,22677
26/04/2020,178388,24982,875,1599,84,1328,210,200172,9749,7013,,,17.75982626,97.25103734,102.05716,224.7573903,166.679171,629.8722392,64.33401823,100.9375677,125.5095354,51.63003393,185.5596791,85.51994032,645.7441642,377.4332234,181.1894706,216.9253415,112.2019635,48.95295078,,1630,311,190,66,,632.6737102,310.5400384,127.0542355,,525,90,615,23202,3041,87,15,11,2,123.3,100,15,840.1,,,23202
27/04/2020,182048,25757,775,1682,83,1402,217,204472,9798,6413,,,17.75982626,97.61122637,105.1016667,231.0751023,167.4902618,652.2380047,66.07951485,100.9375677,125.5095354,51.63003393,185.5596791,87.37906946,668.7822562,398.3910539,190.2808437,224.3236962,112.2019635,48.95295078,,1713,329,195,73,,655.1581445,324.4519063,130.1921898,,787,126,913,23989,3167,83,18,5,7,124.4,99,17,854.6,,,23989
28/04/2020,185863,26594,837,1761,79,1423,222,208979,9895,7118,,,17.75982626,98.33160443,108.543283,236.627031,168.5041254,675.2331099,66.57822817,100.9375677,125.5095354,51.63003393,186.6708149,88.77341631,696.337621,413.9652215,198.4152301,233.048171,112.2019635,48.95295078,,1808,349,206,80,,678.9581574,337.6851466,133.1107068,,797,128,925,24786,3295,95,20,11,7,126.6,105,17,883.1,,,24786
29/04/2020,190101,27538,944,1859,98,1464,213,214047,9945,8801,,,17.75982626,100.4927386,112.1172691,242.5618514,170.1263071,700.3582879,69.32115143,100.9375677,125.5095354,51.63003393,187.7819507,89.2381986,716.8912128,424.5402736,204.9546388,240.5861172,112.2019635,48.95295078,,1907,376,223,88,,703.2764286,348.2717388,136.0511675,,778,122,900,25564,3417,99,27,17,8,125.7,99,15,903.6,,,25564
30/04/2020,194468,28648,1110,2022,163,1491,218,219367,10183,8613,,,17.75982626,101.2131166,115.955995,247.7308884,171.1401707,729.0658614,71.56536137,100.9375677,125.5095354,51.63003393,188.8930865,91.09732773,737.6706682,439.1530729,212.2915364,248.961613,112.2019635,48.95295078,,1988,396,238,97,,730.5846511,360.9620769,139.0355157,,893,115,1008,26457,3532,81,20,15,9,123.4,107,11,929.4,,,26457
01/05/2020,199037,29656,1008,2136,114,1509,222,224831,10322,9672,,,17.75982626,103.3742508,119.3976113,251.368359,172.9651251,758.9837035,72.81214467,100.9375677,125.5095354,51.63003393,188.8930865,91.56211002,757.7725327,457.6113457,221.5424073,258.31425,112.2019635,48.95295078,,2078,420,246,103,,758.769926,375.6882982,142.0637514,,943,119,1062,27400,3651,90,24,8,6,123.6,106,19,922.9,,,27400
02/05/2020,202940,31865,2209,2205,69,1532,216,230864,11806,7809,,,17.75982626,104.0946289,122.1773783,256.5373961,173.776216,784.3025246,74.80699795,100.9375677,125.5095354,59.00575306,188.8930865,92.25928345,770.1950333,468.5709451,229.0388026,268.9930072,112.2019635,54.39216753,,2157,445,251,109,,781.8124846,387.3606947,145.3991994,,811,91,902,28211,3742,79,25,5,6,118.1,75,15,918.4,,,28211
03/05/2020,206551,32623,758,2280,75,1548,217,235136,11921,7955,,,17.75982626,106.6159521,125.7513644,262.6636622,174.5873068,801.101054,75.55506792,100.9375677,125.5095354,59.00575306,188.8930865,93.6536303,792.7813979,484.5296601,238.4491712,277.9268694,112.2019635,54.39216753,,2221,464,259,117,,799.6325948,401.1368371,148.6029849,,715,81,796,28926,3823,64,19,8,8,109.7,91,21,938.3,,,28926
04/05/2020,209946,33417,794,2398,118,1599,218,239241,11905,6937,,,17.75982626,106.9761411,128.001652,268.7899284,175.8039431,821.3367466,77.5499212,101.6150011,125.5095354,59.00575306,190.0042223,94.81558601,814.4643079,498.7579121,249.4545176,287.6284853,112.2019635,54.39216753,,2299,483,271,122,,820.1237282,415.1165679,151.8287142,,755,112,867,29681,3935,78,19,12,5,106,88,16,916.1,,,29681
05/05/2020,220604,34327,910,2510,112,1621,213,250654,12058,9117,,,17.75982626,107.3363301,131.3108984,273.7675197,177.4261248,844.0897981,78.29799118,102.2924344,125.5095354,59.00575306,190.0042223,95.04797715,834.1144451,514.3320797,260.1408684,296.2831643,112.2019635,54.39216753,,2359,507,279,125,,842.3291004,428.7569848,154.8130624,,765,129,894,30446,4064,60,24,8,3,100.3,90,17,875.7,,,30446
06/05/2020,228905,35238,911,2631,121,1605,222,259794,12105,9452,,,17.75982626,107.3363301,134.7525147,282.9569189,178.2372157,871.6355135,79.79413114,104.3247344,125.5095354,59.00575306,190.0042223,96.442324,867.993992,525.0994055,270.0297304,303.8909064,112.2019635,54.39216753,,2418,529,282,133,,870.9927675,438.9364004,158.5434976,,912,127,1039,31358,4191,59,22,3,8,97.7,89,11,855.3,,,31358
07/05/2020,234769,36150,912,2725,94,1616,206,266444,12199,10033,,,17.75982626,107.6965191,138.194131,291.1890891,179.2510793,892.3069028,81.53962776,104.3247344,125.5095354,59.00575306,191.1153581,97.60427972,888.3217202,537.789468,278.1641168,313.034156,112.2019635,54.39216753,,2474,555,293,139,,891.603499,450.9481108,162.0325518,,753,100,853,32111,4291,56,26,11,6,96.9,93,12,835.1,,,32111
08/05/2020,244384,36986,836,2786,61,1623,203,276787,12189,10831,,,18.26724987,108.7770862,142.827076,295.9752346,179.8593974,913.2203459,83.03576772,105.6796011,125.5095354,59.00575306,191.1153581,98.53384428,908.197721,544.5190466,288.2124766,318.7574114,112.2019635,54.39216753,,2542,569,298,140,,912.3338285,460.2453103,164.7096877,,690,89,779,32801,4380,68,14,5,1,93.7,67,21,815.7,,,32801
09/05/2020,245302,37721,735,2928,142,1627,198,278389,12095,9042,,,18.77467347,108.7770862,146.0039526,300.9528258,181.4815791,928.3729099,84.28255102,105.6796011,125.5095354,59.00575306,191.1153581,98.76623543,932.8168585,558.1704775,299.6963162,327.7610694,112.2019635,54.39216753,,2598,593,309,146,,929.1572882,473.6821389,167.7598671,,680,79,759,33481,4459,56,24,11,6,92.1,68,11,801.7,,,33481
10/05/2020,250528,38469,748,3013,85,1640,192,284239,12122,8995,,,18.77467347,109.1372752,148.9160894,305.1646338,181.4815791,942.9929558,85.27997766,105.6796011,125.5095354,59.00575306,191.1153581,99.92819114,954.0480412,567.9764349,307.5117071,335.0896283,112.2019635,54.39216753,,2662,610,315,152,,944.9442314,482.0971225,170.7222715,,599,56,655,34080,4515,64,17,6,6,87.6,67,15,764.7,,,34080
11/05/2020,256518,39225,756,3131,118,1650,184,290888,11707,8981,,,19.28209708,109.8576533,151.0340071,309.3764418,182.29267,960.8081109,87.77354426,106.3570345,126.6202392,59.00575306,191.1153581,100.6253646,967.59986,583.5506026,317.5600669,341.9994123,112.2019635,54.39216753,,2721,628,324,158,,962.0068873,493.8373818,173.5749573,,626,105,731,34706,4620,59,18,9,6,85.6,80,12,743.4,,,34706
12/05/2020,261569,39931,706,3220,89,1672,194,296528,11499,11302,,,20.2969443,110.2178423,153.4166646,313.0139124,182.6982154,981.3826787,89.26968421,107.0344678,126.6202392,59.00575306,192.2264939,101.0901468,982.9585879,594.1256547,328.724911,350.7238871,112.2019635,54.39216753,,2771,648,331,165,,981.6608343,505.6455039,176.3837556,,668,128,796,35374,4748,50,20,7,7,85.7,74,13,745,,,35374
13/05/2020,267311,40724,793,3351,131,1639,190,302929,11350,11363,,,20.2969443,110.9382204,155.5345823,319.714516,183.1037608,1000.408103,90.76582417,107.7119011,126.6202392,59.00575306,193.3376297,102.4844937,1002.156998,607.2002646,338.613773,357.9128544,112.2019635,54.39216753,,2813,659,335,168,,1000.716791,517.3179004,179.2364413,,685,95,780,36059,4843,42,11,4,3,83,69,17,736.3,,,36059
14/05/2020,274630,41420,696,3401,50,1627,191,310868,11046,13169,,,21.31179151,111.2984094,157.2553904,324.1177698,183.712079,1017.545507,91.26453749,109.0667678,126.6202392,59.00575306,193.3376297,103.4140583,1017.967453,619.8903271,346.2696661,365.9393712,112.2019635,54.39216753,,2871,678,342,169,,1017.619983,527.8366299,181.9574647,,632,72,704,36691,4915,58,19,7,1,79,58,13,747.3,,,36691
15/05/2020,282551,42183,763,3483,82,1603,185,319472,10951,12054,,,21.81921512,111.2984094,160.0351574,330.0525902,184.3203971,1034.440858,95.50360071,109.0667678,126.6202392,59.00575306,193.3376297,104.3436228,1042.360727,637.0026841,355.2015414,373.6867048,112.2019635,54.39216753,,2931,694,349,175,,1035.838753,540.2555169,185.2490252,,725,65,790,37416,4980,60,16,7,6,75,77,14,738,,,37416
16/05/2020,290192,42920,737,3562,79,1580,182,327782,10947,13435,,,21.81921512,112.0187875,162.8149244,334.0729523,184.3203971,1047.560171,98.24652397,109.7442012,126.6202392,59.00575306,193.3376297,107.1323165,1056.816,653.9227675,367.4828699,382.7601586,112.2019635,54.39216753,,2984,704,357,182,,1049.193869,555.4567775,188.2992046,,624,74,698,38040,5054,53,10,8,7,72,55,15,714.7,,,38040
17/05/2020,296991,43627,707,3596,34,1586,176,335232,10968,10203,,,22.32663872,113.0993545,165.065212,336.7531938,184.3203971,1064.116647,100.4907339,109.7442012,126.6202392,59.00575306,193.3376297,108.9914457,1073.755774,667.5741984,376.2552475,392.2523872,112.2019635,54.39216753,,3025,711,367,189,,1065.817999,567.3327624,191.349384,,640,92,732,38680,5146,41,7,10,7,73.7,61,13,717.6,,,38680
18/05/2020,302358,44197,570,3647,51,1599,178,341102,10713,9582,,,22.32663872,113.8197326,168.771568,340.3906643,184.7259425,1080.092193,106.4752937,109.7442012,126.6202392,59.00575306,193.3376297,111.5477482,1087.75932,677.9569768,382.4756606,398.882988,112.2019635,54.39216753,,3070,720,373,193,,1081.445478,576.5620992,194.3776197,,591,75,666,39271,5221,45,9,6,4,69.4,50,16,719,,,39271
19/05/2020,307437,44775,578,3718,71,,183,346684,10442,11608,1359,,22.83406233,113.8197326,170.0952666,345.9425931,185.9425788,1095.4384,108.470147,109.7442012,126.6202392,59.00575306,194.4487655,111.7801394,1101.085275,686.9938396,388.536576,406.9793007,112.2019635,54.39216753,,3110,733,382,194,,1096.435101,584.7056317,197.3839116,,578,55,633,39849,5276,40,13,9,1,67.1,51,13,692,,,39849
20/05/2020,314247,45495,720,3800,82,,175,354172,10354,12506,1326,,22.83406233,113.8197326,173.404513,349.7715094,187.7675332,1115.141575,112.7092102,109.7442012,126.6202392,59.00575306,196.6710371,112.2449217,1114.862957,700.8375441,398.2659402,415.6339797,112.2019635,54.39216753,,3159,743,387,202,,1115.092397,597.0566559,200.6754721,,728,72,800,40577,5348,49,10,5,8,65,63,9,664.3,,,40577
21/05/2020,321123,46141,646,3865,65,,171,361628,10087,14572,1305,,23.34148594,113.8197326,176.0519102,353.6004258,187.7675332,1133.440837,117.6963434,111.0990679,126.6202392,59.00575306,197.7821729,112.2449217,1131.351003,709.8744068,406.5598244,422.6135595,112.2019635,54.39216753,,3193,755,390,208,,1133.071972,606.2181299,203.4842704,,652,62,714,41229,5410,34,12,3,6,64.9,65,12,637.9,,,41229
22/05/2020,329677,46838,697,3940,75,,167,370820,9993,15375,1282,,23.84890955,114.1799216,179.6258963,357.0464505,187.7675332,1145.640346,118.9431267,111.0990679,126.6202392,59.00575306,198.8933087,112.709704,1144.676959,721.7953747,416.1296908,430.4306889,112.2019635,54.39216753,,3240,768,400,211,,1145.470303,618.1619776,205.9639126,,560,41,601,41789,5451,47,13,10,3,63.9,55,7,615.6,,,41789
23/05/2020,338380,47411,573,3984,44,,170,380061,9855,13533,1262,,23.84890955,114.1799216,183.1998825,359.5352461,187.970306,1156.048657,119.6911967,111.0990679,126.6202392,59.00575306,200.0044445,112.709704,1156.196004,730.2554163,423.4665884,437.5498604,112.2019635,54.39216753,,3290,777,402,213,,1156.074664,627.0520005,208.2899487,,461,43,504,42250,5494,50,9,2,2,64.3,47,14,589,,,42250
24/05/2020,347398,47984,573,4069,85,,179,389618,9789,12121,1244,,23.84890955,114.9002997,188.0975672,360.683921,188.1730787,1166.263324,122.6834766,111.7765012,126.6202392,59.00575306,202.2267161,112.9420951,1169.52196,739.1000054,430.6439882,446.2045394,112.2019635,54.39216753,,3332,789,409,216,,1166.838489,636.2134746,211.4059593,,490,57,547,42740,5551,42,12,7,3,61.7,45,9,548.7,,,42740
25/05/2020,353036,48598,614,4139,70,,181,395775,9550,10112,1220,,24.35633315,114.9002997,191.8039232,363.7470541,188.7813968,1176.042296,125.1770432,111.7765012,126.6202392,59.00575306,202.2267161,113.4068774,1177.201324,747.3677734,437.0238991,455.2779932,112.2019635,54.39216753,,3372,798,414,219,,1176.24687,644.6284581,214.6755761,,469,41,510,43209,5592,40,9,5,3,65,38,13,504.6,,,43209
26/05/2020,358822,49139,541,4228,89,,182,402059,9352,12972,1192,,24.35633315,114.9002997,195.3779093,366.0444039,188.9841695,1187.515643,129.9148198,111.7765012,126.6202392,59.00575306,202.2267161,114.336442,1187.139324,752.7514363,440.6923479,458.9073747,112.2019635,54.39216753,,3418,809,421,221,,1187.449221,648.8359499,216.9577247,,392,55,447,43601,5647,46,11,7,2,63.9,52,6,479.6,,,43601
27/05/2020,365402,49702,563,4302,74,,177,409135,9129,14949,1151,,24.35633315,114.9002997,199.7461146,368.5331996,189.389715,1199.569919,130.9122464,111.7765012,126.6202392,59.00575306,202.2267161,114.5688331,1200.013552,756.9814571,447.8697477,465.3285881,112.2019635,54.39216753,,3451,820,427,225,,1199.648222,655.9615408,219.3057046,,459,59,518,44060,5706,33,11,6,4,60,45,8,464.3,,,44060
28/05/2020,373567,50232,530,4363,61,,171,417796,8918,13868,1089,,24.35633315,115.2604887,202.6582515,372.3621159,189.389715,1208.477497,132.4083864,112.4539345,127.7309431,59.00575306,202.2267161,114.5688331,1210.40328,760.8269306,452.9736765,470.3538856,112.2019635,54.39216753,,3506,833,434,228,,1208.817406,661.4584252,221.3684158,,369,36,405,44429,5742,55,13,7,3,56.4,38,12,427,,,44429
29/05/2020,384289,50651,419,4439,76,,165,428895,8590,13853,1027,,24.35633315,115.2604887,207.5559362,374.2765741,189.5924877,1217.820771,133.405813,112.4539345,127.7309431,59.00575306,204.4489878,114.8012242,1219.663689,766.7874145,459.9915785,474.6812251,112.2019635,54.39216753,,3559,838,440,229,,1218.146055,668.2447023,223.3872396,,397,29,426,44826,5771,53,5,6,1,53.6,42,5,400.1,,,44826
30/05/2020,391792,51059,408,4641,202,,170,436799,8232,12985,1023,,24.35633315,115.2604887,210.3357032,376.9568156,189.9980331,1227.841796,133.405813,113.1313679,127.7309431,59.00575306,204.4489878,115.4983977,1226.665462,772.1710774,467.6474716,477.6126487,112.2019635,54.39216753,,3582,845,445,230,,1227.634167,673.8094495,225.0769073,,379,18,397,45205,5789,23,7,5,1,48.4,31,8,368.6,,,45205
31/05/2020,399497,51354,295,4661,20,,161,444782,7921,9458,1019,,24.35633315,115.6206777,212.1888812,378.6798279,189.9980331,1234.328836,133.405813,113.1313679,127.7309431,59.00575306,204.4489878,115.7307888,1232.08619,776.5933719,473.8678848,480.4044806,112.2019635,54.39216753,,3606,853,450,232,,1233.932998,678.7634317,226.2618691,,258,28,286,45463,5817,24,8,5,2,45.9,32,6,333.6,,,45463
01/06/2020,404814,51593,239,4713,52,,158,450317,7494,9646,1011,,24.35633315,115.6206777,213.9096893,380.7857319,190.4035785,1241.832502,135.1513096,113.8088012,127.7309431,59.00575306,204.4489878,116.1955711,1236.151735,779.4774771,475.4628625,486.4767151,112.2019635,54.39216753,,3636,857,452,233,,1240.829819,682.6316097,228.2587491,,284,38,322,45747,5855,30,4,2,1,36.7,40,8,311,,,45747
02/06/2020,410793,51884,291,4794,81,,155,456561,7116,12444,985,,24.35633315,115.6206777,216.0276071,381.1686236,190.4035785,1246.431523,136.1487363,113.8088012,127.7309431,59.00575306,204.4489878,116.1955711,1240.443144,781.9770348,477.8553291,490.8040546,112.2019635,54.39216753,,3658,861,456,233,,1245.374545,686.6355131,229.4217672,,216,10,226,45963,5865,22,4,4,0,31.6,20,9,285,,,45963
03/06/2020,417256,52143,259,4885,91,,144,463267,6724,12490,932,,24.35633315,115.6206777,218.0131549,383.2745276,190.6063512,1251.901937,136.3980929,113.8088012,127.7309431,59.00575306,205.5601236,116.8927445,1247.896645,784.2843189,483.1187557,494.2938445,112.2019635,54.39216753,,3678,866,464,236,,1251.194984,690.6394166,230.9139413,,247,26,273,46210,5891,20,5,8,3,30,32,7,263.4,,,46210
04/06/2020,424619,52398,255,4935,50,,129,470862,6479,10789,895,,24.35633315,115.6206777,220.1310726,384.2317566,190.6063512,1257.759638,136.6474496,113.8088012,127.7309431,59.00575306,205.5601236,117.3575268,1253.091509,784.86114,486.1492134,498.272205,112.2019635,54.39216753,,3687,869,466,236,,1256.935691,692.6752997,232.5158341,,231,16,247,46441,5907,9,3,2,0,27.6,24,2,248.9,,,46441
05/06/2020,431289,52624,226,4970,35,,127,477737,6080,12657,849,,24.35633315,115.6206777,222.2489903,384.9975399,190.809124,1262.987998,137.3955196,113.8088012,127.7309431,59.00575306,205.5601236,117.5899179,1257.834645,787.168424,489.8176621,502.0411781,112.2019635,54.39216753,,3706,874,469,238,,1262.078407,696.136301,233.8982895,,219,25,244,46660,5932,19,5,3,2,24.6,31,7,219.7,,,46660
06/06/2020,438296,52849,225,4978,8,,126,484972,5876,9576,840,,24.35633315,116.3410558,224.4992779,385.3804316,190.809124,1267.974306,138.1435895,113.8088012,129.9523508,59.00575306,205.5601236,118.0547002,1261.2226,788.8988871,492.6886221,507.0664756,112.2019635,54.39216753,,3725,875,473,239,,1266.782597,700.27593,235.3465761,,221,25,246,46881,5957,19,1,4,1,23.3,25,4,210.6,,,46881
07/06/2020,443016,53047,198,4984,6,,119,489877,5643,6924,857,,24.35633315,116.3410558,225.8229765,385.5718774,190.809124,1271.50829,139.3903728,113.8088012,131.0630547,59.00575306,205.5601236,118.0547002,1266.643327,790.6293502,494.9215909,510.2770823,112.2019635,54.39216753,,3740,880,474,240,,1270.649601,703.4654802,236.2023818,,171,13,184,47052,5970,15,5,1,1,20.3,26,4,196.1,,,47052
08/06/2020,446726,53185,138,5029,45,,117,493724,5321,7995,844,,24.35633315,116.7012448,226.7495655,385.5718774,190.809124,1273.928827,139.8890862,113.8088012,131.0630547,59.00575306,205.5601236,118.2870914,1268.901964,792.3598133,495.8785775,512.5105479,112.2019635,54.39216753,,3751,884,475,240,,1273.041562,705.5013634,236.8168064,,110,8,118,47162,5978,11,4,1,0,21.3,18,6,182,,,47162
09/06/2020,451406,53341,156,5081,52,,117,498550,5001,9676,797,,24.35633315,117.4216229,228.3380038,385.954769,191.4174421,1277.608044,140.1384428,113.8088012,131.0630547,59.00575306,205.5601236,118.2870914,1273.419237,794.0902763,497.4735553,514.3950344,112.2019635,54.39216753,,3764,886,479,242,,1276.8687,707.1979326,237.7164996,,154,8,162,47316,5986,13,2,4,2,19.7,20,6,172.3,,,47316
10/06/2020,456779,53485,144,5105,24,,114,504056,4633,9101,757,,24.35633315,118.1420009,230.0588119,386.1462148,191.8229875,1280.899975,141.3852261,113.8088012,131.0630547,59.00575306,206.6712594,118.2870914,1276.581328,795.8207394,498.7495375,517.7452328,112.2019635,54.39216753,,3774,889,480,243,,1280.137713,710.3874828,238.6381366,,154,18,172,47470,6004,10,3,1,1,18.7,20,3,155,,,47470
11/06/2020,462007,53666,181,5148,43,,107,509452,4352,9493,733,,24.35633315,118.1420009,230.8530311,386.9119981,191.8229875,1283.998263,141.6345828,113.8088012,131.0630547,59.00575306,206.6712594,118.5194825,1279.065828,796.7821078,500.6635107,520.8162479,112.2019635,54.39216753,,3788,891,484,244,,1283.127665,712.6269543,239.5158861,,137,11,148,47607,6015,14,2,4,1,16.9,23,3,142,,,47607
12/06/2020,467270,53824,158,5195,47,,102,514868,4088,9480,686,,24.35633315,118.5021899,232.5738392,387.8692272,192.0257602,1287.532248,142.3826528,113.8088012,131.0630547,59.00575306,206.6712594,118.7518737,1281.324464,797.9357498,504.012964,523.7476714,112.2019635,54.39216753,,3798,895,487,245,,1286.436544,715.0021512,240.7886228,,158,18,176,47765,6033,10,4,3,1,17,26,3,140.7,,,47765
13/06/2020,473169,53952,128,5222,27,,85,520873,3878,7079,684,,24.35633315,118.5021899,232.9709488,388.4435646,192.0257602,1290.727357,142.8813661,113.8088012,131.0630547,59.00575306,206.6712594,118.9842648,1282.453783,799.0893919,505.6079417,525.7717496,112.2019635,54.39216753,,3809,899,489,246,,1289.267031,716.4272694,241.5127661,,108,17,125,47873,6050,11,4,2,1,15.7,14,2,136.1,,,47873
14/06/2020,477179,54054,102,5242,20,,82,524979,3756,5200,689,,24.86375676,118.862379,234.0299076,388.8264563,192.0257602,1292.034447,142.8813661,113.8088012,131.0630547,59.00575306,206.6712594,118.9842648,1283.808965,799.6662129,509.1168927,527.377053,112.2019635,54.39216753,,3813,904,489,246,,1290.58261,718.8024664,242.0613595,,89,4,93,47962,6054,4,5,0,0,14.7,10,2,128.6,,,47962
15/06/2020,480360,54146,92,5269,27,,77,528245,3446,6812,641,,24.86375676,118.862379,234.5593871,389.0179021,192.0257602,1294.697038,142.8813661,114.4862346,131.0630547,59.00575306,206.6712594,118.9842648,1287.196919,801.0121286,511.5093593,528.1448067,112.2019635,54.39216753,,3820,908,495,246,,1293.373231,720.2954474,242.434403,,99,10,109,48061,6064,7,4,6,0,12.9,14,0,127.3,,,48061
16/06/2020,485132,54263,117,5298,29,,72,533133,3240,8889,618,,24.86375676,118.862379,235.2212364,389.4007937,192.0257602,1298.182612,143.3800794,115.1636679,131.0630547,59.00575306,206.6712594,118.9842648,1289.003828,801.5889496,513.5828304,529.8199059,112.2019635,54.39216753,,3828,908,498,247,,1296.562513,721.7884283,243.0488277,,118,12,130,48179,6076,8,0,3,1,11.7,14,2,121,,,48179
17/06/2020,490711,54383,120,5340,42,,65,538818,3038,9803,572,,25.87860398,118.862379,236.2801952,389.7836854,192.4313057,1300.60315,143.3800794,116.5185346,131.0630547,59.00575306,206.6712594,118.9842648,1290.35901,801.5889496,515.6563014,532.192963,112.2019635,54.39216753,,3831,911,500,247,,1298.79501,723.8243114,243.772971,,111,8,119,48290,6084,3,3,2,0,9.7,17,2,117,,,48290
18/06/2020,496727,54550,167,5375,35,,62,545165,2920,9876,512,,26.38602758,118.862379,237.3391541,389.7836854,192.8368511,1303.168919,143.3800794,116.5185346,131.0630547,59.00575306,206.6712594,118.9842648,1293.069374,802.550318,519.9627413,534.3566328,112.2019635,54.39216753,,3835,912,502,248,,1301.386301,726.4709595,244.5410018,,123,16,139,48413,6100,4,1,2,1,9.9,14,0,115,,,48413
19/06/2020,502807,54674,124,5408,33,,62,551352,2756,8290,467,,27.90829841,118.862379,238.2657431,389.7836854,193.2423965,1306.267207,143.3800794,116.5185346,131.0630547,59.00575306,207.7823952,118.9842648,1295.102147,802.9348654,523.6311901,535.8223446,112.2019635,54.39216753,,3842,913,503,249,,1304.29652,728.3711171,245.2212576,,114,18,132,48527,6118,7,1,1,1,8.4,19,0,111,,,48527
20/06/2020,502807,54766,92,5417,9,,61,551352,2708,7742,460,,28.41572201,118.862379,238.7952225,389.7836854,194.0534874,1307.864762,143.3800794,116.5185346,131.0630547,59.00575306,207.7823952,119.2166559,1296.909056,803.5116864,526.3426523,537.6370353,112.2019635,54.39216753,,3845,913,504,249,,1305.931027,730.0676863,245.9015134,,90,7,97,48617,6125,3,0,1,0,8.4,15,1,105.7,,,48617
21/06/2020,502807,54835,69,5417,0,,57,551352,2599,5880,463,,28.41572201,118.862379,239.3247019,389.9751312,194.2562601,1309.123441,143.3800794,116.5185346,131.0630547,59.00575306,207.7823952,119.4490471,1300.748738,804.4730548,528.5756211,538.3349933,112.2019635,54.39216753,,3850,915,507,249,,1307.645266,731.357079,246.274557,,78,1,79,48695,6126,5,2,3,0,9.3,12,0,101.4,,,48695
22/06/2020,515749,54884,49,5424,7,,56,564464,2467,6185,459,,28.92314562,118.862379,239.5894417,389.9751312,194.2562601,1310.914639,143.8787927,116.5185346,131.0630547,59.00575306,207.7823952,119.4490471,1301.426329,805.0498758,530.8085899,539.6611135,112.2019635,54.39216753,,3854,916,509,249,,1309.239907,732.5107461,246.8012066,,77,4,81,48772,6130,4,1,2,0,9,10,3,94.4,,,48772
23/06/2020,520227,54937,53,5441,17,,52,568997,2305,7917,448,,29.43056923,118.862379,241.0455101,390.166577,194.2562601,1312.802658,143.8787927,116.5185346,131.0630547,59.00575306,207.7823952,119.9138294,1302.329784,805.4344231,532.4035676,541.2664168,112.2019635,54.39216753,,3860,917,513,250,,1310.954145,733.5965504,247.5472937,,93,0,93,48865,6130,6,1,4,1,8.6,6,2,87.4,,,48865
24/06/2020,524578,55079,142,5448,7,,50,573478,2300,8113,437,,29.43056923,118.862379,241.5749895,390.166577,194.2562601,1314.20657,144.377506,116.5185346,131.0630547,59.00575306,207.7823952,120.1462205,1303.910829,806.5880652,535.5935231,542.6623328,112.2019635,54.39216753,,3867,919,516,252,,1312.389322,735.9038846,247.9642247,,84,5,89,48949,6135,7,2,3,2,8.6,13,4,85.6,,,48949
25/06/2020,530504,55156,77,5455,7,,48,579443,2211,7323,430,,29.43056923,118.862379,242.1044689,390.5494686,194.2562601,1316.433464,144.6268627,116.5185346,131.0630547,59.00575306,208.893531,120.1462205,1305.040147,808.5108019,538.1454875,543.0113118,112.2019635,54.39216753,,3872,919,517,252,,1314.422489,737.7361794,248.2275495,,84,6,90,49033,6141,5,0,1,0,7.7,12,2,82.9,,,49033
26/06/2020,535545,55241,85,5472,17,,45,584567,2024,9091,413,,29.43056923,118.862379,242.8986881,390.5494686,194.2562601,1318.369894,144.8762194,116.5185346,131.0630547,59.00575306,210.0046668,120.1462205,1305.491875,808.8953493,541.1759452,543.8488614,112.2019635,54.39216753,,3876,920,517,254,,1316.096862,739.2970231,248.6225368,,71,12,83,49104,6153,4,1,0,2,7.9,13,3,80.1,,,49104
27/06/2020,535545,55318,77,5478,6,,43,584567,1955,7788,412,,30.44541644,118.862379,243.5605374,390.5494686,194.2562601,1319.725395,145.125576,116.5185346,131.0630547,59.00575306,210.0046668,120.3786116,1307.750511,809.8567177,543.0899185,545.2447774,112.2019635,54.39216753,,3879,921,517,254,,1317.61177,740.7900041,249.1491865,,82,2,84,49186,6155,3,1,0,0,7.4,12,3,81,,,49186
28/06/2020,535545,55390,72,5485,7,,45,584567,1944,5424,410,,30.44541644,118.862379,244.0900168,390.7409145,194.2562601,1320.645199,145.873646,116.5185346,131.0630547,59.00575306,210.0046668,120.8433939,1309.331557,811.2026334,544.844394,545.6635521,112.2019635,54.39216753,,3882,921,518,254,,1318.648287,742.0793967,249.4783425,,57,3,60,49243,6158,3,0,1,0,6.1,10,5,79,,,49243
29/06/2020,551091,55458,68,5503,18,,38,600314,1840,6770,397,,30.44541644,118.862379,244.3547565,390.7409145,194.4590328,1321.419771,146.8710726,116.5185346,131.0630547,59.00575306,210.0046668,121.0757851,1310.460875,812.1640018,547.8748517,546.2917143,112.2019635,54.39216753,,3885,922,522,254,,1319.485473,743.5723777,249.8952735,,56,6,62,49299,6164,3,1,4,0,6.1,7,1,76.3,,,49299
30/06/2020,555859,55524,66,5527,24,,33,605141,1754,8879,389,,30.95284005,118.862379,244.6194962,390.7409145,194.8645782,1323.356201,147.369786,116.5185346,131.0630547,59.00575306,211.1158026,121.0757851,1311.364329,812.9330965,550.9053094,547.9668135,112.2019635,54.39216753,,3889,923,526,254,,1321.239578,746.0154374,250.3122045,,92,7,99,49391,6171,4,1,4,0,6,13,0,77.3,,,49391
01/07/2020,561791,55593,69,5541,14,,32,611136,1674,8681,379,,30.95284005,118.862379,244.8842359,391.3152519,195.067351,1324.56647,147.6191426,116.5185346,131.0630547,59.00575306,211.1158026,121.0757851,1312.04192,814.8558332,553.4572737,548.9439547,112.2019635,54.39216753,,3891,924,528,254,,1322.355827,747.9834578,250.7071918,,74,1,75,49465,6172,2,1,2,0,6,10,1,79,,,49465
02/07/2020,567253,55682,89,5560,19,,31,616676,1529,7918,361,,30.95284005,118.862379,245.1489757,391.5066977,195.2701237,1325.341042,148.1178559,116.5185346,131.0630547,59.00575306,211.1158026,121.0757851,1314.300557,815.6249279,554.7332559,550.6888496,119.2145863,54.39216753,,3893,926,529,255,,1323.392343,749.8157526,251.0802353,,63,8,71,49528,6180,2,2,1,1,5.7,6,2,78.3,,,49528
03/07/2020,572565,55784,102,5566,6,,27,622087,1490,7919,348,,30.95284005,118.862379,246.2079345,391.5066977,195.2701237,1326.164024,148.6165693,116.5185346,131.0630547,59.00575306,211.1158026,121.3081762,1316.107466,816.9708436,558.880198,552.1545614,119.2145863,54.39216753,,3895,928,530,256,,1324.388993,752.3266751,251.6946599,,86,4,90,49614,6184,2,2,1,1,5.6,11,2,79.1,,,49614
04/07/2020,572565,55863,79,5574,8,,26,622087,1468,6268,345,,30.95284005,119.582757,246.3403044,391.6981435,195.4728964,1326.890186,150.3620659,116.5185346,131.0630547,59.00575306,212.2269384,121.3081762,1316.785057,818.509033,561.5916602,554.9463933,119.2145863,54.39216753,,3895,929,532,257,,1325.106582,754.6340093,252.6601843,,94,2,96,49708,6186,0,1,2,1,5,7,0,80.6,,,49708
05/07/2020,572565,55937,74,5577,3,,25,622087,1449,5318,352,,30.95284005,119.582757,246.6050441,392.0810352,196.0812145,1327.18065,151.6088492,116.5185346,131.0630547,59.00575306,212.2269384,121.3081762,1317.462648,819.6626751,562.2296513,556.6214925,119.2145863,54.39216753,,3896,930,532,257,,1325.465376,755.5840881,253.3623839,,48,7,55,49756,6193,1,1,0,0,4.6,3,1,84,,,49756
06/07/2020,594519,55997,60,5590,13,,26,644248,1437,7302,321,,30.95284005,119.582757,246.8697838,392.0810352,196.2839872,1327.906811,152.1075625,116.5185346,132.1737585,59.00575306,212.2269384,121.3081762,1319.269557,820.6240434,563.3461357,558.5059791,119.2145863,54.39216753,,3899,933,533,257,,1326.382294,756.3305786,254.108471,,68,0,68,49824,6193,3,3,1,0,4.4,4,0,92.4,,,49824
07/07/2020,599042,56079,82,5603,13,,27,648924,1391,9279,304,,31.46026366,121.0235131,247.5316331,392.4639268,196.6895327,1328.923437,153.3543458,116.5185346,134.3951662,59.00575306,212.2269384,121.3081762,1321.30233,821.7776855,566.2170956,560.8790362,119.2145863,54.39216753,,3900,935,534,258,,1327.578275,758.6379128,255.0959391,,106,3,109,49930,6196,1,2,1,1,3.7,10,0,95.1,,,49930
08/07/2020,606464,56216,137,5609,6,,27,656477,1435,10504,281,,31.46026366,122.1040802,247.6640029,392.4639268,197.0950781,1330.520992,154.1024158,116.5185346,135.5058701,59.00575306,213.3380742,121.5405674,1322.205784,823.3158749,567.9715711,563.042706,119.2145863,54.39216753,,3901,935,535,258,,1329.053318,759.9951682,256.0175761,,96,3,99,50026,6199,1,0,1,0,4.1,11,0,95.6,,,50026
09/07/2020,613521,56316,100,5612,3,,24,663629,1399,12034,293,,31.46026366,122.1040802,247.9287427,393.0382643,197.7033962,1332.98994,154.3517724,116.5185346,136.6165739,59.00575306,213.3380742,121.5405674,1324.690284,824.4695169,570.3640377,565.5553547,119.2145863,54.39216753,,3902,937,537,258,,1331.525011,761.6238747,256.9611567,,127,3,130,50153,6202,1,2,2,0,4,12,0,98.6,,,50153
10/07/2020,621527,56407,91,5620,8,,22,671724,1393,11277,291,,31.46026366,122.4642692,248.0611125,393.0382643,198.3117144,1335.362066,154.3517724,116.5185346,137.7272778,59.00575306,214.44921,121.5405674,1324.916148,825.623159,572.1185132,567.9982076,119.2145863,54.39216753,,3903,937,537,258,,1333.518312,763.1847184,257.7511313,,106,3,109,50259,6205,1,0,0,0,3.4,11,0,108.9,,,50259
11/07/2020,621527,56521,114,5627,7,,20,671724,1437,10118,286,,31.46026366,125.7059705,248.5905919,393.4211559,199.7311234,1336.330281,155.3491991,116.5185346,137.7272778,59.00575306,214.44921,121.5405674,1325.593739,826.0077063,575.4679665,569.8826942,119.2145863,54.39216753,,3904,939,540,259,,1334.43523,764.9491504,258.8483181,,95,4,99,50354,6209,1,2,3,1,2.9,11,2,111.9,,,50354
12/07/2020,621527,56621,100,5628,1,,21,671724,1471,8215,284,,31.46026366,126.0661595,250.7085097,393.4211559,199.9338961,1337.008032,155.5985557,116.5185346,137.7272778,59.00575306,214.44921,121.5405674,1326.723057,826.9690747,575.9464598,571.9765682,119.2145863,54.39216753,,3904,939,541,259,,1335.192684,765.967092,259.769955,,74,2,76,50428,6211,0,0,1,0,3,2,5,118.1,,,50428
13/07/2020,641941,56730,109,5633,5,,21,692455,1462,9660,274,,31.46026366,126.4263485,250.8408795,393.6126017,199.9338961,1340.735659,156.3466257,116.5185346,137.7272778,59.00575306,214.44921,121.5405674,1326.948921,828.8918114,577.8604331,574.3496253,119.2145863,54.39216753,,3906,939,542,259,,1338.302234,768.2744262,260.3843797,,133,7,140,50561,6218,2,0,1,0,2.6,3,0,118,,,50561
14/07/2020,649257,56859,129,5636,3,,20,699897,1501,12041,265,,31.96768726,126.7865376,251.3703589,393.6126017,199.9338961,1343.97918,156.5959824,116.5185346,137.7272778,59.00575306,214.44921,121.5405674,1328.529966,829.6609061,579.9339041,576.5830909,119.2145863,54.39216753,,3907,939,542,259,,1341.252319,769.9031327,261.0865792,,126,4,130,50687,6222,1,0,0,0,2.9,8,1,129.9,,,50687
15/07/2020,658258,57001,142,5646,10,,20,709026,1531,14383,257,,31.96768726,126.7865376,251.7674685,393.8040475,200.5422142,1347.174289,156.845339,116.5185346,137.7272778,59.00575306,214.44921,122.4701319,1330.111012,833.5063796,581.2098863,578.6769648,119.2145863,54.39216753,,3909,940,542,259,,1344.162539,772.2104669,261.8765538,,135,8,143,50822,6230,2,1,0,0,2,10,2,142.9,,,50822
16/07/2020,668020,57142,141,5647,1,,16,718928,1572,14525,244,,31.96768726,126.7865376,252.0322082,393.8040475,200.5422142,1350.175755,157.3440523,116.5185346,137.7272778,59.00575306,214.44921,122.7025231,1331.692058,836.0059374,582.6453663,580.9802262,119.2145863,54.39216753,,3911,940,542,259,,1346.913294,774.5856639,262.4251472,,126,3,129,50948,6233,2,0,0,0,2,2,1,150.4,,,50948
17/07/2020,678949,57300,158,5654,7,,15,730010,1651,16466,233,,31.96768726,127.8671047,252.2969479,394.378385,200.744987,1354.774776,157.8427657,116.5185346,137.7272778,59.00575306,214.44921,122.9349142,1333.047239,839.2745899,584.8783351,584.2606287,119.2145863,54.39216753,,3912,941,543,259,,1350.939762,777.6394885,263.4126153,,187,5,192,51135,6238,1,1,1,0,1.7,8,1,149.4,,,51135
18/07/2020,687215,57466,166,5655,1,,18,738437,1743,13358,233,,31.96768726,131.1088059,252.8264274,394.9527225,201.1505324,1359.615851,157.8427657,116.5185346,137.7272778,59.00575306,214.44921,122.9349142,1334.176558,842.9277897,586.1543173,587.0524606,119.2145863,54.39216753,,3912,941,543,260,,1355.125694,780.2182738,264.4439709,,183,7,190,51318,6245,0,0,0,1,1.6,4,2,151.6,,,51318
19/07/2020,696577,57616,150,5657,2,,17,747943,1815,10834,234,,31.96768726,131.1088059,253.0911671,394.9527225,201.3533051,1362.230031,158.8401923,116.5185346,137.7272778,59.00575306,216.6714816,123.1673054,1334.854149,846.7732632,588.8657794,588.7275598,119.2145863,54.39216753,,3912,942,543,260,,1357.398057,783.4756868,264.9486769,,128,1,129,51446,6246,0,1,0,0,1.6,5,1,155.1,,,51446
20/07/2020,706808,57796,180,5658,1,,15,758349,1898,11843,232,,32.47511087,131.1088059,253.0911671,395.7185057,201.7588505,1364.118051,160.0869756,117.1959679,138.8379816,59.00575306,217.7826174,123.1673054,1338.01624,849.0805473,590.6202549,591.6589833,119.2145863,54.39216753,,3912,943,543,260,,1359.510956,785.8508838,265.936145,,126,7,133,51572,6253,0,1,0,0,1.4,10,1,162.9,,,51572
21/07/2020,716112,57938,142,5662,4,,16,767792,1936,14310,219,,32.47511087,131.1088059,253.2235369,395.9099515,202.3671687,1367.071106,160.3363323,117.1959679,139.9486855,59.00575306,217.7826174,123.1673054,1339.823149,851.3878314,592.3747304,594.86959,119.2145863,54.39216753,,3912,943,543,260,,1362.261711,788.6332574,266.7041758,,140,5,145,51712,6258,0,0,0,0,1,6,2,155.7,,,51712
22/07/2020,,58080,142,5662,0,,14,736259,1965,16342,207,,32.47511087,131.4689949,254.2824958,396.1013974,202.7727141,1370.508269,161.5831156,119.9057013,139.9486855,59.00575306,217.7826174,123.3996965,1344.792149,852.5414734,594.4482015,597.1728514,119.2145863,54.39216753,,3912,944,545,260,,1365.969251,790.804866,267.6258128,,166,2,168,51878,6260,0,1,2,0,1,5,2,145.4,683818,52441,
23/07/2020,,58243,163,5663,1,,12,747110,1999,16953,208,,32.98253448,131.4689949,255.3414547,396.2928432,203.5838049,1374.816826,162.5805422,119.9057013,139.9486855,59.00575306,217.7826174,123.8644788,1346.599058,853.6951155,597.4786592,600.0344791,119.2145863,54.39216753,,3912,944,546,260,,1369.836254,794.1301418,268.437731,,178,5,183,52056,6265,0,0,1,0,.,3,0,,694513,52597,
24/07/2020,,58414,171,5666,3,,12,757813,2054,15089,194,,32.98253448,131.4689949,255.8709341,396.8671806,205.0032139,1377.576238,162.8298989,119.9057013,139.9486855,59.00575306,217.7826174,124.3292611,1349.987013,855.0410312,600.6686147,601.8491699,119.2145863,54.39216753,,3912,944,546,260,,1372.706608,796.9125154,269.0740994,,138,4,142,52194,6269,0,0,0,0,.,2,0,,705074,52739,
25/07/2020,,58583,169,5667,1,,10,768346,2200,,187,,32.98253448,131.829184,257.0622628,397.4415181,207.2337138,1378.447632,163.8273255,120.5831346,139.9486855,59.00575306,217.7826174,125.2588256,1352.471513,857.540589,603.5395746,603.5940648,119.2145863,54.39216753,,3912,945,546,260,,1373.862722,799.694889,270.1273988,,114,4,118,52308,6273,0,1,0,0,.,,,,715430,52916,