date,RSS01_DOSE_Numero1_cumu,RSS02_DOSE_Numero1_cumu,RSS03_DOSE_Numero1_cumu,RSS04_DOSE_Numero1_cumu,RSS05_DOSE_Numero1_cumu,RSS06_DOSE_Numero1_cumu,RSS07_DOSE_Numero1_cumu,RSS08_DOSE_Numero1_cumu,RSS09_DOSE_Numero1_cumu,RSS10_DOSE_Numero1_cumu,RSS11_DOSE_Numero1_cumu,RSS12_DOSE_Numero1_cumu,RSS13_DOSE_Numero1_cumu,RSS14_DOSE_Numero1_cumu,RSS15_DOSE_Numero1_cumu,RSS16_DOSE_Numero1_cumu,RSS17_DOSE_Numero1_cumu,RSS18_DOSE_Numero1_cumu,RSSND_DOSE_Numero1_cumu,RSS99_DOSE_Numero1_cumu,RSS01_DOSE_Numero1_jour,RSS02_DOSE_Numero1_jour,RSS03_DOSE_Numero1_jour,RSS04_DOSE_Numero1_jour,RSS05_DOSE_Numero1_jour,RSS06_DOSE_Numero1_jour,RSS07_DOSE_Numero1_jour,RSS08_DOSE_Numero1_jour,RSS09_DOSE_Numero1_jour,RSS10_DOSE_Numero1_jour,RSS11_DOSE_Numero1_jour,RSS12_DOSE_Numero1_jour,RSS13_DOSE_Numero1_jour,RSS14_DOSE_Numero1_jour,RSS15_DOSE_Numero1_jour,RSS16_DOSE_Numero1_jour,RSS17_DOSE_Numero1_jour,RSS18_DOSE_Numero1_jour,RSSND_DOSE_Numero1_jour,RSS99_DOSE_Numero1_jour,RSS01_DOSE_Numero2_cumu,RSS02_DOSE_Numero2_cumu,RSS03_DOSE_Numero2_cumu,RSS04_DOSE_Numero2_cumu,RSS05_DOSE_Numero2_cumu,RSS06_DOSE_Numero2_cumu,RSS07_DOSE_Numero2_cumu,RSS08_DOSE_Numero2_cumu,RSS09_DOSE_Numero2_cumu,RSS10_DOSE_Numero2_cumu,RSS11_DOSE_Numero2_cumu,RSS12_DOSE_Numero2_cumu,RSS13_DOSE_Numero2_cumu,RSS14_DOSE_Numero2_cumu,RSS15_DOSE_Numero2_cumu,RSS16_DOSE_Numero2_cumu,RSS17_DOSE_Numero2_cumu,RSS18_DOSE_Numero2_cumu,RSSND_DOSE_Numero2_cumu,RSS99_DOSE_Numero2_cumu,RSS01_DOSE_Numero2_jour,RSS02_DOSE_Numero2_jour,RSS03_DOSE_Numero2_jour,RSS04_DOSE_Numero2_jour,RSS05_DOSE_Numero2_jour,RSS06_DOSE_Numero2_jour,RSS07_DOSE_Numero2_jour,RSS08_DOSE_Numero2_jour,RSS09_DOSE_Numero2_jour,RSS10_DOSE_Numero2_jour,RSS11_DOSE_Numero2_jour,RSS12_DOSE_Numero2_jour,RSS13_DOSE_Numero2_jour,RSS14_DOSE_Numero2_jour,RSS15_DOSE_Numero2_jour,RSS16_DOSE_Numero2_jour,RSS17_DOSE_Numero2_jour,RSS18_DOSE_Numero2_jour,RSSND_DOSE_Numero2_jour,RSS99_DOSE_Numero2_jour,RSS01_DOSES_Total_cumu,RSS02_DOSES_Total_cumu,RSS03_DOSES_Total_cumu,RSS04_DOSES_Total_cumu,RSS05_DOSES_Total_cumu,RSS06_DOSES_Total_cumu,RSS07_DOSES_Total_cumu,RSS08_DOSES_Total_cumu,RSS09_DOSES_Total_cumu,RSS10_DOSES_Total_cumu,RSS11_DOSES_Total_cumu,RSS12_DOSES_Total_cumu,RSS13_DOSES_Total_cumu,RSS14_DOSES_Total_cumu,RSS15_DOSES_Total_cumu,RSS16_DOSES_Total_cumu,RSS17_DOSES_Total_cumu,RSS18_DOSES_Total_cumu,RSSND_DOSES_Total_cumu,RSS99_DOSES_Total_cumu,RSS01_DOSES_Total_jour,RSS02_DOSES_Total_jour,RSS03_DOSES_Total_jour,RSS04_DOSES_Total_jour,RSS05_DOSES_Total_jour,RSS06_DOSES_Total_jour,RSS07_DOSES_Total_jour,RSS08_DOSES_Total_jour,RSS09_DOSES_Total_jour,RSS10_DOSES_Total_jour,RSS11_DOSES_Total_jour,RSS12_DOSES_Total_jour,RSS13_DOSES_Total_jour,RSS14_DOSES_Total_jour,RSS15_DOSES_Total_jour,RSS16_DOSES_Total_jour,RSS17_DOSES_Total_jour,RSS18_DOSES_Total_jour,RSSND_DOSES_Total_jour,RSS99_DOSES_Total_jour
2020-12-14,0,0,145,0,0,146,0,0,0,0,0,0,0,0,0,0,0,0,0,291,0,0,145,0,0,146,0,0,0,0,0,0,0,0,0,0,0,0,0,291,0,0,0,0,0,0,0,0,0,0,0,0,0,0,0,0,0,0,0,0,0,0,0,0,0,0,0,0,0,0,0,0,0,0,0,0,0,0,0,0,0,0,145,0,0,146,0,0,0,0,0,0,0,0,0,0,0,0,0,291,0,0,145,0,0,146,0,0,0,0,0,0,0,0,0,0,0,0,0,291
2020-12-15,0,0,850,0,0,609,0,0,0,0,0,0,0,0,0,0,0,0,0,1459,0,0,705,0,0,463,0,0,0,0,0,0,0,0,0,0,0,0,0,1168,0,0,0,0,0,0,0,0,0,0,0,0,0,0,0,0,0,0,0,0,0,0,0,0,0,0,0,0,0,0,0,0,0,0,0,0,0,0,0,0,0,0,850,0,0,609,0,0,0,0,0,0,0,0,0,0,0,0,0,1459,0,0,705,0,0,463,0,0,0,0,0,0,0,0,0,0,0,0,0,1168
2020-12-16,0,0,1409,0,0,997,0,0,0,0,0,0,0,0,0,0,0,0,1,2407,0,0,559,0,0,388,0,0,0,0,0,0,0,0,0,0,0,0,1,948,0,0,0,0,0,0,0,0,0,0,0,0,0,0,0,0,0,0,0,0,0,0,0,0,0,0,0,0,0,0,0,0,0,0,0,0,0,0,0,0,0,0,1409,0,0,997,0,0,0,0,0,0,0,0,0,0,0,0,1,2407,0,0,559,0,0,388,0,0,0,0,0,0,0,0,0,0,0,0,1,948
2020-12-17,0,0,1938,0,0,1362,0,0,0,0,0,0,0,0,0,0,0,0,6,3306,0,0,529,0,0,365,0,0,0,0,0,0,0,0,0,0,0,0,5,899,0,0,0,0,0,0,0,0,0,0,0,0,0,0,0,0,0,0,0,0,0,0,0,0,0,0,0,0,0,0,0,0,0,0,0,0,0,0,0,0,0,0,1938,0,0,1362,0,0,0,0,0,0,0,0,0,0,0,0,6,3306,0,0,529,0,0,365,0,0,0,0,0,0,0,0,0,0,0,0,5,899
2020-12-18,0,0,2472,0,0,1547,0,0,0,0,0,0,0,0,0,0,0,0,6,4025,0,0,534,0,0,185,0,0,0,0,0,0,0,0,0,0,0,0,0,719,0,0,0,0,0,0,0,0,0,0,0,0,0,0,0,0,0,0,0,0,0,0,0,0,0,0,0,0,0,0,0,0,0,0,0,0,0,0,0,0,0,0,2472,0,0,1547,0,0,0,0,0,0,0,0,0,0,0,0,6,4025,0,0,534,0,0,185,0,0,0,0,0,0,0,0,0,0,0,0,0,719
2020-12-19,0,0,3075,0,0,1663,0,0,0,0,0,0,0,0,0,0,0,0,6,4744,0,0,603,0,0,116,0,0,0,0,0,0,0,0,0,0,0,0,0,719,0,0,0,0,0,0,0,0,0,0,0,0,0,0,0,0,0,0,0,0,0,0,0,0,0,0,0,0,0,0,0,0,0,0,0,0,0,0,0,0,0,0,3075,0,0,1663,0,0,0,0,0,0,0,0,0,0,0,0,6,4744,0,0,603,0,0,116,0,0,0,0,0,0,0,0,0,0,0,0,0,719
2020-12-20,0,0,3075,0,0,1778,0,0,0,0,0,0,0,0,0,0,0,0,6,4859,0,0,0,0,0,115,0,0,0,0,0,0,0,0,0,0,0,0,0,115,0,0,0,0,0,0,0,0,0,0,0,0,0,0,0,0,0,0,0,0,0,0,0,0,0,0,0,0,0,0,0,0,0,0,0,0,0,0,0,0,0,0,3075,0,0,1778,0,0,0,0,0,0,0,0,0,0,0,0,6,4859,0,0,0,0,0,115,0,0,0,0,0,0,0,0,0,0,0,0,0,115
2020-12-21,0,0,3075,0,0,2184,95,0,0,0,0,0,0,0,0,0,0,0,7,5361,0,0,0,0,0,406,95,0,0,0,0,0,0,0,0,0,0,0,1,502,0,0,0,0,0,0,0,0,0,0,0,0,0,0,0,0,0,0,0,0,0,0,0,0,0,0,0,0,0,0,0,0,0,0,0,0,0,0,0,0,0,0,3075,0,0,2184,95,0,0,0,0,0,0,0,0,0,0,0,7,5361,0,0,0,0,0,406,95,0,0,0,0,0,0,0,0,0,0,0,1,502
2020-12-22,0,194,3249,400,0,2914,440,0,2,0,0,0,0,131,41,0,0,0,8,7379,0,194,174,400,0,730,345,0,2,0,0,0,0,131,41,0,0,0,1,2018,0,0,0,0,0,0,0,0,0,0,0,0,0,0,0,0,0,0,0,0,0,0,0,0,0,0,0,0,0,0,0,0,0,0,0,0,0,0,0,0,0,194,3249,400,0,2914,440,0,2,0,0,0,0,131,41,0,0,0,8,7379,0,194,174,400,0,730,345,0,2,0,0,0,0,131,41,0,0,0,1,2018
2020-12-23,0,528,3289,768,102,3662,674,0,161,0,120,34,174,412,160,1044,0,0,8,11136,0,334,40,368,102,748,234,0,159,0,120,34,174,281,119,1044,0,0,0,3757,0,0,0,0,0,0,0,0,0,0,0,0,0,0,0,0,0,0,0,0,0,0,0,0,0,0,0,0,0,0,0,0,0,0,0,0,0,0,0,0,0,528,3289,768,102,3662,674,0,161,0,120,34,174,412,160,1044,0,0,8,11136,0,334,40,368,102,748,234,0,159,0,120,34,174,281,119,1044,0,0,0,3757
2020-12-24,436,703,3289,768,305,3877,802,0,302,0,262,271,314,517,245,2056,0,0,8,14155,436,175,0,0,203,215,128,0,141,0,142,237,140,105,85,1012,0,0,0,3019,0,0,0,0,0,0,0,0,0,0,0,0,0,0,0,0,0,0,0,0,0,0,0,0,0,0,0,0,0,0,0,0,0,0,0,0,0,0,0,0,436,703,3289,768,305,3877,802,0,302,0,262,271,314,517,245,2056,0,0,8,14155,436,175,0,0,203,215,128,0,141,0,142,237,140,105,85,1012,0,0,0,3019
2020-12-25,436,703,3289,768,305,3877,802,0,302,0,262,271,314,517,245,2056,0,0,8,14155,0,0,0,0,0,0,0,0,0,0,0,0,0,0,0,0,0,0,0,0,0,0,0,0,0,0,0,0,0,0,0,0,0,0,0,0,0,0,0,0,0,0,0,0,0,0,0,0,0,0,0,0,0,0,0,0,0,0,0,0,436,703,3289,768,305,3877,802,0,302,0,262,271,314,517,245,2056,0,0,8,14155,0,0,0,0,0,0,0,0,0,0,0,0,0,0,0,0,0,0,0,0
2020-12-26,666,1023,3289,768,504,4153,933,136,370,0,262,487,498,692,329,3159,0,0,9,17278,230,320,0,0,199,276,131,136,68,0,0,216,184,175,84,1103,0,0,1,3123,0,0,0,0,0,0,0,0,0,0,0,0,0,0,0,0,0,0,0,0,0,0,0,0,0,0,0,0,0,0,0,0,0,0,0,0,0,0,0,0,666,1023,3289,768,504,4153,933,136,370,0,262,487,498,692,329,3159,0,0,9,17278,230,320,0,0,199,276,131,136,68,0,0,216,184,175,84,1103,0,0,1,3123
2020-12-27,867,1023,3289,768,709,4364,933,136,370,0,262,670,625,891,401,4238,0,0,10,19556,201,0,0,0,205,211,0,0,0,0,0,183,127,199,72,1079,0,0,1,2278,0,0,0,0,0,0,0,0,0,0,0,0,0,0,0,0,0,0,0,0,0,0,0,0,0,0,0,0,0,0,0,0,0,0,0,0,0,0,0,0,867,1023,3289,768,709,4364,933,136,370,0,262,670,625,891,401,4238,0,0,10,19556,201,0,0,0,205,211,0,0,0,0,0,183,127,199,72,1079,0,0,1,2278
2020-12-28,1084,1023,3477,1048,709,5228,1014,260,370,0,373,770,853,1101,505,4238,0,0,12,22065,217,0,188,280,0,864,81,124,0,0,111,100,228,210,104,0,0,0,2,2509,0,0,0,0,0,0,0,0,0,0,0,0,0,0,0,0,0,0,0,0,0,0,0,0,0,0,0,0,0,0,0,0,0,0,0,0,0,0,0,0,1084,1023,3477,1048,709,5228,1014,260,370,0,373,770,853,1101,505,4238,0,0,12,22065,217,0,188,280,0,864,81,124,0,0,111,100,228,210,104,0,0,0,2,2509
2020-12-29,1084,1023,3801,1228,884,6032,1029,385,473,0,373,770,1074,1361,642,4238,0,0,22,24419,0,0,324,180,175,804,15,125,103,0,0,0,221,260,137,0,0,0,10,2354,0,0,0,0,0,0,0,0,0,0,0,0,0,0,0,0,0,0,0,0,0,0,0,0,0,0,0,0,0,0,0,0,0,0,0,0,0,0,0,0,1084,1023,3801,1228,884,6032,1029,385,473,0,373,770,1074,1361,642,4238,0,0,22,24419,0,0,324,180,175,804,15,125,103,0,0,0,221,260,137,0,0,0,10,2354
2020-12-30,1084,1023,4150,1415,1058,6822,1029,508,473,0,557,999,1363,1421,827,4725,0,0,24,27478,0,0,349,187,174,790,0,123,0,0,184,229,289,60,185,487,0,0,2,3059,0,0,0,0,0,0,0,0,0,0,0,0,0,0,0,1,0,0,0,1,0,0,0,0,0,0,0,0,0,0,0,0,0,0,0,1,0,0,0,1,1084,1023,4150,1415,1058,6822,1029,508,473,0,557,999,1363,1421,827,4726,0,0,24,27479,0,0,349,187,174,790,0,123,0,0,184,229,289,60,185,488,0,0,2,3060
2020-12-31,1084,1023,4150,1415,1058,6873,1029,508,473,0,557,1135,1363,1426,976,4725,0,0,24,27819,0,0,0,0,0,51,0,0,0,0,0,136,0,5,149,0,0,0,0,341,0,0,0,0,0,0,0,0,0,0,0,0,0,0,0,1,0,0,0,1,0,0,0,0,0,0,0,0,0,0,0,0,0,0,0,0,0,0,0,0,1084,1023,4150,1415,1058,6873,1029,508,473,0,557,1135,1363,1426,976,4726,0,0,24,27820,0,0,0,0,0,51,0,0,0,0,0,136,0,5,149,0,0,0,0,341
2021-01-01,1084,1023,4150,1415,1059,6876,1029,508,473,0,557,1135,1363,1426,977,4725,0,0,25,27825,0,0,0,0,1,3,0,0,0,0,0,0,0,0,1,0,0,0,1,6,0,0,0,0,0,0,0,0,0,0,0,0,0,0,0,1,0,0,0,1,0,0,0,0,0,0,0,0,0,0,0,0,0,0,0,0,0,0,0,0,1084,1023,4150,1415,1059,6876,1029,508,473,0,557,1135,1363,1426,977,4726,0,0,25,27826,0,0,0,0,1,3,0,0,0,0,0,0,0,0,1,0,0,0,1,6
2021-01-02,1084,1173,4150,1415,1253,6876,1029,508,473,0,557,1136,1363,1526,1153,4725,0,0,30,28451,0,150,0,0,194,0,0,0,0,0,0,1,0,100,176,0,0,0,5,626,0,0,0,0,0,0,0,0,0,0,0,0,0,0,0,1,0,0,0,1,0,0,0,0,0,0,0,0,0,0,0,0,0,0,0,0,0,0,0,0,1084,1173,4150,1415,1253,6876,1029,508,473,0,557,1136,1363,1526,1153,4726,0,0,30,28452,0,150,0,0,194,0,0,0,0,0,0,1,0,100,176,0,0,0,5,626
2021-01-03,1084,1575,4471,1415,1439,6877,1030,508,473,0,557,1459,1363,1641,1335,4725,0,0,35,29987,0,402,321,0,186,1,1,0,0,0,0,323,0,115,182,0,0,0,5,1536,0,0,0,0,0,0,0,0,0,0,0,0,0,0,0,1,0,0,0,1,0,0,0,0,0,0,0,0,0,0,0,0,0,0,0,0,0,0,0,0,1084,1575,4471,1415,1439,6877,1030,508,473,0,557,1459,1363,1641,1335,4726,0,0,35,29988,0,402,321,0,186,1,1,0,0,0,0,323,0,115,182,0,0,0,5,1536
2021-01-04,1084,2261,5027,1415,1439,7496,1120,508,473,0,557,1460,1579,1748,1586,4941,0,0,47,32741,0,686,556,0,0,619,90,0,0,0,0,1,216,107,251,216,0,0,12,2754,0,0,0,0,0,0,0,0,0,0,0,0,0,0,0,1,0,0,0,1,0,0,0,0,0,0,0,0,0,0,0,0,0,0,0,0,0,0,0,0,1084,2261,5027,1415,1439,7496,1120,508,473,0,557,1460,1579,1748,1586,4942,0,0,47,32742,0,686,556,0,0,619,90,0,0,0,0,1,216,107,251,216,0,0,12,2754
2021-01-05,1084,2630,6081,1780,1497,9744,1246,631,473,0,557,1461,1918,1834,1919,5653,0,28,142,38678,0,369,1054,365,58,2248,126,123,0,0,0,1,339,86,333,712,0,28,95,5937,0,0,0,0,0,0,0,0,0,0,0,0,0,0,0,1,0,0,0,1,0,0,0,0,0,0,0,0,0,0,0,0,0,0,0,0,0,0,0,0,1084,2630,6081,1780,1497,9744,1246,631,473,0,557,1461,1918,1834,1919,5654,0,28,142,38679,0,369,1054,365,58,2248,126,123,0,0,0,1,339,86,333,712,0,28,95,5937
2021-01-06,1084,3083,7158,2300,2068,13007,1743,827,701,22,796,1820,2312,2096,2332,7576,0,303,150,49378,0,453,1077,520,571,3263,497,196,228,22,239,359,394,262,413,1923,0,275,8,10700,0,0,0,0,0,1,0,0,0,0,0,0,0,0,0,1,0,0,0,2,0,0,0,0,0,1,0,0,0,0,0,0,0,0,0,0,0,0,0,1,1084,3083,7158,2300,2068,13008,1743,827,701,22,796,1820,2312,2096,2332,7577,0,303,150,49380,0,453,1077,520,571,3264,497,196,228,22,239,359,394,262,413,1923,0,275,8,10701
2021-01-07,1479,3457,7756,2836,2607,17810,2286,1270,934,65,1647,2622,2808,2477,2974,9361,0,503,184,63076,395,374,598,536,539,4803,543,443,233,43,851,802,496,381,642,1785,0,200,34,13698,0,0,0,0,0,1,0,0,0,0,0,0,0,0,0,1,0,0,0,2,0,0,0,0,0,0,0,0,0,0,0,0,0,0,0,0,0,0,0,0,1479,3457,7756,2836,2607,17811,2286,1270,934,65,1647,2622,2808,2477,2974,9362,0,503,184,63078,395,374,598,536,539,4803,543,443,233,43,851,802,496,381,642,1785,0,200,34,13698
2021-01-08,1834,3682,8361,3279,3408,22230,2943,1482,1444,95,2297,3606,3251,2884,3550,11090,0,769,211,76416,355,225,605,443,801,4420,657,212,510,30,650,984,443,407,576,1729,0,266,27,13340,0,0,1,0,0,2,0,0,0,0,0,0,0,0,0,1,0,0,0,4,0,0,1,0,0,1,0,0,0,0,0,0,0,0,0,0,0,0,0,2,1834,3682,8362,3279,3408,22232,2943,1482,1444,95,2297,3606,3251,2884,3550,11091,0,769,211,76420,355,225,606,443,801,4421,657,212,510,30,650,984,443,407,576,1729,0,266,27,13342
2021-01-09,2112,3900,9499,4075,3408,24801,3245,1606,1719,105,2625,3925,3509,3322,3940,12170,0,964,234,85159,278,218,1138,796,0,2571,302,124,275,10,328,319,258,438,390,1080,0,195,23,8743,0,0,2,0,0,2,0,0,0,0,0,0,0,0,0,1,0,0,0,5,0,0,1,0,0,0,0,0,0,0,0,0,0,0,0,0,0,0,0,1,2112,3900,9501,4075,3408,24803,3245,1606,1719,105,2625,3925,3509,3322,3940,12171,0,964,234,85164,278,218,1139,796,0,2571,302,124,275,10,328,319,258,438,390,1080,0,195,23,8744
2021-01-10,2536,4133,10626,4380,3408,26563,3582,1738,1719,105,2699,4225,3858,3685,4315,13244,0,1124,254,92194,424,233,1127,305,0,1762,337,132,0,0,74,300,349,363,375,1074,0,160,20,7035,0,0,2,0,0,3,0,0,0,0,0,0,0,0,0,1,0,0,0,6,0,0,0,0,0,1,0,0,0,0,0,0,0,0,0,0,0,0,0,1,2536,4133,10628,4380,3408,26566,3582,1738,1719,105,2699,4225,3858,3685,4315,13245,0,1124,254,92200,424,233,1127,305,0,1763,337,132,0,0,74,300,349,363,375,1074,0,160,20,7036
2021-01-11,2536,4133,11709,4967,3966,28785,3582,1860,1879,105,2789,4245,4390,3955,5101,14036,0,1183,274,99495,0,0,1083,587,558,2222,0,122,160,0,90,20,532,270,786,792,0,59,20,7301,0,0,2,0,0,4,0,0,0,0,0,0,0,0,0,1,0,0,0,7,0,0,0,0,0,1,0,0,0,0,0,0,0,0,0,0,0,0,0,1,2536,4133,11711,4967,3966,28789,3582,1860,1879,105,2789,4245,4390,3955,5101,14037,0,1183,274,99502,0,0,1083,587,558,2223,0,122,160,0,90,20,532,270,786,792,0,59,20,7302
2021-01-12,2536,4371,12507,5610,4521,30245,3639,2048,2011,105,2795,4765,4923,4186,5760,15866,0,1214,334,107436,0,238,798,643,555,1460,57,188,132,0,6,520,533,231,659,1830,0,31,60,7941,0,0,2,0,0,7,0,0,0,0,0,0,0,0,0,1,0,0,0,10,0,0,0,0,0,3,0,0,0,0,0,0,0,0,0,0,0,0,0,3,2536,4371,12509,5610,4521,30252,3639,2048,2011,105,2795,4765,4923,4186,5760,15867,0,1214,334,107446,0,238,798,643,555,1463,57,188,132,0,6,520,533,231,659,1830,0,31,60,7944
2021-01-13,2536,4521,13581,6028,5078,32015,3894,2220,2138,105,2847,5382,5802,4639,6362,17764,0,1214,355,116481,0,150,1074,418,557,1770,255,172,127,0,52,617,879,453,602,1898,0,0,21,9045,0,0,2,1,0,8,0,0,0,0,0,0,0,0,0,3,0,0,0,14,0,0,0,1,0,1,0,0,0,0,0,0,0,0,0,2,0,0,0,4,2536,4521,13583,6029,5078,32023,3894,2220,2138,105,2847,5382,5802,4639,6362,17767,0,1214,355,116495,0,150,1074,419,557,1771,255,172,127,0,52,617,879,453,602,1900,0,0,21,9049
2021-01-14,2536,5094,14984,6667,5795,34616,4421,2342,2311,105,3200,6310,6439,5070,7097,19658,0,1214,382,128241,0,573,1403,639,717,2601,527,122,173,0,353,928,637,431,735,1894,0,0,27,11760,0,0,2,1,1,8,0,0,0,0,0,0,0,0,0,3,0,0,0,15,0,0,0,0,1,0,0,0,0,0,0,0,0,0,0,0,0,0,0,1,2536,5094,14986,6668,5796,34624,4421,2342,2311,105,3200,6310,6439,5070,7097,19661,0,1214,382,128256,0,573,1403,639,718,2601,527,122,173,0,353,928,637,431,735,1894,0,0,27,11761
2021-01-15,2805,5689,16370,7311,6578,37034,4677,2462,2402,105,3568,7284,7042,5671,7638,21083,0,1214,426,139359,269,595,1386,644,783,2418,256,120,91,0,368,974,603,601,541,1425,0,0,44,11118,0,0,2,1,1,10,0,0,0,0,0,0,0,0,2,4,0,0,0,20,0,0,0,0,0,2,0,0,0,0,0,0,0,0,2,1,0,0,0,5,2805,5689,16372,7312,6579,37044,4677,2462,2402,105,3568,7284,7042,5671,7640,21087,0,1214,426,139379,269,595,1386,644,783,2420,256,120,91,0,368,974,603,601,543,1426,0,0,44,11123
2021-01-16,3075,6316,17826,7311,7134,38558,4916,2581,2455,105,3826,7926,7286,6398,8104,21716,0,1642,597,147772,270,627,1456,0,556,1524,239,119,53,0,258,642,244,727,466,633,0,428,171,8413,0,0,2,1,2,10,0,0,0,0,0,0,0,0,2,4,0,0,0,21,0,0,0,0,1,0,0,0,0,0,0,0,0,0,0,0,0,0,0,1,3075,6316,17828,7312,7136,38568,4916,2581,2455,105,3826,7926,7286,6398,8106,21720,0,1642,597,147793,270,627,1456,0,557,1524,239,119,53,0,258,642,244,727,466,633,0,428,171,8414
2021-01-17,3075,6571,19256,7831,7669,39762,5407,2698,2455,105,3826,7926,7497,7163,8480,21716,31,2811,606,154885,0,255,1430,520,535,1204,491,117,0,0,0,0,211,765,376,0,31,1169,9,7113,0,0,2,1,2,10,0,0,0,0,0,0,0,0,2,4,0,0,1,22,0,0,0,0,0,0,0,0,0,0,0,0,0,0,0,0,0,0,1,1,3075,6571,19258,7832,7671,39772,5407,2698,2455,105,3826,7926,7497,7163,8482,21720,31,2811,607,154907,0,255,1430,520,535,1204,491,117,0,0,0,0,211,765,376,0,31,1169,10,7114
2021-01-18,3677,6660,19256,8668,8159,41139,5983,3090,2490,127,4386,9003,7573,8069,9217,22935,43,4385,635,165495,602,89,0,837,490,1377,576,392,35,22,560,1077,76,906,737,1219,12,1574,29,10610,0,0,2,1,2,10,0,0,0,0,0,0,0,0,2,9,0,0,3,29,0,0,0,0,0,0,0,0,0,0,0,0,0,0,0,5,0,0,2,7,3677,6660,19258,8669,8161,41149,5983,3090,2490,127,4386,9003,7573,8069,9219,22944,43,4385,638,165524,602,89,0,837,490,1377,576,392,35,22,560,1077,76,906,737,1224,12,1574,31,10617
2021-01-19,3927,6660,19265,9660,8582,42807,6798,3512,2621,453,4869,9478,7646,8468,10034,24374,306,5697,667,175824,250,0,9,992,423,1668,815,422,131,326,483,475,73,399,817,1439,263,1312,32,10329,0,0,2,1,2,10,0,0,0,0,0,0,0,1,2,9,0,0,4,31,0,0,0,0,0,0,0,0,0,0,0,0,0,1,0,0,0,0,1,2,3927,6660,19267,9661,8584,42817,6798,3512,2621,453,4869,9478,7646,8469,10036,24383,306,5697,671,175855,250,0,9,992,423,1668,815,422,131,326,483,475,73,400,817,1439,263,1312,33,10331
2021-01-20,3927,7078,19846,10410,9178,44909,7343,3848,3436,677,5586,9817,8175,8792,11060,25439,386,6636,704,187247,0,418,581,750,596,2102,545,336,815,224,717,339,529,324,1026,1065,80,939,37,11423,0,0,2,1,2,12,0,0,0,0,0,0,0,2,2,9,0,0,4,34,0,0,0,0,0,2,0,0,0,0,0,0,0,1,0,0,0,0,0,3,3927,7078,19848,10411,9180,44921,7343,3848,3436,677,5586,9817,8175,8794,11062,25448,386,6636,708,187281,0,418,581,750,596,2104,545,336,815,224,717,339,529,325,1026,1065,80,939,37,11426
2021-01-21,3927,7712,20320,11319,9948,47632,7907,4527,4721,1109,6145,10197,8730,9181,11529,27351,494,7443,750,200942,0,634,474,909,770,2723,564,679,1285,432,559,380,555,389,469,1912,108,807,46,13695,0,0,2,2,6,13,0,0,0,0,0,0,1,3,3,10,0,0,6,46,0,0,0,1,4,1,0,0,0,0,0,0,1,1,1,1,0,0,2,12,3927,7712,20322,11321,9954,47645,7907,4527,4721,1109,6145,10197,8731,9184,11532,27361,494,7443,756,200988,0,634,474,910,774,2724,564,679,1285,432,559,380,556,390,470,1913,108,807,48,13707
2021-01-22,4212,8216,20874,12189,10039,50870,8260,5010,5534,1514,6336,10505,9369,9748,11960,28942,543,7933,771,212825,285,504,554,870,91,3238,353,483,813,405,191,308,639,567,431,1591,49,490,21,11883,1,0,2,2,6,16,0,0,0,0,0,0,1,3,4,11,0,0,6,52,1,0,0,0,0,3,0,0,0,0,0,0,0,0,1,1,0,0,0,6,4213,8216,20876,12191,10045,50886,8260,5010,5534,1514,6336,10505,9370,9751,11964,28953,543,7933,777,212877,286,504,554,870,91,3241,353,483,813,405,191,308,639,567,432,1592,49,490,21,11889
2021-01-23,4432,8535,21608,12847,10335,52682,8462,5326,6028,2403,6336,10746,9626,10194,11961,30372,543,8071,777,221284,220,319,734,658,296,1812,202,316,494,889,0,241,257,446,1,1430,0,138,6,8459,1,0,2,2,6,18,0,0,0,0,0,0,1,3,4,12,0,0,6,55,0,0,0,0,0,2,0,0,0,0,0,0,0,0,0,1,0,0,0,3,4433,8535,21610,12849,10341,52700,8462,5326,6028,2403,6336,10746,9627,10197,11965,30384,543,8071,783,221339,220,319,734,658,296,1814,202,316,494,889,0,241,257,446,1,1431,0,138,6,8462
2021-01-24,4432,8535,21608,12847,10335,53325,8462,5326,6142,3163,6336,10746,9626,10660,11961,30372,543,8140,780,223339,0,0,0,0,0,643,0,0,114,760,0,0,0,466,0,0,0,69,3,2055,1,0,2,2,6,19,0,0,0,0,0,0,1,3,4,12,0,0,7,57,0,0,0,0,0,1,0,0,0,0,0,0,0,0,0,0,0,0,1,2,4433,8535,21610,12849,10341,53344,8462,5326,6142,3163,6336,10746,9627,10663,11965,30384,543,8140,787,223396,0,0,0,0,0,644,0,0,114,760,0,0,0,466,0,0,0,69,4,2057
2021-01-25,4703,8535,22277,12908,10408,54314,8462,5326,6378,3925,6336,10746,9626,11134,12011,30968,582,8365,811,227815,271,0,669,61,73,989,0,0,236,762,0,0,0,474,50,596,39,225,31,4476,1,0,2,2,6,20,0,0,0,0,0,0,1,3,4,12,0,0,9,60,0,0,0,0,0,1,0,0,0,0,0,0,0,0,0,0,0,0,2,3,4704,8535,22279,12910,10414,54334,8462,5326,6378,3925,6336,10746,9627,11137,12015,30980,582,8365,820,227875,271,0,669,61,73,990,0,0,236,762,0,0,0,474,50,596,39,225,33,4479
2021-01-26,4986,8550,23006,12928,10530,55428,8462,5420,6561,4381,6336,10746,9648,11134,12013,31563,681,8665,844,231882,283,15,729,20,122,1114,0,94,183,456,0,0,22,0,2,595,99,300,33,4067,1,0,3,2,6,23,0,0,0,0,0,0,1,3,4,12,0,0,32,87,0,0,1,0,0,3,0,0,0,0,0,0,0,0,0,0,0,0,23,27,4987,8550,23009,12930,10536,55451,8462,5420,6561,4381,6336,10746,9649,11137,12017,31575,681,8665,876,231969,283,15,730,20,122,1117,0,94,183,456,0,0,22,0,2,595,99,300,56,4094
2021-01-27,5001,8692,23580,12938,11071,56423,8462,5521,6691,4545,6336,10746,9648,11155,12210,32163,760,8781,898,235621,15,142,574,10,541,995,0,101,130,164,0,0,0,21,197,600,79,116,54,3739,1,0,3,2,6,25,0,0,0,0,0,0,1,3,4,12,0,0,35,92,0,0,0,0,0,2,0,0,0,0,0,0,0,0,0,0,0,0,3,5,5002,8692,23583,12940,11077,56448,8462,5521,6691,4545,6336,10746,9649,11158,12214,32175,760,8781,933,235713,15,142,574,10,541,997,0,101,130,164,0,0,0,21,197,600,79,116,57,3744
2021-01-28,5001,8846,23730,13038,11175,57727,8462,5521,6691,4647,6336,10746,9648,11175,12419,33145,842,8875,916,238940,0,154,150,100,104,1304,0,0,0,102,0,0,0,20,209,982,82,94,18,3319,1,0,4,2,6,26,0,0,0,0,0,0,1,3,4,15,0,3,65,130,0,0,1,0,0,1,0,0,0,0,0,0,0,0,0,3,0,3,30,38,5002,8846,23734,13040,11181,57753,8462,5521,6691,4647,6336,10746,9649,11178,12423,33160,842,8878,981,239070,0,154,151,100,104,1305,0,0,0,102,0,0,0,20,209,985,82,97,48,3357
2021-01-29,5001,8846,23937,13069,11225,57877,8462,5521,6691,4728,6336,10746,9648,11206,12574,34427,902,9059,927,241182,0,0,207,31,50,150,0,0,0,81,0,0,0,31,155,1282,60,184,11,2242,1,0,4,2,8,26,0,0,0,0,0,0,1,3,4,15,0,3,84,151,0,0,0,0,2,0,0,0,0,0,0,0,0,0,0,0,0,0,19,21,5002,8846,23941,13071,11233,57903,8462,5521,6691,4728,6336,10746,9649,11209,12578,34442,902,9062,1011,241333,0,0,207,31,52,150,0,0,0,81,0,0,0,31,155,1282,60,184,30,2263
2021-01-30,5001,8846,23937,13069,11225,57878,8462,5521,6691,4788,6336,10746,9648,11206,12574,34900,902,9068,931,241729,0,0,0,0,0,1,0,0,0,60,0,0,0,0,0,473,0,9,4,547,1,0,4,2,8,26,0,0,0,0,0,0,1,3,4,15,0,3,108,175,0,0,0,0,0,0,0,0,0,0,0,0,0,0,0,0,0,0,24,24,5002,8846,23941,13071,11233,57904,8462,5521,6691,4788,6336,10746,9649,11209,12578,34915,902,9071,1039,241904,0,0,0,0,0,1,0,0,0,60,0,0,0,0,0,473,0,9,28,571
2021-01-31,5002,8846,24318,13069,11225,57878,8462,5521,6691,5160,6336,10746,9648,11206,12574,34901,902,9077,935,242497,1,0,381,0,0,0,0,0,0,372,0,0,0,0,0,1,0,9,4,768,1,0,4,2,8,26,0,0,0,0,0,0,1,3,4,17,0,3,126,195,0,0,0,0,0,0,0,0,0,0,0,0,0,0,0,2,0,0,18,20,5003,8846,24322,13071,11233,57904,8462,5521,6691,5160,6336,10746,9649,11209,12578,34918,902,9080,1061,242692,1,0,381,0,0,0,0,0,0,372,0,0,0,0,0,3,0,9,22,788
2021-02-01,5002,8846,24622,13069,11225,57878,8463,5521,6691,5160,6336,10746,9648,11226,12576,34901,902,9129,946,242887,0,0,304,0,0,0,1,0,0,0,0,0,0,20,2,0,0,52,11,390,1,0,4,2,8,26,0,0,0,0,0,0,1,3,4,17,0,4,148,218,0,0,0,0,0,0,0,0,0,0,0,0,0,0,0,0,0,1,22,23,5003,8846,24626,13071,11233,57904,8463,5521,6691,5160,6336,10746,9649,11229,12580,34918,902,9133,1094,243105,0,0,304,0,0,0,1,0,0,0,0,0,0,20,2,0,0,53,33,413
2021-02-02,5002,8846,24622,13070,11225,57940,8463,5521,6691,5160,6336,10749,9648,11237,12576,35383,922,9181,955,243527,0,0,0,1,0,62,0,0,0,0,0,3,0,11,0,482,20,52,9,640,1,0,4,2,8,26,0,0,0,0,0,0,1,3,4,17,0,9,205,280,0,0,0,0,0,0,0,0,0,0,0,0,0,0,0,0,0,5,57,62,5003,8846,24626,13072,11233,57966,8463,5521,6691,5160,6336,10749,9649,11240,12580,35400,922,9190,1160,243807,0,0,0,1,0,62,0,0,0,0,0,3,0,11,0,482,20,57,66,702
2021-02-03,5002,8846,24622,13070,11225,60743,8463,5521,6691,5170,6337,10749,9648,11245,12576,35383,942,9211,969,246413,0,0,0,0,0,2803,0,0,0,10,1,0,0,8,0,0,20,30,14,2886,1,0,4,2,8,27,0,0,0,0,0,0,1,3,4,17,0,15,223,305,0,0,0,0,0,1,0,0,0,0,0,0,0,0,0,0,0,6,18,25,5003,8846,24626,13072,11233,60770,8463,5521,6691,5170,6337,10749,9649,11248,12580,35400,942,9226,1192,246718,0,0,0,0,0,2804,0,0,0,10,1,0,0,8,0,0,20,36,32,2911
2021-02-04,5004,8846,24761,13091,11226,65366,8463,5522,6691,5192,6337,10749,9648,11245,12576,35383,1072,9240,982,251394,2,0,139,21,1,4623,0,1,0,22,0,0,0,0,0,0,130,29,13,4981,1,0,4,22,8,30,0,0,0,0,0,0,1,3,4,17,0,24,248,362,0,0,0,20,0,3,0,0,0,0,0,0,0,0,0,0,0,9,25,57,5005,8846,24765,13113,11234,65396,8463,5522,6691,5192,6337,10749,9649,11248,12580,35400,1072,9264,1230,251756,2,0,139,41,1,4626,0,1,0,22,0,0,0,0,0,0,130,38,38,5038
2021-02-05,5004,8846,24885,13091,11232,70044,8463,5522,6691,5222,6337,10749,9650,11245,12576,35383,1132,9324,1002,256398,0,0,124,0,6,4678,0,0,0,30,0,0,2,0,0,0,60,84,20,5004,1,0,4,22,8,37,0,0,0,0,0,0,1,3,4,17,0,26,283,406,0,0,0,0,0,7,0,0,0,0,0,0,0,0,0,0,0,2,35,44,5005,8846,24889,13113,11240,70081,8463,5522,6691,5222,6337,10749,9651,11248,12580,35400,1132,9350,1285,256804,0,0,124,0,6,4685,0,0,0,30,0,0,2,0,0,0,60,86,55,5048
2021-02-06,5004,8846,25891,13091,11232,72156,8463,5522,6692,5252,6337,10749,9650,11275,12576,35383,1162,9324,1014,259619,0,0,1006,0,0,2112,0,0,1,30,0,0,0,30,0,0,30,0,12,3221,1,0,4,22,8,40,0,0,0,0,0,0,1,3,4,17,0,26,295,421,0,0,0,0,0,3,0,0,0,0,0,0,0,0,0,0,0,0,12,15,5005,8846,25895,13113,11240,72196,8463,5522,6692,5252,6337,10749,9651,11278,12580,35400,1162,9350,1309,260040,0,0,1006,0,0,2115,0,0,1,30,0,0,0,30,0,0,30,0,24,3236
2021-02-07,5321,9372,26656,13091,11232,72840,8463,5522,6692,5252,6337,10749,9650,11285,12576,35383,1162,9324,1020,261927,317,526,765,0,0,684,0,0,0,0,0,0,0,10,0,0,0,0,6,2308,2,0,4,22,8,42,0,0,0,0,0,0,1,3,4,17,0,26,299,428,1,0,0,0,0,2,0,0,0,0,0,0,0,0,0,0,0,0,4,7,5323,9372,26660,13113,11240,72882,8463,5522,6692,5252,6337,10749,9651,11288,12580,35400,1162,9350,1319,262355,318,526,765,0,0,686,0,0,0,0,0,0,0,10,0,0,0,0,10,2315
2021-02-08,5659,9731,26850,13091,11232,74140,8644,5622,6725,5282,7085,10749,9652,11285,12576,35383,1264,9343,1042,265355,338,359,194,0,0,1300,181,100,33,30,748,0,2,0,0,0,102,19,22,3428,2,0,5,22,8,42,0,0,0,0,0,0,1,3,4,17,1,26,328,459,0,0,1,0,0,0,0,0,0,0,0,0,0,0,0,0,1,0,29,31,5661,9731,26855,13113,11240,74182,8644,5622,6725,5282,7085,10749,9653,11288,12580,35400,1265,9369,1370,265814,338,359,195,0,0,1300,181,100,33,30,748,0,2,0,0,0,103,19,51,3459
2021-02-09,5993,9861,26991,13117,11232,74695,8783,6494,6857,5701,7566,10749,9653,11325,12577,35383,1448,9384,1077,268886,334,130,141,26,0,555,139,872,132,419,481,0,1,40,1,0,184,41,35,3531,2,0,12,36,8,44,0,0,0,0,0,0,1,3,4,17,1,35,358,521,0,0,7,14,0,2,0,0,0,0,0,0,0,0,0,0,0,9,30,62,5995,9861,27003,13153,11240,74739,8783,6494,6857,5701,7566,10749,9654,11328,12581,35400,1449,9419,1435,269407,334,130,148,40,0,557,139,872,132,419,481,0,1,40,1,0,184,50,65,3593
2021-02-10,6366,10183,26992,13117,11232,75984,8801,7349,8220,6020,7744,10749,9653,11386,12578,35383,2349,9420,1094,274620,373,322,1,0,0,1289,18,855,1363,319,178,0,0,61,1,0,901,36,17,5734,2,0,14,36,8,44,0,0,0,0,0,0,1,3,4,17,2,50,388,569,0,0,2,0,0,0,0,0,0,0,0,0,0,0,0,0,1,15,30,48,6368,10183,27006,13153,11240,76028,8801,7349,8220,6020,7744,10749,9654,11389,12582,35400,2351,9470,1482,275189,373,322,3,0,0,1289,18,855,1363,319,178,0,0,61,1,0,902,51,47,5782
2021-02-11,6366,10183,28166,13663,11755,77947,9065,7960,10199,6501,7774,11200,9835,11833,12946,35474,2946,9443,1099,284355,0,0,1174,546,523,1963,264,611,1979,481,30,451,182,447,368,91,597,23,5,9735,2,0,17,45,12,44,0,0,9,0,0,2,1,3,4,17,8,53,428,645,0,0,3,9,4,0,0,0,9,0,0,2,0,0,0,0,6,3,40,76,6368,10183,28183,13708,11767,77991,9065,7960,10208,6501,7774,11202,9836,11836,12950,35491,2954,9496,1527,285000,0,0,1177,555,527,1963,264,611,1988,481,30,453,182,447,368,91,603,26,45,9811
2021-02-12,6366,10183,29203,14238,12200,80046,9383,8350,12045,6661,7873,11732,10324,12140,13590,36443,3117,9514,1107,294515,0,0,1037,575,445,2099,318,390,1846,160,99,532,489,307,644,969,171,71,8,10160,2,0,17,47,13,48,0,0,14,0,0,2,2,3,7,17,8,67,436,683,0,0,0,2,1,4,0,0,5,0,0,0,1,0,3,0,0,14,8,38,6368,10183,29220,14285,12213,80094,9383,8350,12059,6661,7873,11734,10326,12143,13597,36460,3125,9581,1543,295198,0,0,1037,577,446,2103,318,390,1851,160,99,532,490,307,647,969,171,85,16,10198
2021-02-13,6366,10183,29204,14238,12200,80147,9579,8350,12803,6811,7873,11732,10324,12418,13590,36444,3265,9514,1115,296156,0,0,1,0,0,101,196,0,758,150,0,0,0,278,0,1,148,0,8,1641,2,0,17,47,13,49,0,0,14,0,0,2,2,3,7,17,8,67,442,690,0,0,0,0,0,1,0,0,0,0,0,0,0,0,0,0,0,0,6,7,6368,10183,29221,14285,12213,80196,9579,8350,12817,6811,7873,11734,10326,12421,13597,36461,3273,9581,1557,296846,0,0,1,0,0,102,196,0,758,150,0,0,0,278,0,1,148,0,14,1648
2021-02-14,6366,10183,29204,14238,12200,80216,9808,8350,13408,6831,7873,11732,10324,12419,13590,36444,3265,9514,1116,297081,0,0,0,0,0,69,229,0,605,20,0,0,0,1,0,0,0,0,1,925,2,0,17,47,13,49,0,0,14,0,0,2,2,3,7,17,8,67,447,695,0,0,0,0,0,0,0,0,0,0,0,0,0,0,0,0,0,0,5,5,6368,10183,29221,14285,12213,80265,9808,8350,13422,6831,7873,11734,10326,12422,13597,36461,3273,9581,1563,297776,0,0,0,0,0,69,229,0,605,20,0,0,0,1,0,0,0,0,6,930
2021-02-15,6367,10183,29205,14259,12246,81137,9808,8524,14381,7128,7873,11732,10670,12419,13593,36446,3431,9533,1131,300066,1,0,1,21,46,921,0,174,973,297,0,0,346,0,3,2,166,19,15,2985,2,0,17,47,13,50,0,0,14,0,0,2,3,3,7,17,10,98,463,746,0,0,0,0,0,1,0,0,0,0,0,0,1,0,0,0,2,31,16,51,6369,10183,29222,14306,12259,81187,9808,8524,14395,7128,7873,11734,10673,12422,13600,36463,3441,9631,1594,300812,1,0,1,21,46,922,0,174,973,297,0,0,347,0,3,2,168,50,31,3036
2021-02-16,6367,10183,29205,14313,12246,81281,9808,8791,15509,7197,7873,11732,10670,12419,13593,36446,3599,9579,1138,301949,0,0,0,54,0,144,0,267,1128,69,0,0,0,0,0,0,168,46,7,1883,2,0,19,47,13,50,0,0,23,0,0,2,3,3,7,17,12,153,474,825,0,0,2,0,0,0,0,0,9,0,0,0,0,0,0,0,2,55,11,79,6369,10183,29224,14360,12259,81331,9808,8791,15532,7197,7873,11734,10673,12422,13600,36463,3611,9732,1612,302774,0,0,2,54,0,144,0,267,1137,69,0,0,0,0,0,0,170,101,18,1962
2021-02-17,6367,10183,29205,14315,12256,81790,9987,8981,16240,7197,8233,11732,10735,12419,13975,36446,3667,9620,1151,304499,0,0,0,2,10,509,179,190,731,0,360,0,65,0,382,0,68,41,13,2550,2,0,19,47,13,50,0,1,23,0,0,2,3,3,7,17,12,213,481,893,0,0,0,0,0,0,0,1,0,0,0,0,0,0,0,0,0,60,7,68,6369,10183,29224,14362,12269,81840,9987,8982,16263,7197,8233,11734,10738,12422,13982,36463,3679,9833,1632,305392,0,0,0,2,10,509,179,191,731,0,360,0,65,0,382,0,68,101,20,2618
2021-02-18,6367,10184,30883,14337,13639,84723,10567,9304,17185,7307,8459,11733,11419,13807,15077,36446,3924,9653,1166,316180,0,1,1678,22,1383,2933,580,323,945,110,226,1,684,1388,1102,0,257,33,15,11681,2,0,19,47,18,53,0,1,23,0,0,2,3,6,10,17,13,262,495,971,0,0,0,0,5,3,0,0,0,0,0,0,0,3,3,0,1,49,14,78,6369,10184,30902,14384,13657,84776,10567,9305,17208,7307,8459,11735,11422,13813,15087,36463,3937,9915,1661,317151,0,1,1678,22,1388,2936,580,323,945,110,226,1,684,1391,1105,0,258,82,29,11759
2021-02-19,6367,10909,32830,15902,15113,89119,11296,9588,17568,7472,9194,13099,12051,15201,16320,37485,4091,9675,1175,334455,0,725,1947,1565,1474,4396,729,284,383,165,735,1366,632,1394,1243,1039,167,22,9,18275,2,0,19,47,24,53,1,1,23,0,1,2,3,6,11,20,16,281,508,1018,0,0,0,0,6,0,1,0,0,0,1,0,0,0,1,3,3,19,13,47,6369,10909,32849,15949,15137,89172,11297,9589,17591,7472,9195,13101,12054,15207,16331,37505,4107,9956,1683,335473,0,725,1947,1565,1480,4396,730,284,383,165,736,1366,632,1394,1244,1042,170,41,22,18322
2021-02-20,6367,11320,34670,17056,17080,91814,11812,9707,17631,7772,9777,14045,12218,16236,17165,39645,4121,9675,1178,349289,0,411,1840,1154,1967,2695,516,119,63,300,583,946,167,1035,845,2160,30,0,3,14834,2,0,19,47,35,54,2,1,23,1,1,5,3,8,12,20,16,281,508,1038,0,0,0,0,11,1,1,0,0,1,0,3,0,2,1,0,0,0,0,20,6369,11320,34689,17103,17115,91868,11814,9708,17654,7773,9778,14050,12221,16244,17177,39665,4137,9956,1686,350327,0,411,1840,1154,1978,2696,517,119,63,301,583,949,167,1037,846,2160,30,0,3,14854
2021-02-21,7537,11320,36199,17284,18772,93815,12602,9707,17702,7772,9777,14449,12330,17212,17309,39645,4121,9675,1182,358410,1170,0,1529,228,1692,2001,790,0,71,0,0,404,112,976,144,0,0,0,4,9121,2,0,19,47,42,54,4,1,23,1,1,5,3,8,12,20,16,281,510,1049,0,0,0,0,7,0,2,0,0,0,0,0,0,0,0,0,0,0,2,11,7539,11320,36218,17331,18814,93869,12606,9708,17725,7773,9778,14454,12333,17220,17321,39665,4137,9956,1692,359459,1170,0,1529,228,1699,2001,792,0,71,0,0,404,112,976,144,0,0,0,6,9132
2021-02-22,8540,12280,37547,17609,18772,96129,13309,9728,17731,7772,9777,15500,12764,17968,17864,41991,4187,9679,1191,370338,1003,960,1348,325,0,2314,707,21,29,0,0,1051,434,756,555,2346,66,4,9,11928,3,0,19,49,42,56,5,1,23,1,1,5,3,8,12,20,20,296,526,1090,1,0,0,2,0,2,1,0,0,0,0,0,0,0,0,0,4,15,16,41,8543,12280,37566,17658,18814,96185,13314,9729,17754,7773,9778,15505,12767,17976,17876,42011,4207,9975,1717,371428,1004,960,1348,327,0,2316,708,21,29,0,0,1051,434,756,555,2346,70,19,25,11969
2021-02-23,9204,12280,38956,18941,18772,97838,13309,9738,17765,7782,9905,16269,13233,18236,18562,44920,4362,9705,1208,380985,664,0,1409,1332,0,1709,0,10,34,10,128,769,469,268,698,2929,175,26,17,10647,3,0,19,49,42,57,5,1,23,1,1,7,3,9,12,20,34,332,550,1168,0,0,0,0,0,1,0,0,0,0,0,2,0,1,0,0,14,36,24,78,9207,12280,38975,18990,18814,97895,13314,9739,17788,7783,9906,16276,13236,18245,18574,44940,4396,10037,1758,382153,664,0,1409,1332,0,1710,0,10,34,10,128,771,469,269,698,2929,189,62,41,10725
2021-02-24,9832,12524,39923,20212,19209,99974,13309,9764,17786,7782,9905,16775,13657,18439,19211,47116,4452,9719,1220,390809,628,244,967,1271,437,2136,0,26,21,0,0,506,424,203,649,2196,90,14,12,9824,3,0,19,52,47,58,5,1,23,1,1,7,3,10,12,21,34,359,564,1220,0,0,0,3,5,1,0,0,0,0,0,0,0,1,0,1,0,27,14,52,9835,12524,39942,20264,19256,100032,13314,9765,17809,7783,9906,16782,13660,18449,19223,47137,4486,10078,1784,392029,628,244,967,1274,442,2137,0,26,21,0,0,506,424,204,649,2197,90,41,26,9876
2021-02-25,10194,13653,41262,20970,19572,104318,13309,9803,17795,7841,9905,17539,14469,19520,19997,49010,4559,9751,1439,404906,362,1129,1339,758,363,4344,0,39,9,59,0,764,812,1081,786,1894,107,32,219,14097,3,1,19,52,48,63,5,1,23,2,1,7,3,10,12,25,47,388,576,1286,0,1,0,0,1,5,0,0,0,1,0,0,0,0,0,4,13,29,12,66,10197,13654,41281,21022,19620,104381,13314,9804,17818,7843,9906,17546,14472,19530,20009,49035,4606,10139,2015,406192,362,1130,1339,758,364,4349,0,39,9,60,0,764,812,1081,786,1898,120,61,231,14163
2021-02-26,10611,14372,41897,22426,20339,109791,13309,10061,17803,7851,9905,18698,15610,20474,20616,52542,4651,9762,1449,422167,417,719,635,1456,767,5473,0,258,8,10,0,1159,1141,954,619,3532,92,11,10,17261,3,2,19,52,52,69,5,1,23,2,1,9,3,10,12,27,55,407,583,1335,0,1,0,0,4,6,0,0,0,0,0,2,0,0,0,2,8,19,7,49,10614,14374,41916,22478,20391,109860,13314,10062,17826,7853,9906,18707,15613,20484,20628,52569,4706,10169,2032,423502,417,720,635,1456,771,5479,0,258,8,10,0,1161,1141,954,619,3534,100,30,17,17310
2021-02-27,11414,14843,42027,23958,21322,113555,13309,10134,17803,8095,9905,19726,16280,21166,21083,54641,4681,9762,1454,435158,803,471,130,1532,983,3764,0,73,0,244,0,1028,670,692,467,2099,30,0,5,12991,4,3,21,52,59,73,5,1,23,5,1,9,3,11,13,32,55,407,595,1372,1,1,2,0,7,4,0,0,0,3,0,0,0,1,1,5,0,0,12,37,11418,14846,42048,24010,21381,113628,13314,10135,17826,8100,9906,19735,16283,21177,21096,54673,4736,10169,2049,436530,804,472,132,1532,990,3768,0,73,0,247,0,1028,670,693,468,2104,30,0,17,13028
2021-02-28,12162,14843,42027,25051,21322,116042,13309,10134,17803,8095,9905,20011,16942,21680,21405,55205,4681,9762,1465,441844,748,0,0,1093,0,2487,0,0,0,0,0,285,662,514,322,564,0,0,11,6686,4,3,23,52,59,73,5,1,23,5,1,9,3,12,13,33,55,407,600,1381,0,0,2,0,0,0,0,0,0,0,0,0,0,1,0,1,0,0,5,9,12166,14846,42050,25103,21381,116115,13314,10135,17826,8100,9906,20020,16945,21692,21418,55238,4736,10169,2065,443225,748,0,2,1093,0,2487,0,0,0,0,0,285,662,515,322,565,0,0,16,6695
2021-03-01,12162,14843,42028,25797,21323,127707,13309,10306,17817,8125,9905,20630,18293,22285,21927,57931,4693,9762,1473,460316,0,0,1,746,1,11665,0,172,14,30,0,619,1351,605,522,2726,12,0,8,18472,4,3,23,52,59,75,5,2,25,5,1,9,3,12,14,33,63,407,606,1401,0,0,0,0,0,2,0,1,2,0,0,0,0,0,1,0,8,0,6,20,12166,14846,42051,25849,21382,127782,13314,10308,17842,8130,9906,20639,18296,22297,21941,57964,4756,10169,2079,461717,0,0,1,746,1,11667,0,173,16,30,0,619,1351,605,523,2726,20,0,14,18492
2021-03-02,12162,14853,42028,25797,21323,139395,13310,10430,17817,8215,9905,21574,20017,22885,23072,59261,4716,9783,1494,478037,0,10,0,0,0,11688,1,124,0,90,0,944,1724,600,1145,1330,23,21,21,17721,4,3,25,52,59,81,5,2,25,5,1,9,6,12,15,33,80,426,621,1464,0,0,2,0,0,6,0,0,0,0,0,0,3,0,1,0,17,19,15,63,12166,14856,42053,25849,21382,139476,13315,10432,17842,8220,9906,21583,20023,22897,23087,59294,4796,10209,2115,479501,0,10,2,0,0,11694,1,124,0,90,0,944,1727,600,1146,1330,40,40,36,17784
2021-03-03,12162,14853,42028,25797,21323,151260,13310,10946,17818,8245,9915,22284,21953,23775,23882,60802,4732,9823,1514,496422,0,0,0,0,0,11865,0,516,1,30,10,710,1936,890,810,1541,16,40,20,18385,4,3,25,52,59,83,5,2,25,5,1,9,7,12,15,33,84,440,635,1499,0,0,0,0,0,2,0,0,0,0,0,0,1,0,0,0,4,14,14,35,12166,14856,42053,25849,21382,151343,13315,10948,17843,8250,9916,22293,21960,23787,23897,60835,4816,10263,2149,497921,0,0,0,0,0,11867,0,516,1,30,10,710,1937,890,810,1541,20,54,34,18420
2021-03-04,12162,14854,42028,25798,21324,163613,13310,11426,17819,8314,9966,22724,24056,24687,24437,63149,4757,9863,1524,515811,0,1,0,1,1,12353,0,480,1,69,51,440,2103,912,555,2347,25,40,10,19389,4,3,25,52,59,86,5,2,25,5,1,9,7,13,15,34,89,452,639,1525,0,0,0,0,0,3,0,0,0,0,0,0,0,1,0,1,5,12,4,26,12166,14857,42053,25850,21383,163699,13315,11428,17844,8319,9967,22733,24063,24700,24452,63183,4846,10315,2163,517336,0,1,0,1,1,12356,0,480,1,69,51,440,2103,913,555,2348,30,52,14,19415
2021-03-05,12162,14855,42028,26235,21324,175054,13310,11887,17819,8363,10010,23038,26168,25842,25318,66362,4767,9967,1536,536045,0,1,0,437,0,11441,0,461,0,49,44,314,2112,1155,881,3213,10,104,12,20234,4,3,25,52,59,90,5,2,25,5,1,9,10,13,15,35,98,472,645,1568,0,0,0,0,0,4,0,0,0,0,0,0,3,0,0,1,9,20,6,43,12166,14858,42053,26287,21383,175144,13315,11889,17844,8368,10011,23047,26178,25855,25333,66397,4865,10439,2181,537613,0,1,0,437,0,11445,0,461,0,49,44,314,2115,1155,881,3214,19,124,18,20277
2021-03-06,12162,14855,42030,26583,21324,184701,13310,11992,17819,8363,10010,23038,27759,26255,27116,68139,4767,9967,1549,551739,0,0,2,348,0,9647,0,105,0,0,0,0,1591,413,1798,1777,0,0,13,15694,4,3,25,53,59,96,5,2,25,5,1,9,10,13,16,37,98,472,650,1583,0,0,0,1,0,6,0,0,0,0,0,0,0,0,1,2,0,0,5,15,12166,14858,42055,26636,21383,184797,13315,11994,17844,8368,10011,23047,27769,26268,27132,68176,4865,10439,2199,553322,0,0,2,349,0,9653,0,105,0,0,0,0,1591,413,1799,1779,0,0,18,15709
2021-03-07,12162,14856,42030,27352,21324,194080,13310,11992,17819,8373,10010,23206,29410,26687,28416,69902,4767,9967,1599,567262,0,1,0,769,0,9379,0,0,0,10,0,168,1651,432,1300,1763,0,0,50,15523,4,3,25,53,59,98,5,2,25,5,1,9,10,13,16,37,98,472,650,1585,0,0,0,0,0,2,0,0,0,0,0,0,0,0,0,0,0,0,0,2,12166,14859,42055,27405,21383,194178,13315,11994,17844,8378,10011,23215,29420,26700,28432,69939,4865,10439,2249,568847,0,1,0,769,0,9381,0,0,0,10,0,168,1651,432,1300,1763,0,0,50,15525
2021-03-08,12162,14857,42030,27353,21325,204461,13310,12109,17819,8373,10020,23206,31029,27119,29714,72462,4782,9985,1623,583739,0,1,0,1,1,10381,0,117,0,0,10,0,1619,432,1298,2560,15,18,24,16477,4,3,25,53,59,509,5,2,25,5,1,9,11,13,16,37,103,475,664,2019,0,0,0,0,0,411,0,0,0,0,0,0,1,0,0,0,5,3,14,434,12166,14860,42055,27406,21384,204970,13315,12111,17844,8378,10021,23215,31040,27132,29730,72499,4885,10460,2287,585758,0,1,0,1,1,10792,0,117,0,0,10,0,1620,432,1298,2560,20,21,38,16911
2021-03-09,12162,14857,42032,27353,21327,215299,13310,12455,17873,8373,10030,23206,33410,27795,31054,74878,4784,9991,1684,601873,0,0,2,0,2,10838,0,346,54,0,10,0,2381,676,1340,2416,2,6,61,18134,4,3,26,53,59,1067,5,2,42,5,1,9,11,13,18,39,111,489,672,2629,0,0,1,0,0,558,0,0,17,0,0,0,0,0,2,2,8,14,8,610,12166,14860,42058,27406,21386,216366,13315,12457,17915,8378,10031,23215,33421,27808,31072,74917,4895,10480,2356,604502,0,0,3,0,2,11396,0,346,71,0,10,0,2381,676,1342,2418,10,20,69,18744
2021-03-10,12162,14857,42759,28082,22205,224440,13499,12635,17874,8421,10040,23206,36176,28753,32262,76902,4841,9991,1752,620857,0,0,727,729,878,9141,189,180,1,48,10,0,2766,958,1208,2024,57,0,68,18984,4,3,174,53,59,1599,5,3,42,7,1,9,11,13,18,42,134,489,683,3349,0,0,148,0,0,532,0,1,0,2,0,0,0,0,0,3,23,0,11,720,12166,14860,42933,28135,22264,226040,13504,12638,17916,8428,10041,23215,36187,28766,32280,76944,4975,10480,2435,624207,0,0,875,729,878,9674,189,181,1,50,10,0,2766,958,1208,2027,80,0,79,19705
2021-03-11,12638,15235,44351,29428,23460,234702,15159,12812,18447,8486,10094,23970,39120,30104,34323,81728,4855,9997,1805,650714,476,378,1592,1346,1255,10262,1660,177,573,65,54,764,2944,1351,2061,4826,14,6,53,29857,5,3,176,56,62,1851,5,3,56,11,2,9,11,14,19,42,160,493,686,3664,1,0,2,3,3,252,0,0,14,4,1,0,0,1,1,0,26,4,3,315,12643,15238,44527,29484,23522,236554,15164,12815,18503,8497,10096,23979,39131,30118,34342,81770,5015,10490,2491,654379,477,378,1594,1349,1258,10514,1660,177,587,69,55,764,2944,1352,2062,4826,40,10,56,30172
2021-03-12,13058,15457,46792,30407,24990,246194,16713,13082,19062,8496,10813,25761,41556,32160,36635,86847,4902,10006,1880,684811,420,222,2441,979,1530,11492,1554,270,615,10,719,1791,2436,2056,2312,5119,47,9,75,34097,5,3,176,56,67,2050,6,3,56,11,2,10,11,15,19,43,201,494,692,3920,0,0,0,0,5,199,1,0,0,0,0,1,0,1,0,1,41,1,6,256,13063,15460,46968,30463,25057,248246,16719,13085,19118,8507,10815,25771,41567,32175,36654,86890,5103,10500,2572,688733,420,222,2441,979,1535,11692,1555,270,615,10,719,1792,2436,2057,2312,5120,88,10,81,34354
2021-03-13,13335,17032,49360,32062,26106,256525,18459,13304,19099,8536,11559,26739,43854,35522,38825,91748,4902,10006,1889,718862,277,1575,2568,1655,1116,10331,1746,222,37,40,746,978,2298,3362,2190,4901,0,0,9,34051,5,3,177,56,70,2054,6,3,56,11,3,10,11,15,20,44,201,494,698,3937,0,0,1,0,3,4,0,0,0,0,1,0,0,0,1,1,0,0,6,17,13340,17035,49537,32118,26176,258581,18465,13307,19155,8547,11562,26749,43865,35537,38845,91792,5103,10500,2587,722801,277,1575,2569,1655,1119,10335,1746,222,37,40,747,978,2298,3362,2191,4902,0,0,15,34068
2021-03-14,13335,18613,51476,33440,26418,266724,19947,13304,19125,8536,11827,27656,46072,37718,39840,96342,4902,10006,1897,747178,0,1581,2116,1378,312,10199,1488,0,26,0,268,917,2218,2196,1015,4594,0,0,8,28316,5,3,177,59,70,2056,6,3,56,11,3,10,12,16,20,45,201,494,698,3945,0,0,0,3,0,2,0,0,0,0,0,0,1,1,0,1,0,0,0,8,13340,18616,51653,33499,26488,268782,19953,13307,19181,8547,11830,27666,46084,37734,39860,96387,5103,10500,2595,751125,0,1581,2116,1381,312,10201,1488,0,26,0,268,917,2219,2197,1015,4595,0,0,8,28324
2021-03-15,13865,18613,54204,35584,28573,277206,20074,13718,19207,8560,12051,28491,47539,39760,40952,102240,4911,10006,2040,777594,530,0,2728,2144,2155,10482,127,414,82,24,224,835,1467,2042,1112,5898,9,0,143,30416,5,3,177,60,73,2061,6,3,56,17,4,10,12,16,22,47,233,494,707,4006,0,0,0,1,3,5,0,0,0,6,1,0,0,0,2,2,32,0,9,61,13870,18616,54381,35644,28646,279269,20080,13721,19263,8577,12055,28501,47551,39776,40974,102287,5144,10500,2747,781602,530,0,2728,2145,2158,10487,127,414,82,30,225,835,1467,2042,1114,5900,41,0,152,30477
2021-03-16,14438,19513,56868,37281,29852,287706,20594,14118,19296,8579,12213,29135,48247,42175,42446,108224,4923,10006,2124,807738,573,900,2664,1697,1279,10500,520,400,89,19,162,644,708,2415,1494,5984,12,0,84,30144,5,3,177,60,79,2066,8,3,56,17,5,10,12,16,22,48,241,494,721,4043,0,0,0,0,6,5,2,0,0,0,1,0,0,0,0,1,8,0,14,37,14443,19516,57045,37341,29931,289774,20602,14121,19352,8596,12218,29145,48259,42191,42468,108272,5164,10500,2845,811783,573,900,2664,1697,1285,10505,522,400,89,19,163,644,708,2415,1494,5985,20,0,98,30181
2021-03-17,14859,19819,60265,38251,31820,295809,21805,14798,19659,8628,13240,29957,48280,43646,44561,112907,4934,10015,2195,835448,421,306,3397,970,1968,8103,1211,680,363,49,1027,822,33,1471,2115,4683,11,9,71,27710,5,3,179,60,82,2070,13,3,56,17,5,10,12,17,23,50,250,495,731,4081,0,0,2,0,3,4,5,0,0,0,0,0,0,1,1,2,9,1,10,38,14864,19822,60444,38311,31902,297881,21818,14801,19715,8645,13245,29967,48292,43663,44584,112957,5184,10510,2926,839531,421,306,3399,970,1971,8107,1216,680,363,49,1027,822,33,1472,2116,4685,20,10,81,27748
2021-03-18,15888,21495,64371,42242,34170,303449,23896,14798,21264,8655,14771,31451,49130,45452,46972,120611,4945,10019,2211,875790,1029,1676,4106,3991,2350,7640,2091,0,1605,27,1531,1494,850,1806,2411,7704,11,4,16,40342,5,4,195,62,89,2087,22,3,56,20,58,68,12,19,23,54,250,501,742,4270,0,1,16,2,7,17,9,0,0,3,53,58,0,2,0,4,0,6,11,189,15893,21499,64566,42304,34259,305538,23919,14801,21320,8675,14829,31519,49142,45471,46995,120665,5195,10520,2953,880063,1029,1677,4122,3993,2357,7657,2101,0,1605,30,1584,1552,850,1808,2411,7708,11,10,27,40532
2021-03-19,16701,24183,68558,46284,36824,310790,26029,14798,23319,8699,15362,34354,50352,46784,49609,128277,4974,10028,2219,918144,813,2688,4187,4042,2654,7341,2133,0,2055,44,591,2903,1222,1332,2637,7666,29,9,8,42354,5,4,196,64,89,2091,22,3,57,25,58,68,14,19,23,63,258,502,746,4307,0,0,1,2,0,4,0,0,1,5,0,0,2,0,0,9,8,1,4,37,16706,24187,68754,46348,36913,312883,26052,14801,23376,8724,15420,34422,50366,46803,49632,128340,5232,10530,2965,922454,813,2688,4188,4044,2654,7345,2133,0,2056,49,591,2903,1224,1332,2637,7675,37,10,12,42391
2021-03-20,16981,25805,71741,48324,38669,315799,27371,15276,24375,8699,15917,37437,51091,47759,52104,132456,4974,10028,2225,947031,280,1622,3183,2040,1845,5009,1342,478,1056,0,555,3083,739,975,2495,4179,0,0,6,28887,5,4,196,65,91,2093,30,3,58,25,58,68,14,19,24,67,258,502,754,4334,0,0,0,1,2,2,8,0,1,0,0,0,0,0,1,4,0,0,8,27,16986,25809,71937,48389,38760,317894,27402,15279,24433,8724,15975,37505,51105,47778,52128,132523,5232,10530,2979,951368,280,1622,3183,2041,1847,5011,1350,478,1057,0,555,3083,739,975,2496,4183,0,0,14,28914
2021-03-21,17170,27328,75152,49568,40266,320381,27915,15671,25032,8699,15917,38787,51805,48182,53849,135445,4974,10028,2233,968402,189,1523,3411,1244,1597,4582,544,395,657,0,0,1350,714,423,1745,2989,0,0,8,21371,5,4,196,65,92,2102,30,3,60,25,58,68,14,19,25,68,258,502,758,4352,0,0,0,0,1,9,0,0,2,0,0,0,0,0,1,1,0,0,4,18,17175,27332,75348,49633,40358,322485,27946,15674,25092,8724,15975,38855,51819,48201,53874,135513,5232,10530,2991,972757,189,1523,3411,1244,1598,4591,544,395,659,0,0,1350,714,423,1746,2990,0,0,12,21389
2021-03-22,17415,27635,76979,52207,40607,333147,28150,16419,25333,8699,15927,40394,52934,49789,54558,137761,4974,10045,2249,995222,245,307,1827,2639,341,12766,235,748,301,0,10,1607,1129,1607,709,2316,0,17,16,26820,5,4,196,65,92,2118,30,3,60,25,58,68,14,19,25,70,258,516,766,4392,0,0,0,0,0,16,0,0,0,0,0,0,0,0,0,2,0,14,8,40,17420,27639,77175,52272,40699,335267,28181,16422,25393,8724,15985,40462,52948,49808,54583,137831,5232,10561,3015,999617,245,307,1827,2639,341,12782,235,748,301,0,10,1607,1129,1607,709,2318,0,31,24,26860
2021-03-23,17518,27914,78799,53538,41561,349281,28984,16819,25386,8783,15937,42084,54153,53357,57529,139527,4981,10065,2272,1028488,103,279,1820,1331,954,16134,834,400,53,84,10,1690,1219,3568,2971,1766,7,20,23,33266,5,4,196,65,92,2130,31,3,60,29,58,68,16,19,26,73,261,516,776,4428,0,0,0,0,0,12,1,0,0,4,0,0,2,0,1,3,3,0,10,36,17523,27918,78995,53603,41653,351413,29016,16822,25446,8812,15995,42152,54169,53376,57555,139600,5242,10581,3048,1032919,103,279,1820,1331,954,16146,835,400,53,88,10,1690,1221,3568,2972,1769,10,20,33,33302
2021-03-24,17540,28009,82867,55183,44556,366024,30629,17297,25406,8823,16043,44999,54902,56852,60287,142758,4987,10098,2303,1069563,22,95,4068,1645,2995,16743,1645,478,20,40,106,2915,749,3495,2758,3231,6,33,31,41075,5,4,199,65,93,2142,31,3,60,29,58,75,16,21,26,78,265,522,783,4475,0,0,3,0,1,12,0,0,0,0,0,7,0,2,0,5,4,6,7,47,17545,28013,83066,55248,44649,368168,30661,17300,25466,8852,16101,45074,54918,56873,60313,142836,5252,10620,3086,1074041,22,95,4071,1645,2996,16755,1645,478,20,40,106,2922,749,3497,2758,3236,10,39,38,41122
2021-03-25,18733,29271,87009,59256,47571,382042,34147,18548,26717,8892,16585,47745,57502,60392,63473,150000,4993,10108,2376,1125360,1193,1262,4142,4073,3015,16018,3518,1251,1311,69,542,2746,2600,3540,3186,7242,6,10,73,55797,5,5,199,69,93,2165,32,3,60,32,58,76,17,21,29,84,270,522,790,4530,0,1,0,4,0,23,1,0,0,3,0,1,1,0,3,6,5,0,7,55,18738,29276,87208,59325,47664,384209,34180,18551,26777,8924,16643,47821,57519,60413,63502,150084,5263,10630,3166,1129893,1193,1263,4142,4077,3015,16041,3519,1251,1311,72,542,2747,2601,3540,3189,7248,11,10,80,55852
2021-03-26,20455,30805,90775,63148,50319,396793,37707,19644,27795,8921,18097,49886,60176,61848,66532,159416,5023,10112,2459,1179911,1722,1534,3766,3892,2748,14751,3560,1096,1078,29,1512,2141,2674,1456,3059,9416,30,4,83,54551,5,5,203,69,94,2182,32,3,60,32,99,78,18,21,31,90,301,539,800,4662,0,0,4,0,1,17,0,0,0,0,41,2,1,0,2,6,31,17,10,132,20460,30810,90978,63217,50413,398977,37740,19647,27855,8953,18196,49964,60194,61869,66563,159506,5324,10651,3259,1184576,1722,1534,3770,3892,2749,14768,3560,1096,1078,29,1553,2143,2675,1456,3061,9422,61,21,93,54683
2021-03-27,22002,33140,94724,65482,51607,408120,41042,20118,27795,8921,20107,52750,62520,64001,69981,166063,5023,10114,2460,1225970,1547,2335,3949,2334,1288,11327,3335,474,0,0,2010,2864,2344,2153,3449,6647,0,2,1,46059,5,6,204,69,94,2191,33,3,60,32,99,78,19,21,35,92,301,587,805,4734,0,1,1,0,0,9,1,0,0,0,0,0,1,0,4,2,0,48,5,72,22007,33146,94928,65551,51701,410313,41076,20121,27855,8953,20206,52828,62539,64022,70016,166155,5324,10701,3265,1230707,1547,2336,3950,2334,1288,11336,3336,474,0,0,2010,2864,2345,2153,3453,6649,0,50,6,46131
2021-03-28,22995,35426,98848,67349,52364,418363,43707,20118,27960,8921,21844,54547,64915,65403,72638,172043,5023,10114,2465,1265043,993,2286,4124,1867,757,10243,2665,0,165,0,1737,1797,2395,1402,2657,5980,0,0,5,39073,5,9,204,71,94,2192,33,3,60,32,99,80,19,21,35,93,301,587,823,4761,0,3,0,2,0,1,0,0,0,0,0,2,0,0,0,1,0,0,18,27,23000,35435,99052,67420,52458,420557,43741,20121,28020,8953,21943,54627,64934,65424,72673,172136,5324,10701,3288,1269807,993,2289,4124,1869,757,10244,2665,0,165,0,1737,1799,2395,1402,2657,5981,0,0,23,39100
2021-03-29,23542,35662,103658,69001,55765,431153,45266,20822,27970,8921,22919,55890,67437,66775,76284,180277,5023,10114,2471,1308950,547,236,4810,1652,3401,12790,1559,704,10,0,1075,1343,2522,1372,3646,8234,0,0,6,43907,5,10,211,71,98,2206,33,3,60,32,99,80,24,22,37,96,301,587,842,4817,0,1,7,0,4,14,0,0,0,0,0,0,5,1,2,3,0,0,19,56,23547,35672,103869,69072,55863,433361,45300,20825,28030,8953,23018,55970,67461,66797,76321,180373,5324,10701,3313,1313770,547,237,4817,1652,3405,12804,1559,704,10,0,1075,1343,2527,1373,3648,8237,0,0,25,43963
2021-03-30,23874,36001,107872,71120,59158,444580,46331,21567,27991,8921,24025,56431,69801,70062,79733,186903,5043,10114,2476,1352003,332,339,4214,2119,3393,13427,1065,745,21,0,1106,541,2364,3287,3449,6626,20,0,5,43053,5,10,215,72,98,2229,33,3,60,32,99,80,25,22,37,105,413,587,848,4973,0,0,4,1,0,23,0,0,0,0,0,0,1,0,0,9,112,0,6,156,23879,36011,108087,71192,59256,446811,46365,21570,28051,8953,24124,56511,69826,70084,79770,187008,5456,10701,3324,1356979,332,339,4218,2120,3393,13450,1065,745,21,0,1106,541,2365,3287,3449,6635,132,0,11,43209
2021-03-31,25565,36109,112558,74209,63023,457563,47671,22019,28022,8931,25109,57858,72340,72932,83121,189076,5059,10124,2544,1393833,1691,108,4686,3089,3865,12983,1340,452,31,10,1084,1427,2539,2870,3388,2173,16,10,68,41830,5,10,220,72,99,2250,33,3,60,32,102,80,30,22,37,124,494,607,864,5144,0,0,5,0,1,21,0,0,0,0,3,0,5,0,0,19,81,20,16,171,25570,36119,112778,74281,63122,459815,47705,22022,28082,8963,25211,57938,72370,72954,83158,189200,5553,10731,3408,1398980,1691,108,4691,3089,3866,13004,1340,452,31,10,1087,1427,2544,2870,3388,2192,97,30,84,42001
2021-04-01,25565,37519,116404,77438,65785,468835,51024,22677,29360,8950,26846,60219,74766,76820,86426,196486,5070,10152,2650,1442992,0,1410,3846,3229,2762,11272,3353,658,1338,19,1737,2361,2426,3888,3305,7410,11,28,106,49159,5,10,236,73,100,2255,39,3,61,34,104,81,30,22,37,126,552,619,873,5260,0,0,16,1,1,5,6,0,1,2,2,1,0,0,0,2,58,12,9,116,25570,37529,116640,77511,65885,471092,51064,22680,29421,8984,26950,60300,74796,76842,86463,196612,5622,10771,3523,1448255,0,1410,3862,3230,2763,11277,3359,658,1339,21,1739,2362,2426,3888,3305,7412,69,40,115,49275
2021-04-02,27597,39936,119827,80662,68146,477594,54279,22874,30115,8950,27798,62571,77121,80400,88641,205820,5075,10153,2654,1490213,2032,2417,3423,3224,2361,8759,3255,197,755,0,952,2352,2355,3580,2215,9334,5,1,4,47221,6,10,242,75,100,2261,41,3,67,34,105,85,30,22,38,132,635,700,883,5469,1,0,6,2,0,6,2,0,6,0,1,4,0,0,1,6,83,81,10,209,27603,39946,120069,80737,68246,479857,54321,22877,30182,8984,27903,62656,77151,80422,88679,205952,5710,10854,3537,1495686,2033,2417,3429,3226,2361,8765,3257,197,761,0,953,2356,2355,3580,2216,9340,88,83,14,47431
2021-04-03,29190,42492,123330,82021,70941,484403,57390,23083,30115,8991,27798,64412,79473,84056,91812,214019,5077,10157,2672,1531432,1593,2556,3503,1359,2795,6809,3111,209,0,41,0,1841,2352,3656,3171,8199,2,4,18,41219,7,13,246,78,100,2268,42,3,67,34,105,86,31,24,39,140,643,779,889,5594,1,3,4,3,0,7,1,0,0,0,0,1,1,2,1,8,8,79,6,125,29197,42505,123576,82099,71041,486674,57433,23086,30182,9025,27903,64498,79504,84080,91851,214159,5720,10937,3561,1537031,1594,2559,3507,1362,2795,6817,3112,209,0,41,0,1842,2353,3658,3172,8207,10,83,24,41345
2021-04-04,29190,44650,126750,83200,71819,489062,59487,23083,30115,8991,27798,65278,81772,86513,92866,215431,5077,10157,2832,1554071,0,2158,3420,1179,878,4659,2097,0,0,0,0,866,2299,2457,1054,1412,0,0,160,22639,7,18,246,78,101,2274,43,3,67,34,105,86,33,26,39,140,643,779,898,5620,0,5,0,0,1,6,1,0,0,0,0,0,2,2,0,0,0,0,9,26,29197,44668,126996,83278,71920,491339,59531,23086,30182,9025,27903,65364,81805,86539,92905,215571,5720,10937,3730,1559696,0,2163,3420,1179,879,4665,2098,0,0,0,0,866,2301,2459,1054,1412,0,0,169,22665
2021-04-05,31390,44977,129973,87231,75436,494717,60087,23799,30115,9041,27798,67019,84105,88338,97662,224476,5077,10158,2835,1594234,2200,327,3223,4031,3617,5655,600,716,0,50,0,1741,2333,1825,4796,9045,0,1,3,40163,7,18,251,80,101,2280,43,3,67,35,105,86,40,26,42,143,643,819,919,5708,0,0,5,2,0,6,0,0,0,1,0,0,7,0,3,3,0,40,21,88,31397,44995,130224,87311,75537,497000,60131,23802,30182,9076,27903,67105,84145,88364,97704,224619,5720,10978,3754,1599947,2200,327,3228,4033,3617,5661,600,716,0,51,0,1741,2340,1825,4799,9048,0,41,24,40251
2021-04-06,32329,48463,131434,92047,79118,501145,62967,24503,30398,9125,27798,69211,86546,90400,100565,232646,5093,10189,2838,1636815,939,3486,1461,4816,3682,6428,2880,704,283,84,0,2192,2441,2062,2903,8170,16,31,3,42581,8,76,254,81,102,2300,46,3,67,42,216,86,40,27,44,154,717,1991,935,7189,1,58,3,1,1,20,3,0,0,7,111,0,0,1,2,11,74,1172,16,1481,32337,48539,131688,92128,79220,503448,63014,24506,30465,9167,28014,69297,86586,90427,100609,232800,5810,12181,3773,1644009,940,3544,1464,4817,3683,6448,2883,704,283,91,111,2192,2441,2063,2905,8181,90,1203,19,44062
2021-04-07,35613,51932,135592,97331,82259,509531,66205,25207,30398,9209,28143,71804,86702,92697,102827,239137,5117,10235,2840,1682779,3284,3469,4158,5284,3141,8386,3238,704,0,84,345,2593,156,2297,2262,6491,24,46,2,45964,8,153,441,84,106,2349,431,3,67,42,704,87,42,28,46,158,784,2850,991,9374,0,77,187,3,4,49,385,0,0,0,488,1,2,1,2,4,67,859,56,2185,35621,52085,136033,97415,82365,511883,66637,25210,30465,9251,28847,71891,86744,92725,102873,239295,5901,13086,3831,1692158,3284,3546,4345,5287,3145,8435,3623,704,0,84,833,2594,158,2298,2264,6495,91,905,58,48149
2021-04-08,37964,54494,140911,103001,85883,522751,69979,26130,31019,9300,28525,76572,89720,97494,106680,251275,5133,10268,2927,1750026,2351,2562,5319,5670,3624,13220,3774,923,621,91,382,4768,3018,4797,3853,12138,16,33,87,67247,8,547,1130,111,108,2373,879,3,312,43,1604,88,44,29,60,333,818,3418,999,12907,0,394,689,27,2,24,448,0,245,1,900,1,2,1,14,175,34,568,8,3533,37972,55041,142041,103112,85991,525127,70859,26133,31331,9343,30129,76660,89764,97523,106740,251608,5951,13687,3926,1762938,2351,2956,6008,5697,3626,13244,4222,923,866,92,1282,4769,3020,4798,3867,12313,50,601,95,70780
2021-04-09,41253,57158,146304,108312,89632,537969,73746,27341,32050,9300,30303,81092,92999,101548,111399,263677,5160,10301,2948,1822492,3289,2664,5393,5311,3749,15218,3767,1211,1031,0,1778,4520,3279,4054,4719,12402,27,33,21,72466,9,1013,1815,111,109,2434,933,3,533,43,1804,91,46,30,63,551,881,4161,1006,15636,1,466,685,0,1,61,54,0,221,0,200,3,2,1,3,218,63,743,7,2729,41262,58171,148119,108423,89741,540406,74680,27344,32583,9343,32107,81183,93045,101578,111462,264228,6041,14463,3954,1838133,3290,3130,6078,5311,3750,15279,3821,1211,1252,0,1978,4523,3281,4055,4722,12620,90,776,28,75195
2021-04-10,44160,60151,153506,111788,93227,546661,77515,28030,32496,9300,31848,84787,95866,104785,115022,274760,5165,10323,2950,1882340,2907,2993,7202,3476,3595,8692,3769,689,446,0,1545,3695,2867,3237,3623,11083,5,22,2,59848,9,1469,2428,112,122,2451,934,4,755,43,1807,91,48,31,68,558,906,4569,1009,17414,0,456,613,1,13,17,1,1,222,0,3,0,2,1,5,7,25,408,3,1778,44169,61621,155934,111900,93349,549115,78450,28034,33251,9343,33655,84878,95914,104816,115090,275318,6071,14893,3959,1899760,2907,3450,7815,3477,3608,8709,3770,690,668,0,1548,3695,2869,3238,3628,11090,30,430,5,61627
2021-04-11,45723,63293,161896,114111,95689,554655,81075,28636,32537,9300,31899,87713,98535,108473,119321,286067,5165,10329,2953,1937370,1563,3142,8390,2323,2462,7994,3560,606,41,0,51,2926,2669,3688,4299,11307,0,6,3,55030,9,1623,2430,113,395,2468,937,4,912,43,1807,91,50,31,68,577,906,4653,1012,18129,0,154,2,1,273,17,3,0,157,0,0,0,2,0,0,19,0,84,3,715,45732,64917,164326,114224,96084,557126,82013,28640,33449,9343,33706,87804,98585,108504,119389,286644,6071,14983,3965,1955505,1563,3296,8392,2324,2735,8011,3563,606,198,0,51,2926,2671,3688,4299,11326,0,90,6,55745
2021-04-12,48501,63445,168613,116356,99607,567999,83494,28918,33162,9300,31973,91536,101529,113147,123275,296732,5198,10362,2957,1996104,2778,152,6717,2245,3918,13344,2419,282,625,0,74,3823,2994,4674,3954,10665,33,33,4,58734,234,1653,2432,114,397,2695,940,4,914,43,1807,93,54,35,72,583,1069,5023,1018,19180,225,30,2,1,2,227,3,0,2,0,0,2,4,4,4,6,163,370,6,1051,48735,65099,171045,116470,100004,570697,84435,28922,34076,9343,33780,91629,101583,113182,123347,297315,6267,15386,3975,2015290,3003,182,6719,2246,3920,13571,2422,282,627,0,74,3825,2998,4678,3958,10671,196,403,10,59785
2021-04-13,51922,63707,176018,122204,102995,583419,86709,29761,33210,9326,32000,95600,103955,117772,129813,307548,5235,10384,2959,2064537,3421,262,7405,5848,3388,15420,3215,843,48,26,27,4064,2426,4625,6538,10816,37,22,2,68433,235,1690,2435,150,412,3238,961,13,916,47,2240,96,56,125,120,671,1238,5327,1025,20995,1,37,3,36,15,543,21,9,2,4,433,3,2,90,48,88,169,304,7,1815,52157,65398,178453,122354,103407,586660,87672,29774,34126,9373,34240,95696,104011,117897,129933,308219,6473,15712,3984,2085539,3422,299,7408,5884,3403,15963,3237,852,50,30,460,4067,2428,4715,6586,10904,206,326,9,70249
2021-04-14,54126,65998,184399,128127,107018,598609,89520,30630,33694,9337,33615,98199,105437,121660,136470,317312,5258,10398,2965,2132772,2204,2291,8381,5923,4023,15190,2811,869,484,11,1615,2599,1482,3888,6657,9764,23,14,6,68235,238,1802,2440,441,576,3866,969,13,916,47,2622,97,210,389,195,745,1328,5546,1033,23473,3,112,5,291,164,628,8,0,0,0,382,1,154,264,75,74,90,219,8,2478,54364,67801,186839,128568,107594,602478,90491,30643,34610,9384,36237,98296,105647,122049,136666,318058,6586,15945,3998,2156254,2207,2403,8386,6214,4187,15818,2819,869,484,11,1997,2600,1636,4152,6733,9839,113,233,14,70715
2021-04-15,56548,69712,193218,132231,111371,613427,92496,32064,34862,9340,34642,102779,109101,125574,142298,329017,5304,10437,3101,2207522,2422,3714,8819,4104,4353,14818,2976,1434,1168,3,1027,4580,3664,3914,5828,11705,46,39,136,74750,525,1826,2457,510,591,4319,970,16,924,88,2739,130,327,502,229,1574,1445,5823,1040,26035,287,24,17,69,15,453,1,3,8,41,117,33,117,113,34,829,117,277,7,2562,57073,71539,195675,132741,111962,617750,93468,32080,35786,9428,37381,102909,109429,126076,142528,330592,6749,16261,4141,2233568,2709,3738,8836,4173,4368,15272,2977,1437,1176,44,1144,4613,3782,4027,5862,12534,163,316,143,77314
2021-04-16,58721,73880,202605,137713,116119,628414,95887,32820,35666,9340,35834,107504,112225,129206,146177,337206,5356,10471,3166,2278310,2173,4168,9387,5482,4748,14987,3391,756,804,0,1192,4725,3124,3632,3879,8189,52,34,65,70788,788,1830,2476,510,668,4526,980,157,931,88,2747,135,334,525,229,2908,1577,6276,1042,28727,263,4,19,0,77,207,10,141,7,0,8,5,7,23,0,1334,132,453,2,2692,59509,75711,205081,138223,116787,632944,96869,32977,36597,9428,38581,107639,112560,129731,146407,340115,6933,16748,4208,2307048,2436,4172,9406,5482,4825,15194,3401,897,811,0,1200,4730,3131,3655,3879,9523,184,487,67,73480
2021-04-17,59574,76953,210960,141121,119621,639020,99280,33457,36201,9340,36584,111451,114979,131676,150068,346004,5356,10482,3171,2335298,853,3073,8355,3408,3502,10606,3393,637,535,0,750,3947,2754,2470,3891,8798,0,11,5,56988,1057,1986,2530,596,1068,4691,1061,501,931,88,2747,136,497,669,288,4118,1577,6441,1043,32025,269,156,54,86,400,165,81,344,0,0,0,1,163,144,59,1210,0,165,1,3298,60631,78940,213491,141717,120689,643715,100343,33958,37132,9428,39331,111587,115477,132345,150357,350123,6933,16924,4214,2367335,1122,3229,8410,3494,3902,10771,3474,981,535,0,750,3948,2917,2614,3950,10008,0,176,6,60287
2021-04-18,59574,80120,213615,142484,122022,647356,101914,34718,36201,9340,37119,114583,117789,133548,153521,351848,5356,10489,3174,2374771,0,3167,2655,1363,2401,8336,2634,1261,0,0,535,3132,2810,1872,3453,5844,0,7,3,39473,1057,2225,2536,598,1068,4870,1068,515,931,88,2748,138,617,835,359,4497,1577,6633,1043,33403,0,239,6,2,0,179,7,14,0,0,1,2,120,166,71,379,0,192,0,1378,60631,82347,216152,143082,123090,652230,102984,35233,37132,9428,39867,114721,118407,134383,153881,356346,6933,17124,4217,2408188,0,3407,2661,1365,2401,8515,2641,1275,0,0,536,3134,2930,2038,3524,6223,0,200,3,40853
2021-04-19,60546,81465,216058,144732,126541,658971,102612,35656,36609,9426,37196,118946,120077,136052,157402,359742,5395,10511,3177,2421114,972,1345,2443,2248,4519,11615,698,938,408,86,77,4363,2288,2504,3881,7894,39,22,3,46343,1057,2228,2538,600,1075,5666,1068,516,931,146,2748,439,818,1022,423,4537,1744,6767,1048,35371,0,3,2,2,7,796,0,1,0,58,0,301,201,187,64,40,167,134,5,1968,61603,83695,218597,145332,127616,664641,103682,36172,37540,9572,39944,119385,120896,137074,157827,364280,7139,17280,4225,2456500,972,1348,2445,2250,4526,12411,698,939,408,144,77,4664,2489,2691,3946,7934,206,156,8,48312
2021-04-20,62303,82866,220147,147097,129399,670821,106073,37037,37010,9539,37635,123753,121105,140501,159145,369461,5464,10533,3180,2473069,1757,1401,4089,2365,2858,11850,3461,1381,401,113,439,4807,1028,4449,1743,9719,69,22,3,51955,1058,2231,2544,602,1437,7378,1136,519,931,228,2748,442,1022,1255,424,4550,1952,6887,1056,38400,1,3,6,2,362,1712,68,3,0,82,0,3,204,233,1,13,208,120,8,3029,63361,85099,222692,147699,130836,678206,107211,37556,37941,9767,40383,124195,122128,141756,159571,374012,7416,17423,4236,2511488,1758,1404,4095,2367,3220,13565,3529,1384,401,195,439,4810,1232,4682,1744,9732,277,143,11,54988
2021-04-21,64710,84524,230284,150524,135668,689273,110497,37784,37749,9613,38381,129168,123149,146777,167632,380872,5535,10546,3184,2555870,2407,1658,10137,3427,6269,18452,4424,747,739,74,746,5415,2044,6276,8487,11411,71,13,4,82801,1061,2431,2769,604,1437,9215,1719,519,932,278,3094,976,1274,1318,432,4563,2148,6997,1110,42877,3,200,225,2,0,1837,583,0,1,50,346,534,252,63,8,13,196,110,54,4477,65771,86957,233054,151128,137105,698496,112218,38303,38681,9891,41475,130144,124424,148095,168066,385436,7683,17547,4294,2598768,2410,1858,10362,3429,6269,20290,5007,747,740,124,1092,5949,2296,6339,8495,11424,267,124,58,87280
2021-04-22,67148,87340,239013,156893,141306,704526,115196,39650,38225,9684,39205,134562,127196,152782,174608,394604,5592,10561,3193,2641284,2438,2816,8729,6369,5638,15253,4699,1866,476,71,824,5394,4047,6005,6976,13732,57,15,9,85414,1065,2475,3031,810,1619,10431,2193,523,1174,280,3290,1255,1277,1326,458,4883,2251,7093,1183,46617,4,44,262,206,182,1216,474,4,242,2,196,279,3,8,26,320,103,96,73,3740,68213,89817,242046,157703,142925,714968,117391,40173,39399,9964,42495,135817,128474,154108,175068,399489,7843,17658,4376,2687927,2442,2860,8992,6575,5820,16472,5173,1870,718,73,1020,5673,4050,6013,7002,14053,160,111,82,89159
2021-04-23,67541,90040,247045,163246,146526,717936,119501,41406,39469,9684,40075,139212,131014,156069,184273,408949,5624,10578,3312,2721500,393,2700,8032,6353,5220,13410,4305,1756,1244,0,870,4650,3818,3287,9665,14345,32,17,119,80216,1065,2913,4633,1075,1797,11307,2224,529,1237,280,3513,1266,1279,1338,460,4901,2358,7251,1233,50659,0,438,1602,265,178,876,31,6,63,0,223,11,2,12,2,18,107,158,50,4042,68606,92956,251680,164321,148323,729254,121727,41935,40706,9964,43588,140478,132294,157407,184735,413852,7982,17833,4545,2772186,393,3139,9634,6618,5398,14286,4336,1762,1307,0,1093,4661,3820,3299,9667,14363,139,175,169,84259
2021-04-24,69335,93295,254111,169015,151709,726048,122906,42618,40077,9694,41009,142181,134239,158315,188464,420230,5626,10578,3313,2782763,1794,3255,7066,5769,5183,8112,3405,1212,608,10,934,2969,3225,2246,4191,11281,2,0,1,61263,1069,3421,4978,1104,1852,11755,2307,605,1911,280,3763,1437,1282,1422,662,5112,2366,7251,1234,53811,4,508,345,29,55,448,83,76,674,0,250,171,3,84,202,211,8,0,1,3152,70404,96719,259091,170119,153561,737814,125215,43223,41988,9974,44772,143618,135522,159737,189129,425344,7992,17833,4547,2836602,1798,3763,7411,5798,5238,8560,3488,1288,1282,10,1184,3140,3228,2330,4394,11492,10,0,2,64416
2021-04-25,69687,96822,255643,172003,154246,731967,125435,42861,40347,9694,41619,144513,136067,159843,192365,430170,5626,10578,3316,2822802,352,3527,1532,2988,2537,5919,2529,243,270,0,610,2332,1828,1528,3901,9940,0,0,3,40039,1419,3693,5528,1202,1855,11801,2331,606,1911,280,3770,1589,1285,1518,1030,5134,2366,7251,1235,55804,350,272,550,98,3,46,24,1,0,0,7,152,3,96,368,22,0,0,1,1993,71106,100518,261173,173205,156101,743780,127768,43467,42258,9974,45389,146102,137353,161361,193400,435306,7992,17833,4551,2878637,702,3799,2082,3086,2540,5966,2553,244,270,0,617,2484,1831,1624,4271,9962,0,0,4,42035
2021-04-26,69861,98086,258426,174503,158625,740290,127347,43158,40355,9701,41721,147729,138493,161992,194840,439104,5660,10591,3316,2863798,174,1264,2783,2500,4379,8323,1912,297,8,7,102,3216,2426,2149,2475,8934,34,13,0,40996,1771,3797,6047,1203,2073,13223,2526,699,2053,328,3894,2596,1521,1668,1123,5195,2713,7297,1241,60968,352,104,519,1,218,1422,195,93,142,48,124,1007,236,150,93,61,347,46,6,5164,71632,101886,264476,175706,160698,753526,129875,43857,42408,10029,45615,150325,140015,163660,195968,444301,8373,17892,4557,2924799,526,1368,3303,2501,4597,9746,2107,390,150,55,226,4223,2662,2299,2568,8995,381,59,6,46162
2021-04-27,70681,99267,265168,176314,162294,747471,131431,43389,40357,9761,41868,149636,139337,165476,199068,446575,5714,10599,3324,2907730,820,1181,6742,1811,3669,7181,4084,231,2,60,147,1907,844,3484,4228,7471,54,8,8,43932,2056,3939,6433,1205,2429,15752,2760,1103,2102,331,4160,3268,1847,2099,1229,5710,3033,7331,1244,68031,285,142,386,2,356,2529,234,404,49,3,266,672,326,431,106,515,320,34,3,7063,72737,103209,271605,177519,164724,763237,134193,44492,42459,10092,46028,152904,141185,167575,200302,452287,8747,17934,4568,2975797,1105,1323,7129,1813,4026,9711,4318,635,51,63,413,2579,1170,3915,4334,7986,374,42,11,50998
2021-04-28,72532,102531,271899,182586,165287,755597,135989,43865,40368,9761,42536,154320,140218,168681,209594,452961,5758,10602,3327,2968412,1851,3264,6731,6272,2993,8126,4558,476,11,0,668,4684,881,3205,10526,6386,44,3,3,60682,2156,4079,7750,1889,3796,18716,3577,1182,2179,331,4547,3478,2214,2499,1715,5727,3206,7358,1304,77703,100,140,1317,684,1367,2964,817,79,77,0,387,210,367,400,486,17,173,27,60,9672,74688,106613,279653,184475,169085,774329,139568,45047,42547,10092,47083,157798,142433,171181,211314,458690,8964,17964,4631,3046155,1951,3404,8048,6956,4361,11092,5375,555,88,0,1055,4894,1248,3606,11012,6403,217,30,63,70358
2021-04-29,75135,103758,278899,189055,168537,764042,140291,45109,40921,9761,43351,158627,142297,171780,212009,459799,5803,10611,3350,3023135,2603,1227,7000,6469,3250,8445,4302,1244,553,0,815,4307,2079,3099,2415,6838,45,9,23,54723,2329,4189,8976,2450,3952,22003,3905,1204,2413,363,4781,3917,2719,2824,2248,6703,3388,7400,1465,87229,173,110,1226,561,156,3287,328,22,234,32,234,439,505,325,533,976,182,42,161,9526,77464,107950,287879,191506,172491,786062,144198,46313,43334,10124,48132,162544,145018,174605,214262,466504,9191,18015,4815,3110407,2776,1337,8226,7031,3406,11733,4630,1266,787,32,1049,4746,2585,3424,2948,7814,227,51,184,64252
2021-04-30,75552,106432,284851,195478,171257,772638,143758,46094,41735,9761,44058,162378,144589,173429,214592,469055,5845,10637,3356,3075495,417,2674,5952,6423,2720,8596,3467,985,814,0,707,3751,2292,1649,2583,9256,42,26,6,52360,2416,4819,10071,3292,4362,26057,4191,1620,2654,363,4902,4261,3173,3237,2802,7949,3568,7493,1579,98809,87,630,1095,842,410,4054,286,416,241,0,121,344,454,413,554,1246,180,93,114,11580,77968,111254,294926,198771,175622,798716,147951,47714,44389,10124,48960,166639,147764,176667,217399,477006,9413,18135,4936,3174354,504,3304,7047,7265,3131,12654,3753,1401,1055,0,828,4095,2746,2062,3137,10502,222,120,121,63947
2021-05-01,77504,109226,289788,196809,172982,779593,146286,46863,42413,9762,44622,165365,146807,174911,218534,476805,5855,10637,3357,3118119,1952,2794,4937,1331,1725,6955,2528,769,678,1,564,2987,2218,1482,3942,7750,10,0,1,42624,2500,5374,11076,3707,4385,28060,4226,2166,3030,382,4929,4505,3423,3851,3093,9206,3598,7493,1584,106588,84,555,1005,415,23,2003,35,546,376,19,27,244,250,614,291,1257,30,0,5,7779,80004,114603,300868,200518,177370,807675,150514,49029,45443,10144,49551,169870,150232,178763,221633,486013,9453,18135,4942,3224760,2036,3349,5942,1747,1748,8959,2563,1315,1054,20,591,3231,2468,2096,4234,9007,40,0,6,50406
2021-05-02,78681,112565,295530,196910,175497,786820,148465,48365,42420,9762,44622,168130,148954,176359,218929,480331,5855,10637,3358,3152190,1177,3339,5742,101,2515,7227,2179,1502,7,0,0,2765,2147,1448,395,3526,0,0,1,34071,2665,5836,11086,3982,4389,29749,4228,2174,3052,382,4929,4906,3654,4300,3186,9904,3598,7493,1585,111098,165,462,10,275,4,1689,2,8,22,0,0,401,231,449,93,698,0,0,1,4510,81346,118404,306620,200894,179889,816592,152695,50539,45472,10144,49551,173036,152610,180660,222121,490237,9453,18135,4944,3263342,1342,3801,5752,376,2519,8917,2181,1510,29,0,0,3166,2378,1897,488,4224,0,0,2,38582
2021-05-03,79325,113079,299417,199688,177814,795799,150755,49484,43453,9765,44691,171180,152115,177898,219634,487207,5855,10641,3359,3191159,644,514,3887,2778,2317,8979,2290,1119,1033,3,69,3050,3161,1539,705,6876,0,4,1,38969,3324,5953,11102,4528,6643,32683,4462,2176,3294,572,5682,5496,4316,4705,4796,11585,3598,7509,1587,124011,659,117,16,546,2254,2934,234,2,242,190,753,590,662,405,1610,1681,0,16,2,12913,82650,119035,310523,204218,184461,828506,155219,51660,46747,10337,50373,176676,156434,182604,224437,498794,9453,18155,4947,3315229,1304,631,3903,3324,4572,11914,2524,1121,1275,193,822,3640,3824,1944,2316,8557,0,20,3,51887
2021-05-04,79804,113592,304007,202687,181615,809194,155157,49579,44154,9766,44993,174319,153468,181452,220359,494289,5861,10651,3404,3238351,479,513,4590,2999,3801,13395,4402,95,701,1,302,3139,1353,3554,725,7082,6,10,45,47192,3678,6169,11226,5244,7358,35430,4809,2322,3779,675,6412,6202,4839,4943,5064,13080,3622,7528,1589,133969,354,216,124,716,715,2747,347,146,485,103,730,706,523,238,268,1495,24,19,2,9958,83483,119764,315237,207933,188977,844651,159969,51901,47933,10441,51405,180521,158310,186396,225431,507371,9483,18184,4994,3372384,833,729,4714,3715,4516,16145,4750,241,1186,104,1032,3845,1876,3792,994,8577,30,29,47,57155
2021-05-05,83359,114256,312200,210676,187409,824169,159343,50745,44267,9770,45692,177797,155205,184981,221510,505592,5874,10658,3488,3306991,3555,664,8193,7989,5794,14975,4186,1166,113,4,699,3478,1737,3529,1151,11303,13,7,84,68640,3699,6260,12919,6014,7722,38097,5460,2503,4689,742,6839,6834,5705,5400,5259,14646,3659,7550,1639,145636,21,91,1693,770,364,2667,651,181,910,67,427,632,866,457,195,1566,37,22,50,11667,87060,120519,325123,216692,195135,862294,164808,53248,48957,10512,52531,184631,160914,190382,226777,520240,9533,18213,5128,3452697,3577,755,9886,8759,6158,17643,4839,1347,1024,71,1126,4110,2604,3986,1346,12869,50,29,134,80313
2021-05-06,86184,115553,320531,219728,192994,842737,164149,52380,45724,9774,46365,181041,160112,190030,231598,519852,5895,10666,3531,3398844,2825,1297,8331,9052,5585,18568,4806,1635,1457,4,673,3244,4907,5049,10088,14260,21,8,43,91853,3707,6464,14666,6717,8147,40784,6115,2566,5746,838,7071,7466,6340,5760,5925,16724,3688,7602,1714,158040,8,204,1747,703,425,2687,655,63,1057,96,232,632,635,360,666,2078,29,52,75,12404,89893,122021,335201,226449,201146,883550,170269,54946,51473,10613,53436,188507,166456,195791,237531,536580,9583,18273,5246,3556964,2833,1502,10078,9757,6011,21256,5461,1698,2516,101,905,3876,5542,5409,10754,16340,50,60,118,104267
2021-05-07,86903,119515,327039,226414,198266,858848,166544,54112,46854,9774,46955,185006,163388,195727,239236,532671,5914,10686,3582,3477434,719,3962,6508,6686,5272,16111,2395,1732,1130,0,590,3965,3276,5697,7638,12819,19,20,51,78590,3708,6885,16233,7610,8811,43611,6710,2597,5980,838,7365,8422,6703,6263,6666,18661,3730,7692,1792,170277,1,421,1567,893,664,2827,595,31,234,0,294,956,363,503,741,1937,42,90,78,12237,90613,126404,343276,234028,207082,902489,173259,56709,52837,10613,54320,193428,170095,201991,245911,551336,9644,18383,5376,3647794,720,4383,8075,7579,5936,18939,2990,1763,1364,0,884,4921,3639,6200,8380,14756,61,110,130,90830
2021-05-08,88982,122645,333328,228504,202871,874707,171025,55595,46893,9855,47615,187612,166684,201373,246840,542265,5914,10686,3585,3546979,2079,3130,6289,2090,4605,15859,4481,1483,39,81,660,2606,3296,5646,7604,9594,0,0,3,69545,3740,7417,17713,7816,8817,44407,6986,2999,6093,1301,7544,8823,6941,6521,6849,19724,3730,7692,1795,176908,32,532,1480,206,6,796,276,402,113,463,179,401,238,258,183,1063,0,0,3,6631,92724,130066,351045,236324,211693,919144,178016,58594,52989,11157,55159,196435,173629,207895,253698,561995,9644,18383,5382,3723972,2111,3662,7769,2296,4611,16655,4757,1885,152,544,839,3007,3534,5904,7787,10659,0,0,6,76178
2021-05-09,90162,126234,341118,230003,206004,889200,174971,57397,46909,9912,48227,190331,169825,206737,250297,549226,5914,10686,3654,3606807,1180,3589,7790,1499,3133,14493,3946,1802,16,57,612,2719,3141,5364,3457,6961,0,0,69,59828,3745,7680,17740,8147,8825,45064,6994,3017,6391,1700,7548,9064,7152,6842,6888,20072,3730,7692,1796,180087,5,263,27,331,8,657,8,18,298,399,4,241,211,321,39,348,0,0,1,3179,93909,133918,358862,238154,214834,934294,181970,60414,53303,11613,55775,199395,176982,213580,257194,569304,9644,18383,5452,3786980,1185,3852,7817,1830,3141,15150,3954,1820,314,456,616,2960,3353,5685,3496,7309,0,0,70,63008
2021-05-10,90951,127068,342880,230393,207752,907298,178244,59453,46974,9919,48300,193492,172500,211708,251725,560933,5914,10694,3661,3659859,789,834,1762,390,1748,18098,3273,2056,65,7,73,3161,2675,4971,1428,11707,0,8,7,53052,3996,7683,17987,8153,9985,47117,7002,3028,7806,1928,7648,9622,7276,7505,8424,20849,3730,7725,1797,189261,251,3,247,6,1160,2053,8,11,1415,228,100,558,124,663,1536,777,0,33,1,9174,94949,134755,360871,238550,217742,954447,185251,62481,54785,11848,55948,203114,179781,219214,260159,581788,9644,18424,5460,3849211,1040,837,2009,396,2908,20153,3281,2067,1482,235,173,3719,2799,5634,2965,12484,0,41,8,62231
2021-05-11,91533,128356,349222,232896,213891,924699,182532,59685,47009,9927,48651,197961,175446,215925,253254,574758,5935,10708,3664,3726052,582,1288,6342,2503,6139,17401,4288,232,35,8,351,4469,2946,4217,1529,13825,21,14,3,66193,4293,7778,18567,8221,10100,49466,7074,3288,9419,2207,8174,9766,7437,8231,8456,22513,3768,7780,1801,198339,297,95,580,68,115,2349,72,260,1613,279,526,144,161,726,32,1664,38,55,4,9078,95828,136138,367793,241121,223996,974197,189611,62973,56433,12135,56825,207727,182888,224158,261720,597278,9703,18493,5467,3924484,879,1383,6922,2571,6254,19750,4360,492,1648,287,877,4613,3107,4944,1561,15490,59,69,7,75273
2021-05-12,95148,129753,356578,241134,219894,944897,186457,60810,47353,9943,50434,202233,179501,221729,255186,586298,5954,10719,3735,3807756,3615,1397,7356,8238,6003,20198,3925,1125,344,16,1783,4272,4055,5804,1932,11540,19,11,71,81704,4305,7834,20674,9243,10556,52305,7759,3786,11706,2617,8759,10168,8179,8857,8622,23742,3811,7808,1852,212583,12,56,2107,1022,456,2839,685,498,2287,410,585,402,742,626,166,1229,43,28,51,14244,99455,137591,377257,250382,230457,997235,194222,64596,59066,12561,59193,212401,187685,230588,263818,610047,9765,18532,5589,4020440,3627,1453,9464,9261,6461,23038,4611,1623,2633,426,2368,4674,4797,6430,2098,12769,62,39,122,95956
2021-05-13,98886,132140,364533,249698,225962,965922,190185,61590,49216,9967,52857,207104,183897,225790,265656,602007,5962,10735,3779,3905886,3738,2387,7955,8564,6068,21025,3728,780,1863,24,2423,4871,4396,4061,10470,15709,8,16,44,98130,4602,8301,21980,10741,10815,55950,8233,4380,13172,3218,9105,10660,8900,9374,8806,25910,3842,7872,1925,227786,297,467,1306,1498,259,3645,474,594,1466,601,346,492,721,517,184,2168,31,64,73,15203,103490,140446,386518,260444,236784,1021905,198424,65971,62395,13186,61963,217764,192803,235166,274472,627927,9804,18613,5706,4133781,4035,2855,9261,10062,6327,24670,4202,1375,3329,625,2770,5363,5118,4578,10654,17880,39,81,117,113341
2021-05-14,99195,137171,371494,255094,231596,986805,194280,63209,51109,9981,55576,211587,188205,229862,274767,613427,5984,10744,3789,3993875,309,5031,6961,5396,5634,20883,4095,1619,1893,14,2719,4483,4308,4072,9111,11420,22,9,10,87989,4788,8690,23072,11598,11440,59571,8628,4743,14178,3612,9322,11280,9638,9819,9038,27778,3897,7933,2003,241028,186,389,1092,857,625,3621,395,363,1006,394,217,620,738,445,232,1868,55,61,78,13242,103985,145866,394571,266697,243045,1046410,202914,67953,65294,13594,64900,222867,197851,239685,283815,641215,9881,18683,5794,4235020,495,5420,8053,6253,6261,24505,4490,1982,2899,408,2937,5103,5048,4519,9343,13288,77,70,88,101239
2021-05-15,101238,141315,378176,259488,236658,1005568,198706,65026,52511,9993,55576,215632,193153,234970,283974,626812,5984,10744,3791,4079315,2043,4144,6682,4394,5062,18763,4426,1817,1402,12,0,4045,4948,5108,9207,13385,0,0,2,85440,4796,8779,23714,12101,11497,60753,8948,5064,14575,3955,9329,11386,9845,10042,9316,28959,3897,7933,2003,246892,8,89,642,503,57,1182,320,321,397,343,7,106,207,223,278,1181,0,0,0,5864,106036,150099,401895,271594,248164,1066355,207660,70091,67093,13949,64907,227018,203006,245016,293300,655781,9881,18683,5796,4326324,2051,4233,7324,4897,5119,19945,4746,2138,1799,355,7,4151,5155,5331,9485,14566,0,0,2,91304
2021-05-16,102756,145289,385433,261433,239709,1022756,202841,66479,52740,9996,55576,219575,198038,240010,288094,638147,5984,10744,3885,4149485,1518,3974,7257,1945,3051,17188,4135,1453,229,3,0,3943,4885,5040,4120,11335,0,0,94,70170,5103,8806,23770,12197,11578,61285,8972,5082,14840,3985,9329,11395,9906,10115,9366,29767,3897,7933,2004,249330,307,27,56,96,81,532,24,18,265,30,0,9,61,73,50,808,0,0,1,2438,107861,154100,409208,273635,251296,1084075,211819,71562,67587,13982,64907,230970,207952,250129,297470,667925,9881,18683,5891,4398933,1825,4001,7313,2041,3132,17720,4159,1471,494,33,0,3952,4946,5113,4170,12144,0,0,95,72609
2021-05-17,103042,146126,388248,262739,245663,1040927,204414,68164,52864,10010,55820,223239,202180,243443,288838,651981,5984,10758,3888,4208328,286,837,2815,1306,5954,18171,1573,1685,124,14,244,3664,4142,3433,744,13834,0,14,3,58843,6079,9003,23872,12324,11897,64139,9081,5289,14933,4490,9340,12470,10836,10351,11253,31393,3897,7949,2006,260602,976,197,102,127,319,2854,109,207,93,505,11,1075,930,236,1887,1626,0,16,2,11272,109125,155134,412125,275068,257570,1105101,213501,73454,67805,14501,65162,235709,213024,253798,300101,683387,9881,18713,5896,4469055,1264,1034,2917,1433,6274,21026,1682,1892,218,519,255,4739,5072,3669,2631,15462,0,30,5,70122
