date,Ahuntsic–Cartierville,Anjou,Baie-D'Urfé,Beaconsfield,Côte-des-Neiges–Notre-Dame-de-Grâce,Côte-Saint-Luc,Dollard-des-Ormeaux,Dorval,Hampstead,Kirkland,Lachine,LaSalle,L'Île-Bizard–Sainte-Geneviève,Mercier–Hochelaga-Maisonneuve,Montréal-Est,Montréal-Nord,Montréal-Ouest,Mont-Royal,Outremont,Pierrefonds–Roxboro,Plateau-Mont-Royal,Pointe-Claire,Rivière-des-Prairies–Pointe-aux-Trembles,Rosemont–La Petite Patrie,Sainte-Anne-de-Bellevue,Saint-Laurent,Saint-Léonard,Senneville,Sud-Ouest,Verdun,Ville-Marie,Villeray–Saint-Michel–Parc-Extension,Westmount,TBC
2020-03-29,54.0,9.0,2.0,10.0,161.0,107.0,17.0,7.0,18.0,7.0,19.0,66.0,5.0,40.0,1.0,26.0,3.0,18.0,56.0,26.0,67.0,11.0,41.0,80.0,2.0,40.0,17.0,0.0,46.0,36.0,67.0,41.0,25.0,487.0
2020-03-30,66.0,14.0,2.0,9.0,182.0,120.0,18.0,10.0,20.0,7.0,22.0,78.0,7.0,62.0,1.0,33.0,3.0,24.0,61.0,27.0,80.0,11.0,51.0,97.0,2.0,49.0,20.0,0.0,56.0,43.0,78.0,56.0,29.0,653.0
2020-03-31,na,na,na,na,na,na,na,na,na,na,na,na,na,na,na,na,na,na,na,na,na,na,na,na,na,na,na,na,na,na,na,na,na,na
2020-04-01,98.0,19.0,5.0,10.0,253.0,147.0,28.0,16.0,22.0,8.0,32.0,119.0,9.0,91.0,5.0,50.0,5.0,31.0,88.0,39.0,120.0,14.0,73.0,133.0,5.0,81.0,37.0,0.0,83.0,77.0,114.0,88.0,33.0,715.0
2020-04-02,106.0,19.0,5.0,10.0,281.0,154.0,30.0,17.0,23.0,8.0,35.0,135.0,9.0,98.0,5.0,55.0,5.0,33.0,95.0,39.0,134.0,15.0,83.0,141.0,5.0,90.0,40.0,0.0,95.0,85.0,117.0,103.0,38.0,735.0
2020-04-03,131.0,26.0,5.0,10.0,323.0,169.0,36.0,23.0,26.0,11.0,45.0,170.0,11.0,126.0,5.0,79.0,5.0,34.0,103.0,45.0,156.0,18.0,102.0,166.0,5.0,103.0,48.0,0.0,107.0,97.0,127.0,126.0,39.0,788.0
2020-04-04,143.0,35.0,5.0,10.0,370.0,192.0,45.0,26.0,27.0,12.0,57.0,204.0,14.0,145.0,5.0,99.0,5.0,36.0,113.0,50.0,168.0,21.0,117.0,181.0,5.0,119.0,67.0,1.0,124.0,105.0,135.0,149.0,44.0,888.0
2020-04-05,176.0,37.0,5.0,10.0,384.0,207.0,50.0,27.0,27.0,12.0,59.0,219.0,15.0,151.0,5.0,117.0,5.0,36.0,113.0,54.0,174.0,23.0,133.0,194.0,5.0,128.0,77.0,1.0,134.0,117.0,140.0,160.0,46.0,938.0
2020-04-06,200.0,42.0,5.0,11.0,428.0,232.0,54.0,31.0,28.0,12.0,71.0,237.0,16.0,182.0,5.0,149.0,5.0,37.0,119.0,56.0,186.0,24.0,148.0,217.0,5.0,141.0,96.0,1.0,162.0,134.0,152.0,185.0,52.0,985.0
2020-04-07,223.0,47.0,5.0,13.0,453.0,241.0,64.0,37.0,28.0,12.0,78.0,267.0,20.0,195.0,5.0,165.0,5.0,38.0,131.0,69.0,203.0,30.0,161.0,227.0,5.0,152.0,103.0,1.0,171.0,141.0,164.0,199.0,55.0,1067.0
2020-04-08,247.0,59.0,5.0,14.0,501.0,262.0,66.0,37.0,29.0,14.0,83.0,286.0,19.0,213.0,6.0,193.0,5.0,44.0,139.0,75.0,220.0,32.0,180.0,247.0,5.0,163.0,124.0,2.0,184.0,154.0,174.0,242.0,57.0,1181.0
2020-04-09,277.0,67.0,5.0,14.0,522.0,264.0,68.0,37.0,29.0,15.0,83.0,298.0,22.0,232.0,7.0,238.0,5.0,44.0,143.0,78.0,232.0,33.0,194.0,260.0,5.0,167.0,139.0,2.0,210.0,174.0,185.0,266.0,57.0,1245.0
2020-04-10,305.0,72.0,5.0,14.0,538.0,266.0,71.0,37.0,29.0,15.0,84.0,312.0,22.0,255.0,8.0,263.0,5.0,45.0,145.0,83.0,233.0,33.0,216.0,278.0,5.0,172.0,153.0,2.0,224.0,183.0,190.0,292.0,58.0,1248.0
2020-04-11,333.0,81.0,5.0,14.0,543.0,267.0,72.0,37.0,29.0,17.0,85.0,313.0,25.0,276.0,8.0,291.0,5.0,46.0,144.0,86.0,235.0,33.0,235.0,301.0,5.0,181.0,168.0,2.0,227.0,186.0,193.0,302.0,59.0,1284.0
2020-04-12,353.0,87.0,5.0,13.0,559.0,267.0,73.0,38.0,29.0,17.0,87.0,324.0,25.0,298.0,7.0,326.0,5.0,47.0,147.0,88.0,248.0,34.0,253.0,317.0,5.0,191.0,184.0,2.0,236.0,198.0,205.0,326.0,60.0,1339.0
2020-04-13,392.0,92.0,5.0,13.0,640.0,270.0,75.0,41.0,29.0,18.0,89.0,339.0,27.0,330.0,7.0,357.0,5.0,49.0,148.0,90.0,259.0,37.0,285.0,336.0,5.0,200.0,210.0,2.0,268.0,240.0,215.0,367.0,62.0,1126.0
2020-04-14,417.0,97.0,5.0,13.0,671.0,279.0,76.0,41.0,29.0,18.0,93.0,349.0,28.0,359.0,7.0,404.0,5.0,51.0,153.0,93.0,275.0,37.0,313.0,340.0,5.0,213.0,224.0,2.0,286.0,276.0,225.0,390.0,63.0,993.0
2020-04-15,481.0,113.0,5.0,13.0,717.0,286.0,82.0,44.0,29.0,20.0,99.0,360.0,29.0,396.0,7.0,443.0,5.0,53.0,156.0,100.0,295.0,38.0,358.0,357.0,5.0,223.0,240.0,2.0,310.0,301.0,238.0,429.0,64.0,983.0
2020-04-16,535.0,120.0,5.0,15.0,775.0,292.0,89.0,47.0,29.0,21.0,102.0,372.0,33.0,430.0,8.0,490.0,5.0,57.0,157.0,104.0,345.0,39.0,395.0,379.0,5.0,237.0,258.0,2.0,322.0,326.0,249.0,467.0,67.0,983.0
2020-04-17,594.0,127.0,5.0,15.0,799.0,292.0,92.0,47.0,29.0,23.0,104.0,379.0,32.0,459.0,8.0,527.0,6.0,60.0,159.0,108.0,348.0,40.0,413.0,401.0,5.0,253.0,273.0,2.0,328.0,332.0,252.0,487.0,67.0,986.0
2020-04-18,663.0,138.0,5.0,15.0,839.0,300.0,96.0,49.0,29.0,25.0,108.0,384.0,31.0,488.0,8.0,577.0,6.0,63.0,162.0,110.0,363.0,40.0,444.0,418.0,5.0,271.0,294.0,2.0,350.0,350.0,261.0,529.0,70.0,964.0
2020-04-19,na,na,na,na,na,na,na,na,na,na,na,na,na,na,na,na,na,na,na,na,na,na,na,na,na,na,na,na,na,na,na,na,na,na
2020-04-20,753.0,154.0,5.0,16.0,907.0,316.0,103.0,55.0,32.0,25.0,114.0,399.0,38.0,542.0,11.0,722.0,7.0,67.0,165.0,117.0,380.0,46.0,529.0,467.0,7.0,302.0,353.0,2.0,381.0,417.0,274.0,602.0,72.0,968.0
2020-04-21,802.0,173.0,5.0,17.0,955.0,321.0,108.0,61.0,33.0,26.0,120.0,406.0,44.0,569.0,12.0,785.0,7.0,76.0,167.0,124.0,386.0,50.0,577.0,489.0,7.0,319.0,372.0,2.0,406.0,462.0,287.0,624.0,74.0,990.0
2020-04-22,835.0,188.0,5.0,17.0,987.0,325.0,109.0,62.0,33.0,26.0,126.0,425.0,45.0,618.0,13.0,839.0,7.0,87.0,170.0,127.0,401.0,52.0,647.0,527.0,7.0,340.0,394.0,2.0,427.0,505.0,302.0,660.0,77.0,990.0
2020-04-23,879.0,214.0,6.0,20.0,1035.0,328.0,117.0,71.0,33.0,29.0,129.0,428.0,52.0,671.0,14.0,891.0,7.0,93.0,170.0,138.0,416.0,59.0,708.0,552.0,7.0,354.0,418.0,2.0,448.0,518.0,321.0,701.0,84.0,984.0
2020-04-24,946.0,239.0,6.0,24.0,1053.0,330.0,126.0,73.0,37.0,25.0,146.0,469.0,49.0,761.0,15.0,1001.0,9.0,91.0,182.0,147.0,435.0,63.0,775.0,574.0,8.0,398.0,438.0,2.0,469.0,515.0,305.0,798.0,90.0,563.0
2020-04-25,973.0,256.0,6.0,24.0,1071.0,330.0,128.0,77.0,38.0,26.0,149.0,478.0,53.0,791.0,14.0,1058.0,9.0,92.0,182.0,154.0,465.0,62.0,817.0,600.0,8.0,415.0,480.0,2.0,491.0,523.0,313.0,837.0,91.0,609.0
2020-04-26,1007.0,279.0,6.0,25.0,1097.0,335.0,130.0,77.0,37.0,27.0,155.0,485.0,54.0,830.0,14.0,1110.0,9.0,96.0,183.0,155.0,488.0,63.0,869.0,629.0,8.0,433.0,509.0,2.0,500.0,535.0,322.0,871.0,91.0,604.0
2020-04-27,1064.0,288.0,6.0,25.0,1137.0,346.0,136.0,78.0,38.0,27.0,157.0,497.0,57.0,852.0,16.0,1153.0,10.0,104.0,188.0,156.0,508.0,67.0,908.0,652.0,9.0,452.0,531.0,2.0,525.0,561.0,326.0,909.0,101.0,602.0
2020-04-28,na,na,na,na,na,na,na,na,na,na,na,na,na,na,na,na,na,na,na,na,na,na,na,na,na,na,na,na,na,na,na,na,na,na
2020-04-29,na,na,na,na,na,na,na,na,na,na,na,na,na,na,na,na,na,na,na,na,na,na,na,na,na,na,na,na,na,na,na,na,na,na
2020-04-30,1185.0,324.0,6.0,27.0,1225.0,354.0,184.0,95.0,38.0,52.0,186.0,561.0,76.0,1014.0,18.0,1316.0,11.0,125.0,194.0,192.0,566.0,83.0,1029.0,777.0,10.0,518.0,582.0,2.0,563.0,620.0,353.0,998.0,113.0,583.0
2020-05-01,1229.0,333.0,6.0,29.0,1258.0,367.0,190.0,103.0,39.0,54.0,209.0,586.0,88.0,1075.0,21.0,1377.0,11.0,133.0,196.0,201.0,579.0,87.0,1079.0,837.0,12.0,534.0,600.0,2.0,608.0,635.0,366.0,1047.0,118.0,591.0
2020-05-02,1307.0,347.0,9.0,40.0,1375.0,375.0,252.0,132.0,39.0,70.0,333.0,829.0,116.0,1150.0,22.0,1423.0,14.0,186.0,209.0,287.0,609.0,126.0,1130.0,885.0,13.0,586.0,616.0,2.0,649.0,678.0,399.0,1139.0,128.0,777.0
2020-05-03,1329.0,364.0,9.0,42.0,1388.0,378.0,259.0,133.0,39.0,70.0,336.0,838.0,118.0,1185.0,22.0,1457.0,14.0,190.0,209.0,294.0,616.0,126.0,1178.0,913.0,14.0,594.0,638.0,3.0,662.0,683.0,411.0,1190.0,129.0,775.0
2020-05-04,1351.0,363.0,9.0,42.0,1427.0,386.0,268.0,136.0,41.0,72.0,343.0,852.0,115.0,1226.0,23.0,1501.0,14.0,192.0,211.0,297.0,621.0,129.0,1201.0,931.0,15.0,607.0,638.0,3.0,684.0,706.0,439.0,1212.0,135.0,783.0
2020-05-05,1392.0,379.0,10.0,45.0,1448.0,388.0,270.0,137.0,42.0,75.0,354.0,869.0,118.0,1288.0,23.0,1544.0,14.0,197.0,213.0,313.0,631.0,139.0,1247.0,958.0,16.0,627.0,675.0,2.0,688.0,724.0,456.0,1239.0,139.0,783.0
2020-05-06,1442.0,398.0,10.0,46.0,1478.0,390.0,271.0,137.0,42.0,77.0,378.0,888.0,118.0,1341.0,24.0,1615.0,14.0,202.0,215.0,324.0,649.0,142.0,1300.0,978.0,16.0,645.0,694.0,2.0,694.0,738.0,475.0,1268.0,143.0,765.0
2020-05-07,1502.0,409.0,11.0,45.0,1512.0,393.0,274.0,141.0,42.0,77.0,386.0,902.0,125.0,1402.0,24.0,1676.0,15.0,207.0,217.0,337.0,657.0,142.0,1361.0,1016.0,15.0,654.0,716.0,2.0,708.0,746.0,495.0,1307.0,143.0,777.0
2020-05-08,1536.0,423.0,11.0,45.0,1530.0,397.0,280.0,145.0,46.0,81.0,399.0,914.0,132.0,1432.0,26.0,1729.0,15.0,215.0,220.0,352.0,672.0,140.0,1407.0,1049.0,15.0,662.0,736.0,2.0,712.0,759.0,508.0,1333.0,145.0,788.0
2020-05-09,1585.0,436.0,11.0,45.0,1559.0,400.0,282.0,145.0,48.0,82.0,407.0,927.0,136.0,1463.0,26.0,1762.0,16.0,222.0,221.0,357.0,685.0,143.0,1443.0,1075.0,15.0,678.0,743.0,2.0,717.0,762.0,523.0,1364.0,143.0,775.0
2020-05-10,1610.0,453.0,11.0,49.0,1588.0,401.0,283.0,146.0,48.0,83.0,409.0,938.0,139.0,1502.0,25.0,1791.0,16.0,225.0,220.0,368.0,696.0,143.0,1466.0,1092.0,16.0,688.0,766.0,2.0,719.0,762.0,527.0,1387.0,143.0,781.0
2020-05-11,1645.0,455.0,11.0,51.0,1616.0,405.0,290.0,147.0,48.0,85.0,417.0,946.0,143.0,1552.0,27.0,1820.0,16.0,226.0,222.0,377.0,710.0,145.0,1525.0,1103.0,16.0,710.0,783.0,2.0,727.0,768.0,539.0,1411.0,149.0,792.0
2020-05-12,1671.0,471.0,14.0,50.0,1633.0,408.0,310.0,150.0,48.0,88.0,433.0,953.0,154.0,1951.0,28.0,1857.0,17.0,229.0,224.0,387.0,721.0,148.0,1561.0,1126.0,16.0,724.0,801.0,2.0,730.0,780.0,543.0,1435.0,149.0,781.0
2020-05-13,1695.0,494.0,15.0,50.0,1659.0,412.0,318.0,152.0,48.0,89.0,438.0,964.0,156.0,1645.0,27.0,1894.0,18.0,230.0,225.0,400.0,732.0,153.0,1606.0,1158.0,16.0,749.0,816.0,2.0,734.0,786.0,558.0,1470.0,151.0,774.0
2020-05-14,na,na,na,na,na,na,na,na,na,na,na,na,na,na,na,na,na,na,na,na,na,na,na,na,na,na,na,na,na,na,na,na,na,na
2020-05-15,1755.0,516.0,15.0,50.0,1715.0,419.0,326.0,160.0,48.0,92.0,453.0,985.0,166.0,1737.0,30.0,1979.0,17.0,231.0,233.0,422.0,750.0,159.0,1690.0,1204.0,16.0,781.0,853.0,2.0,748.0,807.0,578.0,1520.0,156.0,798.0
2020-05-16,1782.0,528.0,16.0,49.0,1752.0,425.0,331.0,161.0,50.0,92.0,455.0,989.0,169.0,1779.0,31.0,2004.0,17.0,231.0,235.0,433.0,762.0,164.0,1705.0,1217.0,17.0,790.0,867.0,2.0,757.0,820.0,593.0,1536.0,157.0,802.0
2020-05-17,1817.0,537.0,16.0,50.0,1787.0,437.0,339.0,163.0,50.0,93.0,465.0,996.0,172.0,1825.0,32.0,2028.0,17.0,232.0,235.0,439.0,765.0,166.0,1730.0,1231.0,18.0,806.0,876.0,2.0,764.0,826.0,611.0,1549.0,159.0,796.0
2020-05-18,1842.0,545.0,16.0,50.0,1811.0,443.0,338.0,164.0,53.0,93.0,470.0,1002.0,173.0,1844.0,32.0,2052.0,17.0,234.0,235.0,443.0,776.0,171.0,1755.0,1247.0,18.0,824.0,893.0,2.0,781.0,835.0,633.0,1569.0,159.0,798.0
2020-05-19,1865.0,552.0,19.0,51.0,1825.0,449.0,339.0,164.0,53.0,94.0,472.0,1004.0,173.0,1887.0,32.0,2104.0,17.0,235.0,236.0,454.0,777.0,174.0,1771.0,1268.0,18.0,845.0,910.0,2.0,790.0,841.0,639.0,1601.0,160.0,816.0
2020-05-20,1898.0,562.0,19.0,54.0,1851.0,461.0,342.0,164.0,54.0,95.0,483.0,1011.0,177.0,1924.0,33.0,2139.0,17.0,239.0,237.0,461.0,783.0,182.0,1811.0,1308.0,18.0,875.0,931.0,2.0,794.0,851.0,651.0,1642.0,163.0,833.0
2020-05-21,1925.0,569.0,19.0,54.0,1862.0,469.0,344.0,164.0,54.0,95.0,505.0,1024.0,179.0,1945.0,34.0,2184.0,18.0,242.0,238.0,474.0,794.0,185.0,1859.0,1318.0,18.0,897.0,945.0,2.0,802.0,856.0,655.0,1688.0,163.0,834.0
2020-05-22,1964.0,576.0,22.0,55.0,1879.0,473.0,363.0,163.0,53.0,96.0,510.0,1029.0,178.0,1971.0,34.0,2212.0,19.0,242.0,241.0,474.0,798.0,184.0,1881.0,1340.0,19.0,906.0,964.0,2.0,808.0,863.0,662.0,1717.0,165.0,834.0
2020-05-23,1975.0,589.0,23.0,55.0,1901.0,478.0,369.0,164.0,52.0,96.0,515.0,1036.0,179.0,1991.0,35.0,2227.0,18.0,243.0,242.0,478.0,805.0,184.0,1902.0,1356.0,19.0,916.0,971.0,2.0,813.0,864.0,670.0,1741.0,165.0,845.0
2020-05-24,1998.0,594.0,25.0,55.0,1924.0,480.0,370.0,166.0,52.0,97.0,519.0,1043.0,180.0,2014.0,35.0,2243.0,18.0,244.0,243.0,483.0,809.0,190.0,1913.0,1370.0,19.0,924.0,977.0,2.0,818.0,871.0,676.0,1747.0,165.0,853.0
2020-05-25,2031.0,606.0,26.0,56.0,1935.0,481.0,376.0,168.0,52.0,96.0,527.0,1054.0,180.0,2039.0,35.0,2263.0,18.0,245.0,244.0,488.0,820.0,196.0,1934.0,1392.0,19.0,938.0,990.0,2.0,827.0,876.0,680.0,1781.0,165.0,849.0
2020-05-26,2055.0,610.0,26.0,56.0,1954.0,483.0,382.0,172.0,52.0,97.0,530.0,1058.0,182.0,2057.0,36.0,2287.0,18.0,247.0,247.0,493.0,823.0,202.0,1949.0,1409.0,19.0,950.0,998.0,2.0,837.0,877.0,690.0,1799.0,167.0,848.0
2020-05-27,2084.0,613.0,27.0,57.0,1972.0,484.0,389.0,173.0,52.0,97.0,533.0,1061.0,183.0,2073.0,37.0,2319.0,18.0,248.0,246.0,500.0,825.0,204.0,1968.0,1420.0,19.0,964.0,1005.0,2.0,842.0,885.0,695.0,1824.0,168.0,852.0
2020-05-28,2102.0,621.0,28.0,57.0,1992.0,488.0,393.0,173.0,52.0,98.0,542.0,1074.0,186.0,2085.0,37.0,2334.0,18.0,248.0,247.0,502.0,827.0,207.0,1978.0,1429.0,18.0,976.0,1018.0,2.0,846.0,885.0,710.0,1852.0,170.0,849.0
2020-05-29,2121.0,626.0,28.0,57.0,2013.0,489.0,393.0,174.0,52.0,101.0,546.0,1083.0,185.0,2103.0,37.0,2340.0,18.0,249.0,248.0,504.0,830.0,208.0,1990.0,1440.0,17.0,983.0,1030.0,2.0,852.0,890.0,716.0,1882.0,169.0,852.0
2020-05-30,2146.0,632.0,28.0,57.0,2030.0,489.0,395.0,176.0,53.0,103.0,554.0,1086.0,188.0,2129.0,38.0,2354.0,18.0,250.0,248.0,503.0,839.0,209.0,2011.0,1453.0,17.0,989.0,1039.0,2.0,853.0,897.0,726.0,1891.0,171.0,864.0
2020-05-31,2159.0,638.0,28.0,57.0,2041.0,492.0,396.0,176.0,53.0,103.0,555.0,1087.0,190.0,2138.0,39.0,2367.0,19.0,250.0,248.0,507.0,841.0,209.0,2024.0,1458.0,17.0,999.0,1040.0,2.0,855.0,900.0,727.0,1907.0,171.0,853.0
2020-06-01,2164.0,645.0,28.0,58.0,2050.0,494.0,397.0,176.0,53.0,104.0,557.0,1092.0,190.0,2143.0,39.0,2378.0,19.0,251.0,249.0,509.0,842.0,211.0,2031.0,1464.0,17.0,1002.0,1047.0,5.0,856.0,903.0,729.0,1930.0,173.0,850.0
2020-06-02,2171.0,652.0,28.0,58.0,2064.0,496.0,397.0,176.0,53.0,104.0,557.0,1096.0,190.0,2151.0,40.0,2399.0,19.0,255.0,249.0,509.0,843.0,212.0,2038.0,1470.0,17.0,1011.0,1054.0,5.0,858.0,906.0,733.0,1952.0,173.0,855.0
2020-06-03,2179.0,657.0,29.0,58.0,2070.0,495.0,400.0,177.0,53.0,104.0,563.0,1101.0,193.0,2153.0,41.0,2411.0,19.0,255.0,250.0,513.0,848.0,213.0,2046.0,1471.0,17.0,1014.0,1057.0,5.0,862.0,912.0,736.0,1968.0,174.0,859.0
2020-06-04,2192.0,662.0,29.0,58.0,2081.0,498.0,405.0,176.0,53.0,104.0,569.0,1107.0,193.0,2169.0,41.0,2421.0,20.0,257.0,252.0,514.0,848.0,213.0,2060.0,1476.0,17.0,1017.0,1066.0,5.0,865.0,911.0,739.0,1980.0,175.0,855.0
2020-06-05,2196.0,663.0,29.0,58.0,2091.0,498.0,405.0,176.0,53.0,104.0,572.0,1112.0,194.0,2180.0,41.0,2430.0,20.0,257.0,252.0,513.0,851.0,218.0,2068.0,1485.0,18.0,1020.0,1070.0,5.0,869.0,912.0,739.0,1992.0,174.0,860.0
2020-06-06,2218.0,672.0,29.0,58.0,2124.0,503.0,407.0,180.0,53.0,108.0,587.0,1137.0,198.0,2191.0,42.0,2447.0,20.0,271.0,257.0,522.0,864.0,221.0,2081.0,1495.0,18.0,1035.0,1073.0,5.0,882.0,923.0,748.0,2027.0,180.0,632.0
2020-06-07,2227.0,674.0,29.0,58.0,2132.0,504.0,408.0,180.0,53.0,109.0,591.0,1138.0,202.0,2201.0,44.0,2452.0,20.0,271.0,257.0,526.0,865.0,222.0,2086.0,1497.0,18.0,1039.0,1078.0,5.0,885.0,922.0,754.0,2037.0,180.0,627.0
2020-06-08,2235.0,675.0,29.0,58.0,2139.0,504.0,408.0,180.0,53.0,110.0,593.0,1141.0,203.0,2209.0,44.0,2456.0,20.0,271.0,257.0,525.0,866.0,222.0,2090.0,1501.0,18.0,1041.0,1079.0,5.0,888.0,926.0,753.0,2045.0,183.0,627.0
2020-06-09,2239.0,677.0,29.0,58.0,2141.0,504.0,408.0,180.0,53.0,110.0,599.0,1144.0,203.0,2214.0,44.0,2467.0,20.0,271.0,259.0,526.0,866.0,222.0,2091.0,1508.0,18.0,1044.0,1081.0,5.0,888.0,927.0,755.0,2049.0,183.0,632.0
2020-06-10,2245.0,677.0,29.0,58.0,2145.0,507.0,409.0,180.0,53.0,111.0,602.0,1147.0,204.0,2214.0,44.0,2476.0,20.0,273.0,260.0,526.0,867.0,222.0,2093.0,1513.0,18.0,1042.0,1083.0,5.0,891.0,930.0,759.0,2058.0,183.0,634.0
2020-06-11,2250.0,678.0,30.0,58.0,2150.0,512.0,409.0,180.0,53.0,111.0,603.0,1159.0,206.0,2221.0,44.0,2490.0,20.0,273.0,262.0,528.0,867.0,222.0,2097.0,1519.0,18.0,1044.0,1085.0,5.0,892.0,935.0,761.0,2067.0,182.0,629.0
2020-06-12,2256.0,678.0,30.0,59.0,2154.0,513.0,410.0,181.0,53.0,111.0,604.0,1163.0,206.0,2229.0,44.0,2493.0,20.0,273.0,262.0,530.0,869.0,222.0,2105.0,1521.0,18.0,1047.0,1086.0,5.0,893.0,935.0,763.0,2070.0,182.0,631.0
2020-06-13,2273.0,680.0,30.0,59.0,2157.0,513.0,413.0,182.0,53.0,112.0,610.0,1164.0,208.0,2234.0,44.0,2494.0,20.0,273.0,263.0,531.0,872.0,222.0,2110.0,1525.0,18.0,1051.0,1087.0,5.0,893.0,935.0,767.0,2077.0,182.0,634.0
2020-06-14,2277.0,680.0,30.0,59.0,2158.0,513.0,413.0,182.0,53.0,112.0,612.0,1166.0,209.0,2237.0,44.0,2501.0,20.0,273.0,264.0,530.0,871.0,222.0,2115.0,1530.0,18.0,1051.0,1087.0,5.0,893.0,935.0,766.0,2080.0,183.0,631.0
2020-06-15,2277.0,680.0,30.0,59.0,2161.0,514.0,413.0,183.0,53.0,112.0,614.0,1167.0,210.0,2238.0,44.0,2505.0,20.0,273.0,264.0,530.0,872.0,222.0,2124.0,1533.0,18.0,1053.0,1085.0,5.0,895.0,936.0,768.0,2088.0,183.0,631.0
2020-06-16,2281.0,680.0,32.0,59.0,2163.0,513.0,414.0,182.0,53.0,113.0,619.0,1171.0,210.0,2240.0,44.0,2509.0,20.0,274.0,265.0,532.0,875.0,221.0,2130.0,1537.0,18.0,1054.0,1089.0,5.0,897.0,936.0,768.0,2100.0,183.0,631.0
2020-06-17,2285.0,686.0,32.0,59.0,2167.0,513.0,414.0,184.0,53.0,113.0,624.0,1178.0,212.0,2249.0,44.0,2511.0,20.0,276.0,265.0,534.0,877.0,221.0,2132.0,1539.0,18.0,1054.0,1090.0,5.0,901.0,938.0,768.0,2106.0,182.0,626.0
2020-06-18,2295.0,687.0,32.0,59.0,2172.0,514.0,414.0,186.0,53.0,115.0,626.0,1182.0,211.0,2253.0,44.0,2514.0,20.0,276.0,266.0,533.0,878.0,222.0,2137.0,1542.0,18.0,1058.0,1091.0,5.0,902.0,938.0,772.0,2115.0,182.0,628.0
2020-06-19,na,na,na,na,na,na,na,na,na,na,na,na,na,na,na,na,na,na,na,na,na,na,na,na,na,na,na,na,na,na,na,na,na,na
2020-06-20,na,na,na,na,na,na,na,na,na,na,na,na,na,na,na,na,na,na,na,na,na,na,na,na,na,na,na,na,na,na,na,na,na,na
2020-06-21,2313.0,695.0,32.0,59.0,2176.0,516.0,415.0,186.0,53.0,115.0,626.0,1188.0,211.0,2263.0,44.0,2523.0,20.0,276.0,267.0,533.0,881.0,222.0,2149.0,1548.0,18.0,1064.0,1092.0,5.0,902.0,945.0,780.0,2128.0,183.0,632.0
2020-06-22,2316.0,695.0,32.0,59.0,2177.0,516.0,416.0,186.0,52.0,116.0,626.0,1188.0,211.0,2263.0,44.0,2524.0,20.0,276.0,266.0,534.0,881.0,222.0,2149.0,1548.0,18.0,1065.0,1092.0,5.0,905.0,946.0,784.0,2131.0,184.0,630.0
2020-06-23,2316.0,695.0,32.0,59.0,2177.0,516.0,416.0,186.0,52.0,116.0,626.0,1188.0,211.0,2263.0,44.0,2524.0,20.0,276.0,266.0,534.0,881.0,222.0,2149.0,1548.0,18.0,1065.0,1092.0,5.0,905.0,946.0,784.0,2131.0,184.0,630.0
2020-06-24,2331.0,697.0,31.0,60.0,2179.0,517.0,417.0,188.0,52.0,116.0,626.0,1191.0,211.0,2267.0,44.0,2538.0,20.0,276.0,269.0,534.0,884.0,222.0,2150.0,1552.0,18.0,1069.0,1094.0,5.0,905.0,946.0,793.0,2136.0,184.0,630.0
2020-06-25,na,na,na,na,na,na,na,na,na,na,na,na,na,na,na,na,na,na,na,na,na,na,na,na,na,na,na,na,na,na,na,na,na,na
2020-06-26,na,na,na,na,na,na,na,na,na,na,na,na,na,na,na,na,na,na,na,na,na,na,na,na,na,na,na,na,na,na,na,na,na,na
2020-06-27,na,na,na,na,na,na,na,na,na,na,na,na,na,na,na,na,na,na,na,na,na,na,na,na,na,na,na,na,na,na,na,na,na,na
2020-06-28,2342.0,699.0,31.0,60.0,2183.0,518.0,417.0,192.0,53.0,116.0,625.0,1194.0,212.0,2275.0,44.0,2551.0,20.0,279.0,270.0,534.0,887.0,220.0,2152.0,1557.0,18.0,1074.0,1101.0,5.0,908.0,951.0,808.0,2160.0,183.0,634.0
2020-06-29,2344.0,699.0,31.0,60.0,2185.0,518.0,417.0,192.0,53.0,116.0,625.0,1198.0,212.0,2276.0,44.0,2552.0,20.0,279.0,270.0,535.0,888.0,220.0,2157.0,1557.0,18.0,1076.0,1104.0,5.0,908.0,951.0,810.0,2164.0,183.0,635.0
2020-06-30,2346.0,700.0,31.0,60.0,2186.0,519.0,419.0,192.0,53.0,116.0,628.0,1198.0,212.0,2276.0,44.0,2557.0,20.0,279.0,270.0,536.0,890.0,222.0,2160.0,1560.0,18.0,1078.0,1104.0,5.0,907.0,951.0,812.0,2166.0,183.0,632.0
2020-07-01,2346.0,702.0,31.0,60.0,2182.0,519.0,419.0,192.0,53.0,116.0,628.0,1199.0,212.0,2282.0,44.0,2560.0,20.0,280.0,271.0,536.0,893.0,222.0,2161.0,1561.0,18.0,1083.0,1104.0,5.0,907.0,951.0,812.0,2169.0,184.0,630.0
2020-07-02,na,na,na,na,na,na,na,na,na,na,na,na,na,na,na,na,na,na,na,na,na,na,na,na,na,na,na,na,na,na,na,na,na,na
2020-07-03,na,na,na,na,na,na,na,na,na,na,na,na,na,na,na,na,na,na,na,na,na,na,na,na,na,na,na,na,na,na,na,na,na,na
2020-07-04,na,na,na,na,na,na,na,na,na,na,na,na,na,na,na,na,na,na,na,na,na,na,na,na,na,na,na,na,na,na,na,na,na,na
2020-07-05,2352.0,705.0,31.0,61.0,2187.0,519.0,419.0,192.0,53.0,116.0,631.0,1203.0,211.0,2294.0,44.0,2564.0,20.0,282.0,271.0,542.0,895.0,221.0,2167.0,1565.0,18.0,1083.0,1108.0,5.0,908.0,955.0,816.0,2177.0,185.0,628.0
2020-07-06,2351.0,705.0,31.0,61.0,2193.0,519.0,419.0,192.0,53.0,117.0,630.0,1204.0,211.0,2295.0,44.0,2564.0,20.0,282.0,271.0,542.0,895.0,221.0,2168.0,1568.0,18.0,1083.0,1108.0,5.0,909.0,955.0,816.0,2179.0,185.0,627.0
2020-07-07,2349.0,701.0,31.0,61.0,2187.0,519.0,419.0,193.0,54.0,117.0,632.0,1203.0,211.0,2298.0,44.0,2562.0,20.0,282.0,270.0,542.0,894.0,220.0,2163.0,1567.0,18.0,1082.0,1110.0,5.0,909.0,954.0,817.0,2178.0,185.0,667.0
2020-07-08,2356.0,706.0,31.0,61.0,2197.0,520.0,419.0,193.0,54.0,117.0,635.0,1209.0,211.0,2303.0,44.0,2566.0,20.0,282.0,272.0,544.0,895.0,221.0,2171.0,1574.0,18.0,1084.0,1113.0,5.0,909.0,957.0,818.0,2184.0,185.0,626.0
2020-07-09,2356.0,706.0,31.0,61.0,2198.0,520.0,419.0,193.0,54.0,117.0,636.0,1213.0,211.0,2309.0,44.0,2569.0,20.0,282.0,272.0,544.0,898.0,221.0,2173.0,1577.0,18.0,1084.0,1114.0,5.0,912.0,957.0,819.0,2187.0,186.0,626.0
2020-07-10,na,na,na,na,na,na,na,na,na,na,na,na,na,na,na,na,na,na,na,na,na,na,na,na,na,na,na,na,na,na,na,na,na,na
2020-07-11,na,na,na,na,na,na,na,na,na,na,na,na,na,na,na,na,na,na,na,na,na,na,na,na,na,na,na,na,na,na,na,na,na,na
2020-07-12,2362.0,709.0,31.0,62.0,2205.0,519.0,420.0,193.0,55.0,117.0,636.0,1225.0,211.0,2319.0,44.0,2572.0,20.0,283.0,272.0,547.0,904.0,222.0,2177.0,1586.0,18.0,1088.0,1117.0,5.0,914.0,961.0,825.0,2194.0,187.0,631.0
2020-07-13,2368.0,709.0,31.0,62.0,2207.0,519.0,420.0,193.0,55.0,117.0,636.0,1225.0,211.0,2319.0,44.0,2572.0,20.0,283.0,272.0,547.0,908.0,222.0,2176.0,1593.0,18.0,1089.0,1118.0,5.0,917.0,962.0,837.0,2193.0,187.0,629.0
2020-07-14,2367.0,710.0,31.0,62.0,2210.0,520.0,421.0,193.0,55.0,117.0,638.0,1226.0,211.0,2321.0,44.0,2575.0,20.0,283.0,272.0,547.0,917.0,224.0,2177.0,1602.0,18.0,1090.0,1121.0,5.0,924.0,963.0,856.0,2200.0,188.0,628.0
2020-07-15,2367.0,710.0,31.0,62.0,2215.0,521.0,421.0,193.0,55.0,118.0,639.0,1227.0,211.0,2325.0,44.0,2577.0,20.0,283.0,272.0,548.0,921.0,223.0,2180.0,1608.0,18.0,1090.0,1125.0,5.0,926.0,967.0,868.0,2203.0,188.0,629.0
2020-07-16,2368.0,710.0,31.0,62.0,2216.0,521.0,421.0,193.0,55.0,119.0,642.0,1228.0,211.0,2338.0,44.0,2577.0,20.0,284.0,272.0,548.0,930.0,223.0,2181.0,1622.0,18.0,1093.0,1126.0,5.0,929.0,969.0,882.0,2207.0,190.0,631.0
2020-07-17,na,na,na,na,na,na,na,na,na,na,na,na,na,na,na,na,na,na,na,na,na,na,na,na,na,na,na,na,na,na,na,na,na,na
2020-07-18,na,na,na,na,na,na,na,na,na,na,na,na,na,na,na,na,na,na,na,na,na,na,na,na,na,na,na,na,na,na,na,na,na,na
2020-07-19,2382.0,709.0,31.0,62.0,2229.0,521.0,424.0,195.0,55.0,120.0,644.0,1234.0,212.0,2354.0,44.0,2585.0,21.0,285.0,272.0,552.0,952.0,223.0,2187.0,1642.0,18.0,1096.0,1132.0,5.0,949.0,976.0,926.0,2218.0,190.0,633.0
2020-07-20,2385.0,709.0,31.0,62.0,2240.0,522.0,426.0,196.0,55.0,120.0,644.0,1240.0,214.0,2361.0,44.0,2587.0,21.0,285.0,272.0,553.0,967.0,224.0,2191.0,1650.0,18.0,1099.0,1134.0,5.0,954.0,980.0,930.0,2227.0,190.0,634.0
2020-07-21,2385.0,712.0,31.0,62.0,2245.0,522.0,426.0,198.0,55.0,120.0,649.0,1245.0,214.0,2369.0,44.0,2587.0,21.0,285.0,272.0,556.0,972.0,225.0,2193.0,1650.0,18.0,1099.0,1137.0,5.0,961.0,982.0,932.0,2235.0,191.0,633.0
2020-07-22,2386.0,713.0,31.0,62.0,2245.0,522.0,427.0,198.0,55.0,120.0,650.0,1245.0,214.0,2371.0,44.0,2589.0,21.0,285.0,272.0,556.0,979.0,226.0,2199.0,1652.0,18.0,1100.0,1137.0,5.0,964.0,982.0,943.0,2241.0,191.0,634.0
2020-07-23,2388.0,716.0,31.0,62.0,2248.0,522.0,427.0,199.0,55.0,120.0,661.0,1247.0,214.0,2377.0,44.0,2592.0,21.0,285.0,272.0,556.0,986.0,226.0,2201.0,1655.0,18.0,1104.0,1140.0,5.0,967.0,982.0,950.0,2243.0,193.0,636.0
2020-07-24,2388.0,716.0,31.0,62.0,2248.0,522.0,427.0,199.0,55.0,120.0,661.0,1247.0,214.0,2377.0,44.0,2592.0,21.0,285.0,272.0,556.0,986.0,226.0,2201.0,1655.0,18.0,1104.0,1140.0,5.0,967.0,982.0,950.0,2243.0,193.0,636.0
2020-07-25,2388.0,716.0,31.0,62.0,2248.0,522.0,427.0,199.0,55.0,120.0,661.0,1247.0,214.0,2377.0,44.0,2592.0,21.0,285.0,272.0,556.0,986.0,226.0,2201.0,1655.0,18.0,1104.0,1140.0,5.0,967.0,982.0,950.0,2243.0,193.0,636.0
2020-07-26,2397.0,718.0,31.0,62.0,2258.0,524.0,430.0,200.0,56.0,121.0,675.0,1252.0,215.0,2395.0,44.0,2597.0,23.0,285.0,274.0,557.0,1001.0,226.0,2209.0,1667.0,18.0,1105.0,1147.0,5.0,979.0,987.0,976.0,2255.0,193.0,641.0
2020-07-27,na,na,na,na,na,na,na,na,na,na,na,na,na,na,na,na,na,na,na,na,na,na,na,na,na,na,na,na,na,na,na,na,na,na
2020-07-28,na,na,na,na,na,na,na,na,na,na,na,na,na,na,na,na,na,na,na,na,na,na,na,na,na,na,na,na,na,na,na,na,na,na
2020-07-29,na,na,na,na,na,na,na,na,na,na,na,na,na,na,na,na,na,na,na,na,na,na,na,na,na,na,na,na,na,na,na,na,na,na
2020-07-31,na,na,na,na,na,na,na,na,na,na,na,na,na,na,na,na,na,na,na,na,na,na,na,na,na,na,na,na,na,na,na,na,na,na
2020-08-01,na,na,na,na,na,na,na,na,na,na,na,na,na,na,na,na,na,na,na,na,na,na,na,na,na,na,na,na,na,na,na,na,na,na
2020-08-02,na,na,na,na,na,na,na,na,na,na,na,na,na,na,na,na,na,na,na,na,na,na,na,na,na,na,na,na,na,na,na,na,na,na
2020-08-09,na,na,na,na,na,na,na,na,na,na,na,na,na,na,na,na,na,na,na,na,na,na,na,na,na,na,na,na,na,na,na,na,na,na
2020-08-11,2449.0,729.0,31.0,62.0,2328.0,540.0,440.0,204.0,59.0,124.0,693.0,1282.0,221.0,2461.0,46.0,2636.0,28.0,280.0,278.0,576.0,1053.0,237.0,2224.0,1736.0,18.0,1141.0,1175.0,5.0,1008.0,1014.0,1039.0,2328.0,195.0,680.0
2020-08-16,2465.0,729.0,31.0,62.0,2340.0,541.0,445.0,205.0,59.0,124.0,694.0,1284.0,224.0,2463.0,47.0,2642.0,29.0,281.0,279.0,577.0,1063.0,240.0,2231.0,1748.0,18.0,1150.0,1179.0,5.0,1021.0,1018.0,1045.0,2341.0,196.0,678.0
2020-08-17,2468.0,732.0,31.0,62.0,2348.0,543.0,447.0,205.0,59.0,124.0,698.0,1286.0,224.0,2464.0,48.0,2648.0,29.0,283.0,279.0,581.0,1066.0,241.0,2235.0,1751.0,18.0,1153.0,1180.0,5.0,1026.0,1020.0,1046.0,2342.0,196.0,638.0
2020-08-18,2469.0,733.0,31.0,62.0,2350.0,543.0,447.0,205.0,59.0,124.0,698.0,1288.0,224.0,2465.0,48.0,2648.0,29.0,284.0,279.0,582.0,1068.0,241.0,2234.0,1752.0,18.0,1155.0,1180.0,5.0,1027.0,1020.0,1048.0,2344.0,196.0,639.0
2020-08-19,2472.0,734.0,31.0,62.0,2352.0,543.0,447.0,205.0,59.0,123.0,698.0,1289.0,223.0,2469.0,48.0,2649.0,29.0,284.0,279.0,582.0,1068.0,241.0,2235.0,1754.0,18.0,1155.0,1181.0,5.0,1028.0,1020.0,1050.0,2346.0,196.0,643.0
2020-08-20,2473.0,734.0,31.0,62.0,2353.0,543.0,447.0,206.0,59.0,124.0,698.0,1292.0,223.0,2474.0,48.0,2649.0,29.0,284.0,279.0,582.0,1069.0,241.0,2236.0,1757.0,18.0,1156.0,1183.0,5.0,1035.0,1019.0,1053.0,2349.0,197.0,642.0
2020-08-23,2477.0,733.0,31.0,62.0,2363.0,544.0,448.0,205.0,59.0,133.0,701.0,1295.0,224.0,2477.0,48.0,2650.0,29.0,289.0,279.0,583.0,1073.0,242.0,2241.0,1760.0,18.0,1157.0,1184.0,5.0,1041.0,1024.0,1057.0,2355.0,197.0,641.0
2020-08-24,2481.0,733.0,31.0,62.0,2364.0,543.0,448.0,205.0,59.0,133.0,701.0,1295.0,224.0,2480.0,48.0,2649.0,30.0,289.0,279.0,583.0,1074.0,242.0,2243.0,1760.0,18.0,1159.0,1186.0,5.0,1041.0,1025.0,1057.0,2356.0,197.0,641.0
2020-08-25,2484.0,734.0,31.0,63.0,2367.0,544.0,449.0,204.0,59.0,133.0,700.0,1301.0,224.0,2486.0,48.0,2651.0,30.0,291.0,279.0,584.0,1076.0,243.0,2246.0,1766.0,18.0,1161.0,1191.0,5.0,1053.0,1037.0,1059.0,2359.0,197.0,644.0
2020-08-26,2486.0,734.0,31.0,63.0,2370.0,544.0,450.0,204.0,59.0,135.0,701.0,1302.0,224.0,2489.0,48.0,2652.0,30.0,291.0,280.0,585.0,1079.0,244.0,2247.0,1767.0,18.0,1162.0,1195.0,5.0,1056.0,1040.0,1062.0,2361.0,197.0,647.0
2020-08-27,2488.0,735.0,31.0,62.0,2373.0,544.0,449.0,205.0,59.0,135.0,701.0,1296.0,224.0,2488.0,48.0,2653.0,30.0,290.0,281.0,583.0,1081.0,244.0,2246.0,1769.0,18.0,1165.0,1197.0,5.0,1047.0,1030.0,1064.0,2362.0,198.0,647.0
2020-08-30,2492.0,738.0,31.0,62.0,2383.0,546.0,450.0,205.0,60.0,138.0,703.0,1299.0,223.0,2494.0,49.0,2658.0,31.0,292.0,283.0,583.0,1087.0,244.0,2248.0,1773.0,18.0,1169.0,1205.0,5.0,1049.0,1033.0,1076.0,2366.0,198.0,653.0
2020-08-31,2496.0,739.0,31.0,62.0,2382.0,547.0,451.0,204.0,60.0,138.0,703.0,1300.0,222.0,2493.0,49.0,2659.0,32.0,292.0,283.0,585.0,1088.0,244.0,2249.0,1775.0,18.0,1171.0,1206.0,5.0,1050.0,1033.0,1079.0,2368.0,198.0,654.0
2020-09-01,2500.0,740.0,31.0,62.0,2384.0,548.0,451.0,204.0,61.0,138.0,703.0,1303.0,222.0,2493.0,49.0,2661.0,32.0,292.0,283.0,585.0,1092.0,244.0,2251.0,1775.0,18.0,1174.0,1207.0,5.0,1051.0,1033.0,1083.0,2370.0,198.0,655.0
2020-09-02,2499.0,742.0,31.0,62.0,2388.0,548.0,454.0,204.0,61.0,138.0,703.0,1309.0,222.0,2495.0,49.0,2661.0,32.0,294.0,282.0,586.0,1092.0,244.0,2255.0,1778.0,18.0,1176.0,1207.0,5.0,1055.0,1038.0,1084.0,2375.0,198.0,654.0
2020-09-03,2500.0,742.0,31.0,62.0,2390.0,549.0,455.0,204.0,61.0,139.0,702.0,1310.0,222.0,2499.0,48.0,2662.0,32.0,294.0,283.0,587.0,1093.0,244.0,2257.0,1782.0,18.0,1178.0,1208.0,5.0,1056.0,1038.0,1084.0,2376.0,198.0,655.0
2020-09-04,na,na,na,na,na,na,na,na,na,na,na,na,na,na,na,na,na,na,na,na,na,na,na,na,na,na,na,na,na,na,na,na,na,na
2020-09-05,na,na,na,na,na,na,na,na,na,na,na,na,na,na,na,na,na,na,na,na,na,na,na,na,na,na,na,na,na,na,na,na,na,na
2020-09-06,na,na,na,na,na,na,na,na,na,na,na,na,na,na,na,na,na,na,na,na,na,na,na,na,na,na,na,na,na,na,na,na,na,na
2020-09-07,2510.0,746.0,31.0,65.0,2404.0,551.0,472.0,205.0,62.0,140.0,707.0,1314.0,223.0,2509.0,48.0,2684.0,32.0,296.0,290.0,591.0,1109.0,243.0,2270.0,1797.0,20.0,1186.0,1219.0,5.0,1068.0,1042.0,1110.0,2386.0,200.0,660.0
2020-09-08,2513.0,746.0,31.0,65.0,2405.0,556.0,473.0,205.0,62.0,140.0,709.0,1314.0,223.0,2514.0,48.0,2687.0,32.0,297.0,294.0,591.0,1110.0,243.0,2271.0,1799.0,20.0,1190.0,1224.0,5.0,1070.0,1043.0,1113.0,2394.0,200.0,662.0
2020-09-09,2514.0,746.0,31.0,65.0,2406.0,557.0,474.0,205.0,63.0,140.0,712.0,1318.0,224.0,2518.0,48.0,2687.0,32.0,296.0,296.0,592.0,1116.0,244.0,2273.0,1799.0,20.0,1193.0,1225.0,5.0,1069.0,1046.0,1116.0,2396.0,200.0,661.0
2020-09-10,2518.0,746.0,31.0,65.0,2411.0,558.0,475.0,205.0,63.0,140.0,712.0,1318.0,224.0,2518.0,48.0,2689.0,32.0,296.0,298.0,592.0,1121.0,244.0,2273.0,1798.0,20.0,1194.0,1227.0,5.0,1077.0,1048.0,1120.0,2395.0,201.0,665.0
2020-09-11,na,na,na,na,na,na,na,na,na,na,na,na,na,na,na,na,na,na,na,na,na,na,na,na,na,na,na,na,na,na,na,na,na,na
2020-09-12,na,na,na,na,na,na,na,na,na,na,na,na,na,na,na,na,na,na,na,na,na,na,na,na,na,na,na,na,na,na,na,na,na,na
2020-09-13,2532.0,746.0,31.0,67.0,2418.0,560.0,477.0,205.0,64.0,140.0,713.0,1318.0,225.0,2534.0,48.0,2702.0,32.0,296.0,300.0,593.0,1124.0,244.0,2280.0,1813.0,20.0,1202.0,1238.0,5.0,1084.0,1053.0,1137.0,2411.0,204.0,662.0
2020-09-14,2540.0,749.0,31.0,68.0,2423.0,562.0,478.0,205.0,64.0,140.0,714.0,1318.0,225.0,2539.0,49.0,2712.0,32.0,296.0,304.0,594.0,1124.0,244.0,2290.0,1817.0,20.0,1204.0,1246.0,5.0,1089.0,1053.0,1147.0,2422.0,205.0,665.0
2020-09-15,2545.0,756.0,31.0,68.0,2428.0,564.0,479.0,205.0,64.0,140.0,716.0,1318.0,226.0,2546.0,49.0,2716.0,32.0,296.0,305.0,594.0,1132.0,244.0,2303.0,1826.0,20.0,1206.0,1256.0,5.0,1091.0,1053.0,1153.0,2430.0,206.0,668.0
2020-09-16,2566.0,762.0,31.0,70.0,2455.0,568.0,486.0,205.0,66.0,140.0,720.0,1327.0,227.0,2564.0,49.0,2727.0,33.0,298.0,319.0,600.0,1143.0,244.0,2318.0,1848.0,20.0,1228.0,1269.0,5.0,1099.0,1059.0,1171.0,2456.0,208.0,685.0
2020-09-17,2568.0,765.0,31.0,70.0,2455.0,570.0,489.0,207.0,68.0,140.0,722.0,1330.0,226.0,2567.0,49.0,2728.0,33.0,298.0,320.0,601.0,1146.0,245.0,2322.0,1850.0,20.0,1230.0,1271.0,5.0,1104.0,1065.0,1173.0,2463.0,208.0,685.0
2020-09-18,na,na,na,na,na,na,na,na,na,na,na,na,na,na,na,na,na,na,na,na,na,na,na,na,na,na,na,na,na,na,na,na,na,na
2020-09-19,na,na,na,na,na,na,na,na,na,na,na,na,na,na,na,na,na,na,na,na,na,na,na,na,na,na,na,na,na,na,na,na,na,na
2020-09-20,2584.0,780.0,31.0,70.0,2497.0,590.0,495.0,207.0,72.0,142.0,725.0,1345.0,228.0,2602.0,49.0,2763.0,34.0,302.0,362.0,605.0,1196.0,247.0,2349.0,1876.0,20.0,1252.0,1297.0,5.0,1115.0,1068.0,1204.0,2515.0,211.0,693.0
2020-09-21,2602.0,782.0,31.0,70.0,2509.0,590.0,498.0,207.0,72.0,144.0,725.0,1348.0,228.0,2609.0,49.0,2775.0,34.0,303.0,362.0,605.0,1211.0,247.0,2358.0,1887.0,20.0,1260.0,1305.0,5.0,1118.0,1070.0,1208.0,2527.0,212.0,702.0
2020-09-22,2611.0,787.0,31.0,70.0,2523.0,592.0,499.0,208.0,72.0,144.0,728.0,1350.0,229.0,2615.0,49.0,2783.0,34.0,304.0,364.0,610.0,1227.0,248.0,2366.0,1896.0,20.0,1269.0,1317.0,5.0,1121.0,1073.0,1214.0,2547.0,215.0,698.0
2020-09-23,2637.0,790.0,31.0,71.0,2556.0,598.0,499.0,208.0,72.0,146.0,728.0,1358.0,233.0,2623.0,49.0,2788.0,34.0,304.0,374.0,614.0,1256.0,247.0,2378.0,1907.0,20.0,1285.0,1333.0,5.0,1125.0,1076.0,1232.0,2564.0,217.0,708.0
2020-09-24,2654.0,795.0,31.0,72.0,2564.0,603.0,503.0,208.0,72.0,147.0,730.0,1365.0,234.0,2634.0,50.0,2808.0,34.0,306.0,377.0,620.0,1270.0,248.0,2393.0,1917.0,20.0,1294.0,1343.0,5.0,1140.0,1075.0,1259.0,2589.0,218.0,717.0
2020-09-25,na,na,na,na,na,na,na,na,na,na,na,na,na,na,na,na,na,na,na,na,na,na,na,na,na,na,na,na,na,na,na,na,na,na
2020-09-26,na,na,na,na,na,na,na,na,na,na,na,na,na,na,na,na,na,na,na,na,na,na,na,na,na,na,na,na,na,na,na,na,na,na
2020-09-27,2707.0,822.0,32.0,71.0,2637.0,625.0,523.0,209.0,75.0,149.0,741.0,1390.0,236.0,2700.0,51.0,2892.0,35.0,308.0,423.0,638.0,1326.0,250.0,2443.0,1970.0,20.0,1339.0,1388.0,5.0,1172.0,1088.0,1305.0,2647.0,228.0,742.0
2020-09-28,2723.0,832.0,32.0,71.0,2645.0,626.0,525.0,213.0,76.0,149.0,741.0,1394.0,237.0,2731.0,51.0,2916.0,36.0,309.0,426.0,646.0,1340.0,250.0,2452.0,1983.0,20.0,1352.0,1406.0,5.0,1182.0,1094.0,1321.0,2655.0,230.0,752.0
2020-09-29,2735.0,837.0,32.0,73.0,2671.0,640.0,529.0,218.0,79.0,150.0,748.0,1397.0,239.0,2743.0,52.0,2929.0,36.0,312.0,444.0,653.0,1358.0,251.0,2474.0,2000.0,20.0,1363.0,1420.0,5.0,1194.0,1104.0,1347.0,2698.0,230.0,758.0
2020-09-30,2762.0,843.0,32.0,74.0,2692.0,648.0,541.0,219.0,79.0,151.0,755.0,1404.0,244.0,2761.0,53.0,2942.0,36.0,316.0,449.0,659.0,1375.0,251.0,2491.0,2019.0,20.0,1380.0,1437.0,5.0,1205.0,1110.0,1379.0,2728.0,231.0,767.0
2020-10-01,2787.0,854.0,32.0,75.0,2725.0,653.0,548.0,220.0,81.0,153.0,757.0,1414.0,247.0,2777.0,54.0,2968.0,37.0,317.0,458.0,667.0,1397.0,252.0,2520.0,2036.0,20.0,1405.0,1447.0,5.0,1216.0,1122.0,1401.0,2758.0,233.0,779.0
2020-10-02,na,na,na,na,na,na,na,na,na,na,na,na,na,na,na,na,na,na,na,na,na,na,na,na,na,na,na,na,na,na,na,na,na,na
2020-10-03,na,na,na,na,na,na,na,na,na,na,na,na,na,na,na,na,na,na,na,na,na,na,na,na,na,na,na,na,na,na,na,na,na,na
2020-10-04,2851.0,873.0,33.0,81.0,2808.0,687.0,567.0,224.0,87.0,154.0,767.0,1427.0,249.0,2842.0,56.0,3023.0,37.0,324.0,480.0,712.0,1483.0,260.0,2582.0,2094.0,21.0,1452.0,1489.0,5.0,1274.0,1149.0,1488.0,2848.0,239.0,833.0
2020-10-05,2868.0,884.0,33.0,84.0,2853.0,700.0,569.0,230.0,90.0,156.0,772.0,1442.0,250.0,2873.0,57.0,3064.0,38.0,328.0,496.0,720.0,1508.0,260.0,2608.0,2124.0,23.0,1478.0,1504.0,5.0,1290.0,1163.0,1509.0,2876.0,241.0,846.0
2020-10-06,2881.0,887.0,33.0,87.0,2878.0,716.0,574.0,233.0,91.0,163.0,780.0,1456.0,250.0,2891.0,57.0,3076.0,38.0,330.0,502.0,734.0,1513.0,264.0,2624.0,2131.0,24.0,1496.0,1514.0,5.0,1300.0,1175.0,1529.0,2892.0,241.0,845.0
2020-10-07,2899.0,897.0,33.0,87.0,2911.0,723.0,578.0,233.0,92.0,165.0,782.0,1459.0,250.0,2907.0,58.0,3091.0,39.0,334.0,507.0,744.0,1529.0,265.0,2644.0,2143.0,23.0,1522.0,1528.0,5.0,1310.0,1180.0,1544.0,2925.0,243.0,849.0
2020-10-08,2913.0,902.0,33.0,87.0,2937.0,732.0,585.0,233.0,95.0,169.0,788.0,1473.0,253.0,2922.0,59.0,3114.0,38.0,334.0,507.0,756.0,1550.0,267.0,2662.0,2161.0,23.0,1548.0,1547.0,5.0,1322.0,1187.0,1584.0,2953.0,245.0,860.0
2020-10-09,na,na,na,na,na,na,na,na,na,na,na,na,na,na,na,na,na,na,na,na,na,na,na,na,na,na,na,na,na,na,na,na,na,na
2020-10-10,na,na,na,na,na,na,na,na,na,na,na,na,na,na,na,na,na,na,na,na,na,na,na,na,na,na,na,na,na,na,na,na,na,na
2020-10-11,na,na,na,na,na,na,na,na,na,na,na,na,na,na,na,na,na,na,na,na,na,na,na,na,na,na,na,na,na,na,na,na,na,na
2020-10-12,na,na,na,na,na,na,na,na,na,na,na,na,na,na,na,na,na,na,na,na,na,na,na,na,na,na,na,na,na,na,na,na,na,na
2020-10-13,2995.0,933.0,34.0,91.0,3113.0,781.0,616.0,239.0,109.0,173.0,807.0,1505.0,265.0,2994.0,61.0,3197.0,41.0,348.0,537.0,784.0,1582.0,276.0,2722.0,2241.0,26.0,1631.0,1623.0,5.0,1363.0,1205.0,1623.0,3063.0,249.0,901.0
2020-10-14,3013.0,936.0,35.0,92.0,3163.0,793.0,619.0,239.0,114.0,175.0,809.0,1514.0,266.0,3019.0,61.0,3215.0,42.0,350.0,537.0,792.0,1592.0,283.0,2735.0,2253.0,26.0,1660.0,1635.0,5.0,1373.0,1209.0,1635.0,3090.0,250.0,899.0
2020-10-15,3030.0,944.0,35.0,95.0,3192.0,796.0,624.0,241.0,116.0,176.0,817.0,1523.0,267.0,3032.0,62.0,3229.0,43.0,355.0,539.0,800.0,1607.0,285.0,2760.0,2267.0,26.0,1679.0,1645.0,5.0,1380.0,1215.0,1644.0,3113.0,250.0,887.0
2020-10-16,na,na,na,na,na,na,na,na,na,na,na,na,na,na,na,na,na,na,na,na,na,na,na,na,na,na,na,na,na,na,na,na,na,na
2020-10-17,na,na,na,na,na,na,na,na,na,na,na,na,na,na,na,na,na,na,na,na,na,na,na,na,na,na,na,na,na,na,na,na,na,na
2020-10-18,3059.0,959.0,35.0,98.0,3250.0,815.0,644.0,246.0,120.0,187.0,831.0,1554.0,271.0,3073.0,62.0,3276.0,43.0,365.0,545.0,819.0,1620.0,289.0,2799.0,2317.0,27.0,1743.0,1673.0,5.0,1407.0,1243.0,1676.0,3192.0,252.0,903.0
2020-10-19,3134.0,939.0,36.0,96.0,3281.0,818.0,651.0,298.0,118.0,184.0,813.0,1609.0,276.0,3138.0,58.0,3323.0,41.0,436.0,541.0,806.0,1618.0,277.0,2816.0,2351.0,26.0,1718.0,1646.0,5.0,1401.0,1249.0,1670.0,3179.0,258.0,904.0
2020-10-20,3145.0,950.0,36.0,99.0,3288.0,829.0,665.0,300.0,117.0,186.0,816.0,1616.0,278.0,3155.0,59.0,3331.0,41.0,443.0,542.0,820.0,1612.0,272.0,2840.0,2346.0,24.0,1737.0,1671.0,5.0,1409.0,1250.0,1676.0,3205.0,260.0,914.0
2020-10-21,3130.0,958.0,36.0,99.0,3330.0,835.0,671.0,300.0,117.0,187.0,822.0,1617.0,278.0,3166.0,60.0,3353.0,41.0,446.0,544.0,827.0,1624.0,274.0,2851.0,2370.0,25.0,1757.0,1697.0,5.0,1414.0,1260.0,1689.0,3246.0,262.0,944.0
2020-10-22,3146.0,964.0,36.0,99.0,3367.0,843.0,677.0,300.0,117.0,189.0,826.0,1624.0,279.0,3184.0,60.0,3369.0,41.0,447.0,545.0,834.0,1628.0,275.0,2858.0,2386.0,25.0,1774.0,1711.0,5.0,1420.0,1270.0,1703.0,3268.0,263.0,939.0
2020-10-23,na,na,na,na,na,na,na,na,na,na,na,na,na,na,na,na,na,na,na,na,na,na,na,na,na,na,na,na,na,na,na,na,na,na
2020-10-24,na,na,na,na,na,na,na,na,na,na,na,na,na,na,na,na,na,na,na,na,na,na,na,na,na,na,na,na,na,na,na,na,na,na
2020-10-25,3177.0,992.0,36.0,102.0,3402.0,862.0,689.0,305.0,117.0,195.0,852.0,1642.0,280.0,3232.0,61.0,3418.0,41.0,450.0,548.0,873.0,1640.0,279.0,2886.0,2429.0,24.0,1823.0,1752.0,5.0,1435.0,1279.0,1741.0,3319.0,263.0,929.0
2020-10-26,3200.0,994.0,36.0,103.0,3486.0,877.0,689.0,307.0,117.0,197.0,853.0,1654.0,280.0,3244.0,62.0,3434.0,42.0,457.0,554.0,880.0,1648.0,281.0,2892.0,2453.0,24.0,1835.0,1764.0,5.0,1442.0,1284.0,1755.0,3355.0,267.0,926.0
2020-10-27,3219.0,1000.0,36.0,104.0,3507.0,891.0,701.0,310.0,117.0,199.0,860.0,1666.0,280.0,3252.0,63.0,3440.0,42.0,457.0,559.0,900.0,1656.0,282.0,2896.0,2468.0,25.0,1858.0,1771.0,5.0,1452.0,1293.0,1764.0,3371.0,270.0,936.0
2020-10-28,3231.0,1002.0,37.0,107.0,3539.0,905.0,712.0,309.0,117.0,202.0,864.0,1675.0,280.0,3268.0,65.0,3447.0,43.0,458.0,559.0,906.0,1661.0,282.0,2911.0,2482.0,25.0,1880.0,1781.0,7.0,1464.0,1300.0,1772.0,3399.0,272.0,932.0
2020-10-29,3247.0,1009.0,37.0,108.0,3563.0,916.0,719.0,309.0,117.0,202.0,870.0,1682.0,281.0,3278.0,66.0,3466.0,43.0,462.0,560.0,911.0,1666.0,285.0,2935.0,2509.0,24.0,1893.0,1799.0,7.0,1476.0,1301.0,1790.0,3430.0,271.0,939.0
2020-10-30,na,na,na,na,na,na,na,na,na,na,na,na,na,na,na,na,na,na,na,na,na,na,na,na,na,na,na,na,na,na,na,na,na,na
2020-10-31,na,na,na,na,na,na,na,na,na,na,na,na,na,na,na,na,na,na,na,na,na,na,na,na,na,na,na,na,na,na,na,na,na,na
2020-11-01,3277.0,1028.0,37.0,110.0,3648.0,953.0,736.0,313.0,117.0,205.0,895.0,1735.0,284.0,3321.0,66.0,3497.0,44.0,468.0,562.0,937.0,1672.0,293.0,2966.0,2558.0,24.0,1934.0,1833.0,7.0,1494.0,1312.0,1824.0,3505.0,272.0,948.0
2020-11-02,3282.0,1029.0,37.0,114.0,3677.0,960.0,741.0,313.0,120.0,206.0,902.0,1756.0,285.0,3329.0,66.0,3501.0,45.0,470.0,564.0,945.0,1677.0,294.0,2977.0,2569.0,24.0,1952.0,1842.0,7.0,1495.0,1318.0,1827.0,3528.0,275.0,957.0
2020-11-03,3295.0,1033.0,37.0,119.0,3698.0,971.0,744.0,314.0,120.0,207.0,913.0,1771.0,286.0,3338.0,65.0,3510.0,46.0,468.0,565.0,954.0,1683.0,294.0,2988.0,2584.0,24.0,1966.0,1849.0,7.0,1502.0,1317.0,1835.0,3546.0,275.0,965.0
2020-11-04,3309.0,1040.0,37.0,120.0,3717.0,982.0,753.0,316.0,120.0,210.0,924.0,1782.0,285.0,3355.0,66.0,3523.0,46.0,471.0,567.0,961.0,1687.0,296.0,3006.0,2602.0,24.0,1980.0,1863.0,7.0,1516.0,1328.0,1842.0,3566.0,277.0,972.0
2020-11-05,3329.0,1049.0,37.0,122.0,3732.0,993.0,763.0,320.0,120.0,213.0,936.0,1805.0,285.0,3369.0,67.0,3542.0,47.0,473.0,568.0,967.0,1695.0,300.0,3024.0,2628.0,25.0,1991.0,1879.0,7.0,1524.0,1333.0,1849.0,3588.0,281.0,976.0
2020-11-06,na,na,na,na,na,na,na,na,na,na,na,na,na,na,na,na,na,na,na,na,na,na,na,na,na,na,na,na,na,na,na,na,na,na
2020-11-07,na,na,na,na,na,na,na,na,na,na,na,na,na,na,na,na,na,na,na,na,na,na,na,na,na,na,na,na,na,na,na,na,na,na
2020-11-08,3383.0,1061.0,37.0,122.0,3795.0,1017.0,788.0,320.0,124.0,220.0,964.0,1872.0,287.0,3426.0,70.0,3597.0,48.0,482.0,573.0,984.0,1722.0,304.0,3086.0,2697.0,25.0,2066.0,1911.0,8.0,1557.0,1353.0,1876.0,3666.0,283.0,992.0
2020-11-09,3403.0,1070.0,39.0,122.0,3805.0,1027.0,792.0,321.0,124.0,221.0,976.0,1886.0,287.0,3447.0,70.0,3610.0,49.0,484.0,575.0,995.0,1730.0,304.0,3094.0,2705.0,25.0,2085.0,1939.0,8.0,1562.0,1358.0,1880.0,3698.0,283.0,995.0
2020-11-10,3423.0,1077.0,41.0,125.0,3840.0,1036.0,806.0,322.0,123.0,223.0,983.0,1908.0,289.0,3481.0,72.0,3632.0,49.0,490.0,582.0,1001.0,1736.0,307.0,3113.0,2718.0,26.0,2104.0,1949.0,8.0,1570.0,1362.0,1890.0,3719.0,285.0,997.0
2020-11-11,3451.0,1079.0,42.0,125.0,3862.0,1054.0,816.0,322.0,124.0,223.0,988.0,1943.0,291.0,3492.0,74.0,3655.0,50.0,493.0,583.0,1005.0,1747.0,311.0,3136.0,2739.0,26.0,2121.0,1963.0,8.0,1582.0,1370.0,1903.0,3744.0,286.0,1004.0
2020-11-12,3473.0,1080.0,42.0,125.0,3891.0,1068.0,825.0,321.0,127.0,225.0,1006.0,1961.0,291.0,3501.0,73.0,3676.0,53.0,501.0,586.0,1012.0,1766.0,311.0,3161.0,2754.0,26.0,2140.0,1977.0,8.0,1592.0,1376.0,1911.0,3776.0,286.0,1008.0
2020-11-13,na,na,na,na,na,na,na,na,na,na,na,na,na,na,na,na,na,na,na,na,na,na,na,na,na,na,na,na,na,na,na,na,na,na
2020-11-14,na,na,na,na,na,na,na,na,na,na,na,na,na,na,na,na,na,na,na,na,na,na,na,na,na,na,na,na,na,na,na,na,na,na
2020-11-15,3545.0,1107.0,42.0,126.0,3969.0,1103.0,841.0,323.0,132.0,226.0,1037.0,2017.0,295.0,3573.0,76.0,3717.0,56.0,514.0,599.0,1030.0,1800.0,321.0,3217.0,2818.0,27.0,2203.0,2013.0,8.0,1636.0,1400.0,1934.0,3845.0,291.0,1027.0
2020-11-16,3561.0,1108.0,43.0,126.0,3990.0,1114.0,850.0,324.0,134.0,227.0,1054.0,2043.0,295.0,3591.0,78.0,3734.0,56.0,516.0,597.0,1041.0,1805.0,320.0,3234.0,2837.0,27.0,2223.0,2023.0,8.0,1646.0,1404.0,1945.0,3856.0,290.0,1035.0
2020-11-17,3576.0,1116.0,43.0,126.0,4018.0,1125.0,850.0,324.0,135.0,228.0,1065.0,2060.0,295.0,3620.0,80.0,3747.0,56.0,519.0,600.0,1045.0,1809.0,322.0,3265.0,2850.0,27.0,2243.0,2041.0,8.0,1651.0,1408.0,1953.0,3884.0,291.0,1035.0
2020-11-18,3593.0,1119.0,43.0,127.0,4032.0,1130.0,850.0,323.0,134.0,228.0,1072.0,2073.0,295.0,3625.0,80.0,3756.0,56.0,526.0,601.0,1049.0,1813.0,323.0,3283.0,2859.0,27.0,2265.0,2051.0,8.0,1658.0,1416.0,1962.0,3903.0,298.0,1037.0
2020-11-19,3620.0,1128.0,43.0,128.0,4051.0,1136.0,856.0,323.0,141.0,230.0,1079.0,2097.0,294.0,3639.0,81.0,3776.0,56.0,529.0,605.0,1055.0,1821.0,323.0,3316.0,2872.0,27.0,2285.0,2071.0,8.0,1668.0,1424.0,1967.0,3927.0,300.0,1033.0
2020-11-22,3703.0,1159.0,43.0,130.0,4137.0,1158.0,867.0,326.0,146.0,245.0,1096.0,2137.0,296.0,3674.0,80.0,3825.0,59.0,535.0,610.0,1086.0,1837.0,327.0,3351.0,2927.0,27.0,2343.0,2122.0,8.0,1696.0,1437.0,1987.0,4011.0,309.0,1051.0
2020-11-23,3724.0,1166.0,43.0,131.0,4166.0,1160.0,877.0,328.0,148.0,248.0,1110.0,2151.0,300.0,3692.0,80.0,3842.0,60.0,540.0,612.0,1103.0,1849.0,327.0,3360.0,2952.0,28.0,2360.0,2130.0,8.0,1699.0,1439.0,1997.0,4030.0,312.0,1057.0
2020-11-24,3776.0,1164.0,43.0,131.0,4190.0,1168.0,876.0,332.0,151.0,248.0,1120.0,2168.0,301.0,3695.0,79.0,3859.0,59.0,540.0,613.0,1103.0,1859.0,336.0,3364.0,2973.0,31.0,2374.0,2141.0,8.0,1704.0,1448.0,2001.0,4039.0,312.0,1042.0
2020-11-25,na,na,na,na,na,na,na,na,na,na,na,na,na,na,na,na,na,na,na,na,na,na,na,na,na,na,na,na,na,na,na,na,na,na
2020-11-26,3826.0,1182.0,43.0,138.0,4246.0,1185.0,885.0,336.0,150.0,262.0,1133.0,2207.0,305.0,3734.0,80.0,3895.0,59.0,548.0,617.0,1130.0,1874.0,340.0,3404.0,3015.0,32.0,2428.0,2186.0,8.0,1730.0,1459.0,2018.0,4073.0,315.0,1047.0
2020-11-27,na,na,na,na,na,na,na,na,na,na,na,na,na,na,na,na,na,na,na,na,na,na,na,na,na,na,na,na,na,na,na,na,na,na
2020-11-28,na,na,na,na,na,na,na,na,na,na,na,na,na,na,na,na,na,na,na,na,na,na,na,na,na,na,na,na,na,na,na,na,na,na
2020-11-29,3922.0,1209.0,44.0,145.0,4361.0,1202.0,917.0,350.0,152.0,270.0,1157.0,2267.0,319.0,3807.0,83.0,3950.0,59.0,564.0,624.0,1204.0,1904.0,356.0,3471.0,3081.0,41.0,2539.0,2275.0,8.0,1766.0,1473.0,2046.0,4186.0,325.0,1079.0
2020-11-30,3944.0,1217.0,44.0,146.0,4401.0,1209.0,921.0,350.0,154.0,273.0,1164.0,2270.0,320.0,3820.0,83.0,3966.0,59.0,566.0,627.0,1210.0,1912.0,359.0,3506.0,3105.0,44.0,2557.0,2304.0,8.0,1768.0,1477.0,2059.0,4205.0,329.0,1085.0
2020-12-01,3982.0,1224.0,43.0,149.0,4432.0,1219.0,933.0,351.0,153.0,276.0,1175.0,2287.0,325.0,3843.0,84.0,3991.0,59.0,566.0,628.0,1225.0,1922.0,361.0,3538.0,3127.0,48.0,2583.0,2336.0,9.0,1779.0,1483.0,2067.0,4235.0,334.0,1081.0
2020-12-02,4011.0,1240.0,44.0,150.0,4472.0,1226.0,940.0,358.0,155.0,278.0,1187.0,2314.0,328.0,3852.0,86.0,4004.0,60.0,567.0,631.0,1244.0,1931.0,374.0,3559.0,3146.0,50.0,2591.0,2366.0,9.0,1790.0,1488.0,2077.0,4269.0,345.0,1079.0
2020-12-03,4047.0,1249.0,45.0,151.0,4503.0,1234.0,947.0,358.0,155.0,279.0,1204.0,2337.0,333.0,3873.0,87.0,4049.0,61.0,573.0,631.0,1259.0,1941.0,377.0,3598.0,3166.0,52.0,2610.0,2423.0,9.0,1798.0,1497.0,2085.0,4305.0,349.0,1089.0
2020-12-04,na,na,na,na,na,na,na,na,na,na,na,na,na,na,na,na,na,na,na,na,na,na,na,na,na,na,na,na,na,na,na,na,na,na
2020-12-05,na,na,na,na,na,na,na,na,na,na,na,na,na,na,na,na,na,na,na,na,na,na,na,na,na,na,na,na,na,na,na,na,na,na
2020-12-06,4152.0,1278.0,45.0,156.0,4641.0,1255.0,970.0,363.0,158.0,284.0,1238.0,2401.0,336.0,3944.0,88.0,4159.0,62.0,591.0,639.0,1325.0,1967.0,384.0,3696.0,3248.0,55.0,2707.0,2559.0,9.0,1842.0,1527.0,2112.0,4427.0,373.0,1299.0
2020-12-07,4200.0,1295.0,45.0,158.0,4719.0,1266.0,973.0,368.0,159.0,286.0,1259.0,2433.0,339.0,3988.0,90.0,4211.0,63.0,598.0,642.0,1338.0,1977.0,388.0,3748.0,3303.0,56.0,2739.0,2615.0,9.0,1855.0,1540.0,2139.0,4494.0,377.0,1112.0
2020-12-08,4240.0,1299.0,45.0,159.0,4770.0,1270.0,990.0,373.0,160.0,286.0,1266.0,2448.0,344.0,4020.0,90.0,4250.0,64.0,600.0,645.0,1364.0,1987.0,398.0,3780.0,3323.0,58.0,2771.0,2643.0,9.0,1870.0,1555.0,2158.0,4515.0,383.0,1127.0
2020-12-09,4288.0,1315.0,45.0,163.0,4826.0,1280.0,1013.0,377.0,162.0,291.0,1288.0,2465.0,351.0,4053.0,91.0,4314.0,65.0,602.0,646.0,1412.0,1991.0,405.0,3822.0,3366.0,63.0,2809.0,2676.0,11.0,1878.0,1567.0,2183.0,4575.0,384.0,1131.0
2020-12-10,4334.0,1327.0,46.0,168.0,4881.0,1289.0,1026.0,382.0,163.0,297.0,1295.0,2477.0,357.0,4074.0,91.0,4343.0,65.0,603.0,648.0,1434.0,2007.0,409.0,3857.0,3387.0,63.0,2838.0,2717.0,12.0,1894.0,1577.0,2200.0,4626.0,394.0,1139.0
2020-12-11,na,na,na,na,na,na,na,na,na,na,na,na,na,na,na,na,na,na,na,na,na,na,na,na,na,na,na,na,na,na,na,na,na,na
2020-12-12,na,na,na,na,na,na,na,na,na,na,na,na,na,na,na,na,na,na,na,na,na,na,na,na,na,na,na,na,na,na,na,na,na,na
2020-12-13,4488.0,1377.0,49.0,181.0,5101.0,1327.0,1080.0,383.0,169.0,304.0,1335.0,2534.0,372.0,4162.0,96.0,4508.0,68.0,621.0,658.0,1508.0,2051.0,432.0,4018.0,3503.0,66.0,2963.0,2862.0,13.0,1942.0,1609.0,2256.0,4781.0,401.0,1155.0
2020-12-14,4532.0,1395.0,49.0,183.0,5160.0,1343.0,1092.0,387.0,170.0,306.0,1345.0,2549.0,377.0,4193.0,100.0,4541.0,68.0,625.0,664.0,1529.0,2069.0,436.0,4059.0,3523.0,68.0,3003.0,2900.0,13.0,1956.0,1623.0,2270.0,4824.0,402.0,1159.0
2020-12-15,4577.0,1417.0,50.0,187.0,5222.0,1353.0,1106.0,398.0,172.0,310.0,1358.0,2563.0,381.0,4221.0,100.0,4576.0,67.0,624.0,664.0,1565.0,2091.0,444.0,4116.0,3565.0,68.0,3039.0,2936.0,13.0,1974.0,1629.0,2288.0,4889.0,405.0,1171.0
2020-12-16,4619.0,1435.0,50.0,192.0,5267.0,1362.0,1111.0,401.0,175.0,312.0,1378.0,2582.0,385.0,4243.0,101.0,4619.0,67.0,628.0,668.0,1601.0,2113.0,447.0,4162.0,3592.0,68.0,3074.0,2973.0,13.0,1993.0,1639.0,2307.0,4936.0,408.0,1179.0
2020-12-17,4664.0,1465.0,50.0,193.0,5308.0,1368.0,1117.0,403.0,175.0,320.0,1385.0,2598.0,387.0,4276.0,101.0,4680.0,67.0,629.0,670.0,1623.0,2138.0,461.0,4205.0,3633.0,68.0,3112.0,3025.0,16.0,2011.0,1648.0,2326.0,5000.0,409.0,1178.0
2020-12-18,na,na,na,na,na,na,na,na,na,na,na,na,na,na,na,na,na,na,na,na,na,na,na,na,na,na,na,na,na,na,na,na,na,na
2020-12-19,na,na,na,na,na,na,na,na,na,na,na,na,na,na,na,na,na,na,na,na,na,na,na,na,na,na,na,na,na,na,na,na,na,na
2020-12-20,4806.0,1532.0,52.0,204.0,5462.0,1394.0,1171.0,413.0,179.0,329.0,1423.0,2705.0,424.0,4383.0,108.0,4830.0,69.0,634.0,681.0,1718.0,2238.0,526.0,4344.0,3736.0,69.0,3253.0,3192.0,19.0,2074.0,1696.0,2369.0,5153.0,423.0,1219.0
2020-12-21,4868.0,1551.0,54.0,210.0,5559.0,1413.0,1187.0,419.0,181.0,336.0,1442.0,2743.0,435.0,4436.0,112.0,4877.0,70.0,637.0,708.0,1759.0,2282.0,531.0,4417.0,3774.0,72.0,3302.0,3245.0,18.0,2099.0,1713.0,2391.0,5229.0,427.0,1224.0
2020-12-22,4923.0,1573.0,55.0,213.0,5619.0,1430.0,1209.0,424.0,183.0,339.0,1455.0,2766.0,443.0,4481.0,117.0,4929.0,71.0,646.0,712.0,1796.0,2313.0,536.0,4475.0,3821.0,72.0,3355.0,3302.0,18.0,2127.0,1721.0,2421.0,5308.0,428.0,1239.0
2020-12-23,na,na,na,na,na,na,na,na,na,na,na,na,na,na,na,na,na,na,na,na,na,na,na,na,na,na,na,na,na,na,na,na,na,na
2020-12-26,na,na,na,na,na,na,na,na,na,na,na,na,na,na,na,na,na,na,na,na,na,na,na,na,na,na,na,na,na,na,na,na,na,na
2020-12-27,5245.0,1685.0,55.0,236.0,5952.0,1516.0,1318.0,461.0,195.0,364.0,1528.0,2919.0,529.0,4736.0,128.0,5183.0,72.0,682.0,777.0,1958.0,2465.0,585.0,4755.0,4021.0,78.0,3603.0,3631.0,19.0,2226.0,1796.0,2567.0,5611.0,445.0,1339.0
2020-12-28,5310.0,1712.0,56.0,240.0,6066.0,1533.0,1348.0,471.0,196.0,371.0,1547.0,2950.0,540.0,4762.0,129.0,5240.0,73.0,691.0,789.0,2012.0,2496.0,604.0,4814.0,4075.0,78.0,3658.0,3682.0,19.0,2258.0,1805.0,2599.0,5702.0,445.0,1377.0
2020-12-29,5374.0,1735.0,56.0,240.0,6127.0,1543.0,1352.0,476.0,196.0,375.0,1561.0,2984.0,549.0,4836.0,129.0,5293.0,76.0,689.0,802.0,2020.0,2521.0,612.0,4868.0,4117.0,79.0,3707.0,3746.0,19.0,2279.0,1828.0,2632.0,5785.0,447.0,1349.0
2020-12-30,na,na,na,na,na,na,na,na,na,na,na,na,na,na,na,na,na,na,na,na,na,na,na,na,na,na,na,na,na,na,na,na,na,na
2021-01-02,na,na,na,na,na,na,na,na,na,na,na,na,na,na,na,na,na,na,na,na,na,na,na,na,na,na,na,na,na,na,na,na,na,na
2021-01-03,5750.0,1849.0,57.0,250.0,6522.0,1618.0,1463.0,500.0,209.0,409.0,1660.0,3173.0,615.0,5118.0,144.0,5657.0,87.0,724.0,855.0,2198.0,2660.0,654.0,5165.0,4388.0,83.0,4006.0,4115.0,19.0,2383.0,1925.0,2838.0,6197.0,474.0,1425.0
2021-01-04,5830.0,1876.0,58.0,251.0,6606.0,1638.0,1470.0,500.0,216.0,408.0,1664.0,3199.0,619.0,5173.0,146.0,5717.0,87.0,727.0,861.0,2214.0,2689.0,658.0,5232.0,4439.0,83.0,4041.0,4155.0,19.0,2403.0,1931.0,2883.0,6276.0,475.0,1436.0
2021-01-05,5877.0,1909.0,58.0,251.0,6681.0,1663.0,1487.0,503.0,217.0,413.0,1686.0,3269.0,627.0,5249.0,148.0,5748.0,90.0,730.0,867.0,2249.0,2711.0,667.0,5278.0,4485.0,85.0,4081.0,4206.0,20.0,2445.0,1954.0,2908.0,6339.0,480.0,1445.0
2021-01-06,5949.0,1943.0,60.0,250.0,6792.0,1687.0,1502.0,508.0,220.0,416.0,1696.0,3304.0,635.0,5307.0,153.0,5794.0,92.0,749.0,881.0,2277.0,2737.0,675.0,5321.0,4531.0,87.0,4127.0,4263.0,20.0,2473.0,1971.0,2937.0,6386.0,486.0,1468.0
2021-01-07,6022.0,1964.0,60.0,253.0,6861.0,1701.0,1541.0,509.0,223.0,428.0,1726.0,3351.0,649.0,5368.0,154.0,5834.0,92.0,753.0,882.0,2314.0,2763.0,683.0,5372.0,4560.0,87.0,4178.0,4310.0,20.0,2496.0,1992.0,2962.0,6444.0,486.0,1496.0
2021-01-10,6338.0,2048.0,61.0,275.0,7129.0,1733.0,1607.0,516.0,242.0,448.0,1948.0,3488.0,665.0,5580.0,160.0,6066.0,99.0,770.0,900.0,2418.0,2900.0,699.0,5652.0,4746.0,92.0,4380.0,4554.0,20.0,2596.0,2054.0,3066.0,6744.0,495.0,1397.0
2021-01-11,6404.0,2061.0,61.0,275.0,7191.0,1753.0,1616.0,516.0,246.0,445.0,1953.0,3506.0,665.0,5610.0,167.0,6112.0,101.0,772.0,902.0,2432.0,2930.0,702.0,5708.0,4776.0,92.0,4412.0,4593.0,20.0,2610.0,2065.0,3094.0,6795.0,499.0,1399.0
2021-01-12,6470.0,2075.0,61.0,276.0,7239.0,1765.0,1641.0,520.0,248.0,446.0,1962.0,3553.0,667.0,5688.0,168.0,6159.0,102.0,776.0,903.0,2450.0,2948.0,707.0,5748.0,4830.0,92.0,4440.0,4655.0,20.0,2637.0,2078.0,3117.0,6846.0,501.0,1422.0
2021-01-13,6539.0,2088.0,61.0,279.0,7315.0,1775.0,1665.0,521.0,250.0,450.0,1977.0,3611.0,679.0,5721.0,170.0,6216.0,103.0,786.0,909.0,2482.0,2972.0,715.0,5792.0,4873.0,92.0,4493.0,4719.0,20.0,2665.0,2089.0,3149.0,6900.0,507.0,1438.0
2021-01-14,6624.0,2105.0,61.0,280.0,7384.0,1785.0,1676.0,522.0,252.0,453.0,1981.0,3640.0,683.0,5778.0,174.0,6289.0,108.0,793.0,914.0,2496.0,2994.0,717.0,5869.0,4890.0,92.0,4549.0,4767.0,20.0,2676.0,2107.0,3179.0,6956.0,510.0,1457.0
2021-01-17,6832.0,2190.0,63.0,288.0,7609.0,1822.0,1727.0,536.0,259.0,459.0,2012.0,3756.0,729.0,5924.0,187.0,6461.0,111.0,802.0,920.0,2570.0,3064.0,740.0,6067.0,5007.0,93.0,4652.0,4923.0,20.0,2731.0,2143.0,3294.0,7153.0,516.0,1479.0
2021-01-18,6871.0,2209.0,63.0,289.0,7659.0,1834.0,1733.0,544.0,262.0,459.0,2017.0,3760.0,728.0,5954.0,189.0,6498.0,112.0,803.0,922.0,2580.0,3091.0,738.0,6109.0,5031.0,93.0,4689.0,4961.0,20.0,2748.0,2151.0,3324.0,7190.0,520.0,1467.0
2021-01-19,6909.0,2231.0,64.0,295.0,7719.0,1845.0,1743.0,546.0,270.0,460.0,2026.0,3778.0,733.0,5986.0,191.0,6547.0,112.0,804.0,924.0,2601.0,3115.0,746.0,6138.0,5055.0,93.0,4747.0,5008.0,20.0,2765.0,2162.0,3359.0,7259.0,525.0,1471.0
2021-01-20,6981.0,2248.0,65.0,297.0,7784.0,1853.0,1771.0,556.0,274.0,462.0,2040.0,3804.0,746.0,6028.0,192.0,6598.0,113.0,806.0,925.0,2627.0,3133.0,748.0,6173.0,5081.0,93.0,4787.0,5044.0,20.0,2787.0,2184.0,3390.0,7312.0,530.0,1474.0
2021-01-21,7024.0,2273.0,66.0,301.0,7839.0,1855.0,1794.0,559.0,276.0,465.0,2058.0,3833.0,760.0,6071.0,192.0,6664.0,115.0,808.0,928.0,2655.0,3158.0,752.0,6223.0,5107.0,93.0,4813.0,5106.0,20.0,2804.0,2200.0,3407.0,7372.0,533.0,1483.0
2021-01-24,7171.0,2338.0,66.0,307.0,7996.0,1867.0,1829.0,572.0,281.0,474.0,2093.0,3893.0,777.0,6172.0,194.0,6776.0,117.0,817.0,945.0,2711.0,3215.0,761.0,6349.0,5207.0,98.0,4895.0,5219.0,21.0,2856.0,2245.0,3485.0,7548.0,542.0,1497.0
2021-01-25,7230.0,2360.0,67.0,312.0,8043.0,1870.0,1845.0,575.0,283.0,476.0,2108.0,3901.0,780.0,6201.0,195.0,6813.0,118.0,819.0,946.0,2738.0,3224.0,762.0,6382.0,5220.0,101.0,4942.0,5240.0,21.0,2863.0,2252.0,3499.0,7579.0,549.0,1499.0
2021-01-26,7285.0,2377.0,67.0,315.0,8103.0,1879.0,1850.0,576.0,283.0,476.0,2114.0,3922.0,782.0,6236.0,194.0,6853.0,119.0,821.0,946.0,2748.0,3242.0,764.0,6422.0,5240.0,101.0,4991.0,5274.0,21.0,2885.0,2261.0,3520.0,7635.0,557.0,1505.0
2021-01-27,7352.0,2395.0,67.0,317.0,8144.0,1889.0,1856.0,577.0,285.0,477.0,2137.0,3944.0,784.0,6268.0,196.0,6895.0,118.0,826.0,952.0,2757.0,3251.0,763.0,6469.0,5272.0,101.0,5046.0,5306.0,21.0,2889.0,2272.0,3537.0,7681.0,561.0,1505.0
2021-01-28,7413.0,2407.0,67.0,316.0,8196.0,1887.0,1868.0,578.0,286.0,477.0,2136.0,3957.0,787.0,6313.0,197.0,6925.0,118.0,831.0,956.0,2773.0,3264.0,763.0,6526.0,5292.0,101.0,5078.0,5354.0,21.0,2893.0,2279.0,3543.0,7718.0,564.0,1563.0
2021-01-31,7521.0,2458.0,67.0,323.0,8317.0,1906.0,1900.0,584.0,292.0,479.0,2167.0,3997.0,790.0,6401.0,200.0,7030.0,117.0,836.0,969.0,2819.0,3291.0,770.0,6660.0,5352.0,104.0,5227.0,5457.0,21.0,2926.0,2294.0,3589.0,7850.0,575.0,1574.0
2021-02-01,7551.0,2472.0,67.0,328.0,8359.0,1913.0,1919.0,585.0,293.0,485.0,2176.0,4024.0,798.0,6434.0,200.0,7049.0,118.0,843.0,969.0,2849.0,3304.0,775.0,6701.0,5379.0,106.0,5261.0,5494.0,21.0,2936.0,2320.0,3608.0,7904.0,578.0,1580.0
2021-02-02,7588.0,2485.0,67.0,328.0,8391.0,1920.0,1930.0,586.0,293.0,488.0,2182.0,4041.0,799.0,6468.0,202.0,7079.0,117.0,846.0,975.0,2862.0,3310.0,777.0,6745.0,5414.0,106.0,5279.0,5542.0,21.0,2960.0,2330.0,3625.0,7963.0,582.0,1592.0
2021-02-04,7702.0,2520.0,67.0,332.0,8478.0,1929.0,1952.0,591.0,295.0,493.0,2220.0,4078.0,799.0,6559.0,203.0,7156.0,119.0,851.0,979.0,2890.0,3340.0,786.0,6822.0,5460.0,106.0,5335.0,5605.0,21.0,2975.0,2351.0,3642.0,8064.0,583.0,1611.0
2021-02-07,7828.0,2580.0,67.0,335.0,8612.0,1949.0,1986.0,602.0,296.0,497.0,2258.0,4117.0,804.0,6679.0,205.0,7235.0,120.0,870.0,985.0,2936.0,3391.0,788.0,6944.0,5517.0,106.0,5454.0,5732.0,21.0,2996.0,2373.0,3706.0,8185.0,590.0,1624.0
2021-02-08,7855.0,2595.0,67.0,336.0,8655.0,1960.0,1993.0,608.0,297.0,499.0,2288.0,4127.0,807.0,6693.0,206.0,7256.0,120.0,880.0,990.0,2944.0,3400.0,793.0,6965.0,5529.0,106.0,5474.0,5768.0,21.0,3002.0,2379.0,3718.0,8223.0,590.0,1625.0
2021-02-09,7895.0,2610.0,67.0,338.0,8716.0,1969.0,1998.0,609.0,300.0,502.0,2305.0,4147.0,808.0,6724.0,207.0,7292.0,121.0,884.0,994.0,2960.0,3407.0,795.0,6992.0,5551.0,107.0,5512.0,5813.0,21.0,3010.0,2393.0,3727.0,8278.0,590.0,1626.0
2021-02-10,7926.0,2628.0,67.0,341.0,8759.0,1986.0,2005.0,613.0,302.0,501.0,2314.0,4163.0,809.0,6756.0,208.0,7317.0,121.0,886.0,1001.0,2966.0,3453.0,797.0,7036.0,5580.0,108.0,5539.0,5847.0,21.0,3025.0,2404.0,3745.0,8324.0,590.0,1633.0
2021-02-11,7964.0,2638.0,67.0,341.0,8801.0,1992.0,2015.0,620.0,302.0,503.0,2331.0,4170.0,811.0,6788.0,208.0,7338.0,121.0,889.0,1003.0,2975.0,3470.0,802.0,7067.0,5597.0,108.0,5575.0,5886.0,21.0,3043.0,2417.0,3752.0,8364.0,589.0,1635.0
2021-02-14,8054.0,2688.0,67.0,341.0,8883.0,2007.0,2034.0,626.0,307.0,506.0,2359.0,4206.0,814.0,6873.0,211.0,7410.0,121.0,894.0,1010.0,3013.0,3524.0,802.0,7163.0,5664.0,108.0,5668.0,6009.0,21.0,3067.0,2446.0,3781.0,8476.0,591.0,1649.0
2021-02-15,8083.0,2696.0,67.0,345.0,8902.0,2017.0,2040.0,630.0,307.0,507.0,2371.0,4221.0,819.0,6889.0,212.0,7437.0,121.0,897.0,1014.0,3019.0,3542.0,802.0,7196.0,5675.0,108.0,5694.0,6037.0,21.0,3070.0,2449.0,3787.0,8503.0,593.0,1650.0
2021-02-16,8112.0,2704.0,67.0,345.0,8942.0,2021.0,2044.0,633.0,307.0,511.0,2383.0,4242.0,823.0,6919.0,212.0,7462.0,121.0,899.0,1014.0,3028.0,3553.0,805.0,7226.0,5680.0,108.0,5721.0,6070.0,21.0,3084.0,2470.0,3792.0,8533.0,596.0,1655.0
2021-02-17,8142.0,2713.0,67.0,349.0,8970.0,2028.0,2047.0,636.0,310.0,512.0,2392.0,4268.0,824.0,6950.0,215.0,7503.0,121.0,904.0,1017.0,3041.0,3570.0,805.0,7256.0,5699.0,109.0,5749.0,6109.0,21.0,3092.0,2472.0,3810.0,8564.0,597.0,1657.0
2021-02-18,8180.0,2714.0,67.0,349.0,8992.0,2041.0,2060.0,640.0,311.0,512.0,2401.0,4286.0,826.0,6969.0,214.0,7536.0,121.0,906.0,1020.0,3058.0,3575.0,806.0,7281.0,5715.0,110.0,5778.0,6134.0,21.0,3097.0,2478.0,3820.0,8598.0,597.0,1659.0
2021-02-21,8253.0,2745.0,67.0,352.0,9062.0,2054.0,2079.0,642.0,310.0,518.0,2418.0,4331.0,831.0,7046.0,218.0,7617.0,121.0,915.0,1028.0,3111.0,3606.0,811.0,7368.0,5754.0,110.0,5890.0,6254.0,21.0,3109.0,2503.0,3843.0,8698.0,601.0,1666.0
2021-02-22,8273.0,2748.0,67.0,357.0,9093.0,2070.0,2084.0,642.0,312.0,522.0,2432.0,4346.0,838.0,7074.0,220.0,7652.0,121.0,916.0,1034.0,3141.0,3614.0,816.0,7397.0,5767.0,111.0,5914.0,6278.0,22.0,3112.0,2504.0,3843.0,8721.0,601.0,1670.0
2021-02-23,8303.0,2761.0,67.0,358.0,9132.0,2076.0,2094.0,642.0,312.0,524.0,2435.0,4368.0,839.0,7085.0,220.0,7681.0,121.0,917.0,1047.0,3154.0,3629.0,819.0,7427.0,5789.0,111.0,5960.0,6310.0,22.0,3117.0,2512.0,3857.0,8755.0,602.0,1676.0
2021-02-24,8326.0,2773.0,67.0,358.0,9193.0,2098.0,2100.0,645.0,313.0,525.0,2445.0,4385.0,841.0,7100.0,220.0,7704.0,121.0,917.0,1055.0,3157.0,3645.0,819.0,7453.0,5804.0,111.0,5999.0,6339.0,22.0,3126.0,2519.0,3861.0,8782.0,602.0,1681.0
2021-02-25,8355.0,2793.0,67.0,358.0,9253.0,2117.0,2117.0,645.0,315.0,526.0,2452.0,4409.0,845.0,7113.0,220.0,7730.0,121.0,920.0,1056.0,3176.0,3653.0,825.0,7474.0,5821.0,111.0,6040.0,6363.0,22.0,3135.0,2527.0,3868.0,8814.0,602.0,1677.0
2021-02-28,8417.0,2825.0,67.0,364.0,9336.0,2167.0,2136.0,648.0,315.0,527.0,2464.0,4438.0,851.0,7178.0,220.0,7791.0,121.0,927.0,1060.0,3208.0,3694.0,837.0,7540.0,5872.0,114.0,6143.0,6418.0,22.0,3152.0,2543.0,3893.0,8918.0,604.0,1682.0
2021-03-01,8448.0,2833.0,67.0,363.0,9371.0,2183.0,2141.0,648.0,315.0,528.0,2469.0,4447.0,854.0,7189.0,220.0,7802.0,122.0,927.0,1064.0,3219.0,3703.0,844.0,7557.0,5881.0,114.0,6159.0,6423.0,22.0,3155.0,2549.0,3902.0,8940.0,606.0,1683.0
2021-03-02,8474.0,2837.0,67.0,363.0,9411.0,2200.0,2144.0,650.0,315.0,530.0,2472.0,4460.0,853.0,7210.0,220.0,7823.0,123.0,929.0,1072.0,3225.0,3712.0,845.0,7587.0,5898.0,114.0,6192.0,6447.0,22.0,3158.0,2566.0,3909.0,8967.0,608.0,1683.0
2021-03-03,8494.0,2847.0,67.0,363.0,9449.0,2220.0,2150.0,653.0,317.0,530.0,2473.0,4470.0,853.0,7230.0,220.0,7838.0,123.0,931.0,1070.0,3227.0,3729.0,845.0,7609.0,5916.0,115.0,6218.0,6467.0,22.0,3163.0,2579.0,3921.0,9000.0,611.0,1685.0
2021-03-04,8531.0,2855.0,67.0,364.0,9508.0,2232.0,2155.0,655.0,319.0,533.0,2478.0,4480.0,855.0,7240.0,220.0,7854.0,125.0,932.0,1071.0,3244.0,3740.0,851.0,7626.0,5927.0,115.0,6251.0,6489.0,22.0,3171.0,2591.0,3930.0,9021.0,614.0,1684.0
2021-03-07,8603.0,2889.0,67.0,369.0,9652.0,2268.0,2196.0,661.0,322.0,538.0,2496.0,4498.0,862.0,7291.0,221.0,7894.0,126.0,939.0,1084.0,3294.0,3764.0,860.0,7677.0,5964.0,118.0,6340.0,6528.0,22.0,3190.0,2617.0,3958.0,9072.0,616.0,1697.0
2021-03-08,8613.0,2907.0,67.0,370.0,9693.0,2274.0,2215.0,663.0,325.0,542.0,2501.0,4511.0,863.0,7297.0,223.0,7904.0,126.0,943.0,1086.0,3302.0,3769.0,864.0,7705.0,5974.0,118.0,6364.0,6541.0,22.0,3197.0,2626.0,3964.0,9099.0,616.0,1700.0
2021-03-09,8651.0,2917.0,67.0,370.0,9746.0,2286.0,2226.0,667.0,325.0,545.0,2511.0,4527.0,866.0,7313.0,223.0,7919.0,126.0,949.0,1090.0,3321.0,3780.0,871.0,7720.0,5989.0,118.0,6388.0,6566.0,22.0,3201.0,2627.0,3971.0,9132.0,616.0,1706.0
2021-03-10,8681.0,2933.0,67.0,370.0,9785.0,2296.0,2231.0,670.0,326.0,548.0,2516.0,4540.0,869.0,7333.0,224.0,7942.0,127.0,953.0,1090.0,3327.0,3786.0,877.0,7740.0,6007.0,118.0,6423.0,6590.0,22.0,3216.0,2635.0,3979.0,9151.0,618.0,1703.0
2021-03-14,8762.0,2994.0,67.0,371.0,9946.0,2330.0,2248.0,674.0,328.0,560.0,2532.0,4587.0,872.0,7408.0,228.0,8013.0,128.0,963.0,1100.0,3393.0,3835.0,888.0,7822.0,6071.0,118.0,6510.0,6651.0,22.0,3242.0,2680.0,4012.0,9260.0,621.0,1714.0
2021-03-15,8777.0,3004.0,67.0,372.0,9978.0,2346.0,2252.0,674.0,331.0,564.0,2534.0,4594.0,872.0,7431.0,229.0,8029.0,128.0,965.0,1106.0,3402.0,3843.0,888.0,7837.0,6084.0,118.0,6533.0,6662.0,22.0,3243.0,2683.0,4016.0,9272.0,622.0,1717.0
2021-03-16,8797.0,3010.0,67.0,374.0,10022.0,2357.0,2257.0,675.0,334.0,564.0,2537.0,4606.0,872.0,7455.0,230.0,8063.0,128.0,969.0,1110.0,3410.0,3856.0,891.0,7856.0,6090.0,118.0,6555.0,6675.0,22.0,3255.0,2693.0,4028.0,9292.0,625.0,1718.0
2021-03-17,8821.0,3022.0,67.0,377.0,10063.0,2374.0,2261.0,676.0,335.0,565.0,2544.0,4614.0,872.0,7477.0,232.0,8085.0,129.0,974.0,1113.0,3420.0,3872.0,892.0,7875.0,6099.0,118.0,6585.0,6692.0,22.0,3259.0,2705.0,4036.0,9308.0,625.0,1720.0
2021-03-18,8850.0,3033.0,67.0,381.0,10095.0,2376.0,2267.0,677.0,336.0,566.0,2553.0,4624.0,875.0,7517.0,233.0,8102.0,131.0,976.0,1120.0,3444.0,3886.0,894.0,7892.0,6107.0,118.0,6601.0,6705.0,22.0,3268.0,2715.0,4044.0,9327.0,625.0,1719.0
