date,Regroupement,Croisement,Nom,new_doses_1d,new_doses_2d,total_doses_1d,total_doses_2d,new_doses,total_doses,perc_1d,perc_2d,cvac_cum_tot_ade_p,per_quo_1_n,per_quo_2_n,per_cum_1_n,per_cum_2_n,vac_quo_tot_m
2020-12-14,Région,RSS06,06 - Montréal,143,0,143,0,143,143,0.0067536011,0.0,0.0023897358,130.0,0.0,130.0,0.0,
2020-12-15,Région,RSS06,06 - Montréal,357,0,500,0,357,500,0.0250402748,0.0,0.005870437900000001,352.0,0.0,482.0,0.0,
2020-12-16,Région,RSS06,06 - Montréal,285,0,785,0,285,785,0.0400540496,0.0,0.0072211581000000006,289.0,0.0,771.0,0.0,
2020-12-17,Région,RSS06,06 - Montréal,279,0,1064,0,279,1064,0.0550158736,0.0,0.0081562721,288.0,0.0,1059.0,0.0,
2020-12-18,Région,RSS06,06 - Montréal,140,0,1204,0,140,1204,0.062860441,0.0,0.0092472384,151.0,0.0,1210.0,0.0,
2020-12-19,Région,RSS06,06 - Montréal,79,0,1283,0,79,1283,0.0671204048,0.0,0.009818697,82.0,0.0,1292.0,0.0,
2020-12-20,Région,RSS06,06 - Montréal,79,0,1362,0,79,1362,0.0714842701,0.0,0.0104421063,84.0,0.0,1376.0,0.0,
2020-12-21,Région,RSS06,06 - Montréal,317,0,1679,0,317,1679,0.0876409619,0.0,0.0141306115,311.0,0.0,1687.0,0.0,
2020-12-22,Région,RSS06,06 - Montréal,570,0,2249,0,570,2249,0.11559048029999999,0.0,0.0231700468,538.0,0.0,2225.0,0.0,
2020-12-23,Région,RSS06,06 - Montréal,476,0,2725,0,476,2725,0.140215149,0.0,0.0261831919,474.0,0.0,2699.0,0.0,
2020-12-24,Région,RSS06,06 - Montréal,190,0,2915,0,190,2915,0.1501896983,0.0,0.0276378137,192.0,0.0,2891.0,0.0,
2020-12-25,Région,RSS06,06 - Montréal,0,0,2915,0,0,2915,0.1507611568,0.0,0.0276378137,11.0,0.0,2902.0,0.0,
2020-12-26,Région,RSS06,06 - Montréal,222,0,3137,0,222,3137,0.16250203259999998,0.0,0.0297677956,226.0,0.0,3128.0,0.0,
2020-12-27,Région,RSS06,06 - Montréal,194,0,3331,0,194,3331,0.17330779429999998,0.0,0.0308587619,208.0,0.0,3336.0,0.0,
2020-12-28,Région,RSS06,06 - Montréal,589,0,3920,0,589,3920,0.2053094734,0.0,0.0357940858,616.0,0.0,3952.0,0.0,
2020-12-29,Région,RSS06,06 - Montréal,561,0,4481,0,561,4481,0.2362721369,0.0,0.0393267387,596.0,0.0,4548.0,0.0,
2020-12-30,Région,RSS06,06 - Montréal,566,0,5047,0,566,5047,0.2671308988,0.0,0.0440023087,594.0,0.0,5142.0,0.0,
2020-12-31,Région,RSS06,06 - Montréal,39,0,5086,0,39,5086,0.2699881916,0.0,0.044158160999999994,55.0,0.0,5197.0,0.0,
2021-01-01,Région,RSS06,06 - Montréal,5,0,5091,0,5,5091,0.2710791579,0.0,0.0442620626,21.0,0.0,5218.0,0.0,
2021-01-02,Région,RSS06,06 - Montréal,13,0,5104,0,13,5104,0.2725857305,0.0,0.0442620626,29.0,0.0,5247.0,0.0,
2021-01-03,Région,RSS06,06 - Montréal,13,0,5117,0,13,5117,0.27435205690000003,0.0,0.0442620626,34.0,0.0,5281.0,0.0,
2021-01-04,Région,RSS06,06 - Montréal,575,0,5692,0,575,5692,0.3045354587,0.0,0.0537171041,581.0,0.0,5862.0,0.0,
2021-01-05,Région,RSS06,06 - Montréal,1899,0,7591,0,1899,7591,0.4027743793,0.0001558523,0.07886128049999999,1891.0,3.0,7753.0,3.0,
2021-01-06,Région,RSS06,06 - Montréal,2727,1,10318,1,2728,10319,0.5424700204999999,0.0004156062,0.11008369789999999,2689.0,5.0,10442.0,8.0,
2021-01-07,Région,RSS06,06 - Montréal,4113,0,14431,1,4113,14432,0.7469482814,0.0007273109,0.1647878668,3936.0,6.0,14378.0,14.0,
2021-01-08,Région,RSS06,06 - Montréal,3773,1,18204,2,3774,18206,0.9392700604,0.0012468187,0.2120111237,3702.0,10.0,18080.0,24.0,
2021-01-09,Région,RSS06,06 - Montréal,2028,0,20232,2,2028,20234,1.0436391728,0.0014546218,0.2329472871,2009.0,4.0,20089.0,28.0,
2021-01-10,Région,RSS06,06 - Montréal,1414,1,21646,3,1415,21649,1.1177729325,0.0016624249,0.2469739971,1427.0,4.0,21516.0,32.0,
2021-01-11,Région,RSS06,06 - Montréal,1600,1,23246,4,1601,23250,1.2016214877,0.0020260803,0.2629228858,1614.0,7.0,23130.0,39.0,
2021-01-12,Région,RSS06,06 - Montréal,1104,2,24350,6,1106,24356,1.2629753561,0.0024416866,0.268949176,1181.0,8.0,24311.0,47.0,
2021-01-13,Région,RSS06,06 - Montréal,1278,0,25628,6,1278,25634,1.3336284137999999,0.0030131451,0.27435205690000003,1360.0,11.0,25671.0,58.0,
2021-01-14,Région,RSS06,06 - Montréal,1891,1,27519,7,1892,27526,1.4361792488999998,0.0034807021,0.2863526866,1974.0,9.0,27645.0,67.0,
2021-01-15,Région,RSS06,06 - Montréal,1750,1,29269,8,1751,29277,1.5302621072999998,0.0040521607,0.29367774620000003,1811.0,11.0,29456.0,78.0,
2021-01-16,Région,RSS06,06 - Montréal,1139,2,30408,10,1141,30418,1.5919796311,0.0044677669,0.300275495,1188.0,8.0,30644.0,86.0,
2021-01-17,Région,RSS06,06 - Montréal,934,0,31342,10,934,31352,1.6411250668000001,0.0049353239,0.3064056867,946.0,9.0,31590.0,95.0,
2021-01-18,Région,RSS06,06 - Montréal,1083,3,32425,13,1086,32438,1.6990501838999998,0.0061301918,0.3170555962,1115.0,23.0,32705.0,118.0,
2021-01-19,Région,RSS06,06 - Montréal,1313,0,33738,13,1313,33751,1.7701707986000002,0.007065305799999999,0.3250560159,1369.0,18.0,34074.0,136.0,
2021-01-20,Région,RSS06,06 - Montréal,1576,1,35314,14,1577,35328,1.857707859,0.0075848135,0.3320174201,1685.0,10.0,35759.0,146.0,
2021-01-21,Région,RSS06,06 - Montréal,1937,4,37251,18,1941,37269,1.9629081838,0.0085718783,0.34168026479999997,2025.0,19.0,37784.0,165.0,
2021-01-22,Région,RSS06,06 - Montréal,2144,3,39395,21,2147,39416,2.0787064672,0.0090394353,0.3497845861,2229.0,9.0,40013.0,174.0,
2021-01-23,Région,RSS06,06 - Montréal,1242,4,40637,25,1246,40662,2.1463463797,0.0095069923,0.3536808944,1302.0,9.0,41315.0,183.0,
2021-01-24,Région,RSS06,06 - Montréal,402,1,41039,26,403,41065,2.1684254602,0.0101304016,0.35549917159999994,425.0,12.0,41740.0,195.0,
2021-01-25,Région,RSS06,06 - Montréal,627,5,41666,31,632,41697,2.2044792999999996,0.011688925,0.3585123168,694.0,30.0,42434.0,225.0,
2021-01-26,Région,RSS06,06 - Montréal,767,28,42433,59,795,42492,2.248169904,0.0157410856,0.3649542132,841.0,78.0,43275.0,303.0,
2021-01-27,Région,RSS06,06 - Montréal,696,10,43129,69,706,43198,2.2873407903,0.0189100831,0.3699414878,754.0,61.0,44029.0,364.0,
2021-01-28,Région,RSS06,06 - Montréal,843,35,43972,104,878,44076,2.3336289333,0.0233258992,0.37778605530000003,891.0,85.0,44920.0,449.0,
2021-01-29,Région,RSS06,06 - Montréal,205,18,44177,122,223,44299,2.3466166277,0.0266507489,0.3826694284,250.0,64.0,45170.0,513.0,
2021-01-30,Région,RSS06,06 - Montréal,30,34,44207,156,64,44363,2.3494219697,0.0304951065,0.3865137859,54.0,74.0,45224.0,587.0,
2021-01-31,Région,RSS06,06 - Montréal,8,18,44215,174,26,44389,2.3516558531,0.033040694599999997,0.3890074232,43.0,49.0,45267.0,636.0,
2021-02-01,Région,RSS06,06 - Montréal,21,26,44236,200,47,44436,2.354720949,0.0366252983,0.3924361746,59.0,69.0,45326.0,705.0,
2021-02-02,Région,RSS06,06 - Montréal,70,69,44306,269,139,44575,2.3612147962,0.044106210199999996,0.4001768404,125.0,144.0,45451.0,849.0,
2021-02-03,Région,RSS06,06 - Montréal,2217,47,46523,316,2264,46839,2.4775845382,0.0490415341,0.4149828121,2240.0,95.0,47691.0,944.0,
2021-02-04,Région,RSS06,06 - Montréal,3423,24,49946,340,3447,50286,2.657334229,0.0536132026,0.4311914547,3460.0,88.0,51151.0,1032.0,
2021-02-05,Région,RSS06,06 - Montréal,3486,36,53432,376,3522,53808,2.8396814586000003,0.0575614617,0.44438695229999997,3510.0,76.0,54661.0,1108.0,
2021-02-06,Région,RSS06,06 - Montréal,1511,15,54943,391,1526,55334,2.9201532132,0.0601590006,0.4528029782,1549.0,50.0,56210.0,1158.0,
2021-02-07,Région,RSS06,06 - Montréal,445,3,55388,394,448,55782,2.9463364052,0.0612499669,0.4546212555,504.0,21.0,56714.0,1179.0,
2021-02-08,Région,RSS06,06 - Montréal,1181,26,56569,420,1207,56989,3.0092487969,0.0649384721,0.4611670534,1211.0,71.0,57925.0,1250.0,
2021-02-09,Région,RSS06,06 - Montréal,538,18,57107,438,556,57545,3.0395880511,0.06940623900000001,0.4661543281,584.0,86.0,58509.0,1336.0,
2021-02-10,Région,RSS06,06 - Montréal,1194,27,58301,465,1221,58766,3.1036953108,0.0756922831,0.4750379111,1234.0,121.0,59743.0,1457.0,
2021-02-11,Région,RSS06,06 - Montréal,1823,32,60124,497,1855,60621,3.1995444956,0.08197832719999999,0.48594757439999997,1845.0,121.0,61588.0,1578.0,
2021-02-12,Région,RSS06,06 - Montréal,1881,22,62005,519,1903,62524,3.2986146286,0.0850434231,0.49706504079999997,1907.0,59.0,63495.0,1637.0,
2021-02-13,Région,RSS06,06 - Montréal,71,8,62076,527,79,62603,3.3036019032999997,0.0868617003,0.49919502270000005,96.0,35.0,63591.0,1672.0,
2021-02-14,Région,RSS06,06 - Montréal,54,7,62130,534,61,62664,3.3080696701,0.08831632210000001,0.5006496445,86.0,28.0,63677.0,1700.0,
2021-02-15,Région,RSS06,06 - Montréal,830,16,62960,550,846,63510,3.3532148960000003,0.0916931226,0.5074551964,869.0,65.0,64546.0,1765.0,
2021-02-16,Région,RSS06,06 - Montréal,166,23,63126,573,189,63699,3.3646960177999996,0.09522577550000001,0.5115593078,221.0,68.0,64767.0,1833.0,
2021-02-17,Région,RSS06,06 - Montréal,420,8,63546,581,428,64127,3.3895284895,0.09844672369999999,0.5155595177000001,478.0,62.0,65245.0,1895.0,
2021-02-18,Région,RSS06,06 - Montréal,2451,20,65997,601,2471,66598,3.5188859260000003,0.1022910812,0.5300537846,2490.0,74.0,67735.0,1969.0,
2021-02-19,Région,RSS06,06 - Montréal,3944,10,69941,611,3954,70552,3.7252344149,0.1064471435,0.5501587356000001,3972.0,80.0,71707.0,2049.0,
2021-02-20,Région,RSS06,06 - Montréal,2571,5,72512,616,2576,73128,3.8599427814,0.1083693222,0.5607047435,2593.0,37.0,74300.0,2086.0,
2021-02-21,Région,RSS06,06 - Montréal,1963,8,74475,624,1971,75099,3.9620780102999995,0.1103954026,0.5678739508,1966.0,39.0,76266.0,2125.0,
2021-02-22,Région,RSS06,06 - Montréal,2200,23,76675,647,2223,77322,4.0770970321,0.1149151202,0.579510925,2214.0,87.0,78480.0,2212.0,
2021-02-23,Région,RSS06,06 - Montréal,1605,25,78280,672,1630,78952,4.1618287505,0.11912313320000001,0.5894854743,1631.0,81.0,80111.0,2293.0,
2021-02-24,Région,RSS06,06 - Montréal,1924,14,80204,686,1938,80890,4.2641198317,0.12244798300000001,0.5996158759,1969.0,64.0,82080.0,2357.0,
2021-02-25,Région,RSS06,06 - Montréal,3680,18,83884,704,3698,84588,4.4568052661,0.1262403898,0.6135386843999999,3709.0,73.0,85789.0,2430.0,
2021-02-26,Région,RSS06,06 - Montréal,4693,17,88577,721,4710,89298,4.7025843953,0.1286301255,0.629747327,4731.0,46.0,90520.0,2476.0,
2021-02-27,Région,RSS06,06 - Montréal,3506,18,92083,739,3524,92822,4.8856589358999996,0.1309159597,0.6373840913000001,3524.0,44.0,94044.0,2520.0,
2021-02-28,Région,RSS06,06 - Montréal,2305,5,94388,744,2310,95132,5.0063925432,0.1326303354,0.642838923,2324.0,33.0,96368.0,2553.0,
2021-03-01,Région,RSS06,06 - Montréal,11049,17,105437,761,11066,106198,5.5792537686,0.13486421880000002,0.6539563894,11027.0,43.0,107395.0,2596.0,
2021-03-02,Région,RSS06,06 - Montréal,10982,26,116419,787,11008,117206,6.1501928153,0.1391241826,0.6686065086999999,10990.0,82.0,118385.0,2678.0,
2021-03-03,Région,RSS06,06 - Montréal,11106,18,127525,805,11124,128330,6.7306388542999995,0.1422931801,0.6796200736,11173.0,61.0,129558.0,2739.0,
2021-03-04,Région,RSS06,06 - Montréal,11498,17,139023,822,11515,139845,7.3296832717,0.1448387682,0.6951533561,11531.0,49.0,141089.0,2788.0,
2021-03-05,Région,RSS06,06 - Montréal,10736,19,149759,841,10755,150600,7.8909594737,0.14811166720000002,0.7082969029,10804.0,63.0,151893.0,2851.0,
2021-03-06,Région,RSS06,06 - Montréal,9105,11,158864,852,9116,159716,8.365373975499999,0.1500338459,0.7186870584,9132.0,37.0,161025.0,2888.0,
2021-03-07,Région,RSS06,06 - Montréal,8806,4,167670,856,8810,168526,8.8233720315,0.1520599263,0.7280381984000001,8816.0,39.0,169841.0,2927.0,
2021-03-08,Région,RSS06,06 - Montréal,9761,314,177431,1170,10075,178601,9.3332169636,0.1701907477,0.7531304240000001,9814.0,349.0,179655.0,3276.0,
2021-03-09,Région,RSS06,06 - Montréal,10244,467,187675,1637,10711,189312,9.8701802017,0.19580248109999998,0.7848723490999999,10336.0,493.0,189991.0,3769.0,
2021-03-10,Région,RSS06,06 - Montréal,8695,415,196370,2052,9110,198422,10.325580719,0.21995959269999998,0.8152116033,8766.0,465.0,198757.0,4234.0,
2021-03-11,Région,RSS06,06 - Montréal,9694,191,206064,2243,9885,208307,10.833607374000001,0.2329992379,0.8383816502,9779.0,251.0,208536.0,4485.0,
2021-03-12,Région,RSS06,06 - Montréal,10808,149,216872,2392,10958,219265,11.400182555,0.24359719649999997,0.8613958447,10906.0,204.0,219442.0,4689.0,
2021-03-13,Région,RSS06,06 - Montréal,9698,12,226570,2404,9710,228975,11.904832409,0.24567522760000002,0.8741237852,9714.0,40.0,229156.0,4729.0,
2021-03-14,Région,RSS06,06 - Montréal,9625,7,236195,2411,9632,238607,12.406365217000001,0.2470259479,0.8852412516,9654.0,26.0,238810.0,4755.0,
2021-03-15,Région,RSS06,06 - Montréal,9882,13,246077,2424,9895,248502,12.925041781,0.2504546992,0.8999952725,9984.0,66.0,248794.0,4821.0,
2021-03-16,Région,RSS06,06 - Montréal,9742,19,255819,2443,9761,258263,13.43400355,0.2542990567,0.9142817363,9797.0,74.0,258591.0,4895.0,
2021-03-17,Région,RSS06,06 - Montréal,7386,18,263205,2461,7404,265667,13.821816105999998,0.2574680542,0.9310098868000001,7465.0,61.0,266056.0,4956.0,
2021-03-18,Région,RSS06,06 - Montréal,6876,34,270081,2495,6910,272577,14.185159845,0.2617280179,0.9490368066,6994.0,82.0,273050.0,5038.0,
2021-03-19,Région,RSS06,06 - Montréal,6598,11,276679,2506,6609,279186,14.533957366,0.2646372615,0.9623362056999999,6714.0,56.0,279764.0,5094.0,
2021-03-20,Région,RSS06,06 - Montréal,4541,3,281220,2509,4544,283730,14.774125811,0.26614383399999997,0.9694015115000001,4623.0,29.0,284387.0,5123.0,
2021-03-21,Région,RSS06,06 - Montréal,4133,10,285353,2519,4143,287873,14.992526881,0.2683257667,0.9766226695999999,4204.0,42.0,288591.0,5165.0,
2021-03-22,Région,RSS06,06 - Montréal,11581,27,296934,2546,11608,299481,15.598065145,0.2714947641,0.9985978484999999,11656.0,61.0,300247.0,5226.0,
2021-03-23,Région,RSS06,06 - Montréal,14399,21,311333,2567,14420,313901,16.351559225,0.2753391217,1.0229108125,14504.0,74.0,314751.0,5300.0,
2021-03-24,Région,RSS06,06 - Montréal,15026,23,326359,2590,15049,328950,17.13684718,0.2788198238,1.0523669034,15116.0,67.0,329867.0,5367.0,
2021-03-25,Région,RSS06,06 - Montréal,14149,34,340508,2624,14183,343133,17.87771722,0.2828719845,1.076524015,14261.0,78.0,344128.0,5445.0,
2021-03-26,Région,RSS06,06 - Montréal,13076,18,353584,2642,13094,356227,18.563311632999998,0.2869241451,1.1015123391,13197.0,78.0,357325.0,5523.0,
2021-03-27,Région,RSS06,06 - Montréal,10048,21,363632,2663,10069,366296,19.089936667,0.2900931425,1.1223965517,10137.0,61.0,367462.0,5584.0,
2021-03-28,Région,RSS06,06 - Montréal,8950,10,372582,2673,8960,375256,19.558688534,0.2921192229,1.1387090959000001,9023.0,39.0,376485.0,5623.0,
2021-03-29,Région,RSS06,06 - Montréal,11079,26,383661,2699,11105,386361,20.140589195,0.2966389405,1.1596972101,11201.0,87.0,387686.0,5710.0,
2021-03-30,Région,RSS06,06 - Montréal,11374,45,395035,2744,11419,397780,20.738490695,0.3032366893,1.1917508398999999,11509.0,127.0,399195.0,5837.0,
2021-03-31,Région,RSS06,06 - Montréal,10860,43,405895,2787,10903,408683,21.311144117,0.31025004429999997,1.2252590915000001,11023.0,135.0,410218.0,5972.0,
2021-04-01,Région,RSS06,06 - Montréal,9237,18,415132,2805,9255,417938,21.80031264,0.3150295158,1.2515981358,9416.0,92.0,419634.0,6064.0,
2021-04-02,Région,RSS06,06 - Montréal,7226,29,422358,2834,7255,425193,22.183969133,0.3200167905,1.2739369701999999,7385.0,96.0,427019.0,6160.0,
2021-04-03,Région,RSS06,06 - Montréal,5401,17,427759,2851,5418,430611,22.470477671999998,0.3228740833,1.2899378097,5515.0,55.0,432534.0,6215.0,
2021-04-04,Région,RSS06,06 - Montréal,3478,12,431237,2863,3490,434101,22.654019769,0.3252118683,1.2993928513,3533.0,45.0,436067.0,6260.0,
2021-04-05,Région,RSS06,06 - Montréal,3957,21,435194,2884,3978,438079,22.867693318,0.3308225522,1.3119129887,4113.0,108.0,440180.0,6368.0,
2021-04-06,Région,RSS06,06 - Montréal,4221,69,439415,2953,4290,442369,23.096432592,0.3400697907,1.3316542842,4403.0,178.0,444583.0,6546.0,
2021-04-07,Région,RSS06,06 - Montréal,6170,78,445585,3031,6248,448617,23.427203194,0.3487975213,1.3547723803,6367.0,168.0,450950.0,6714.0,
2021-04-08,Région,RSS06,06 - Montréal,10845,68,456430,3099,10913,459530,24.004064629000002,0.35674599030000004,1.3852674868000001,11104.0,153.0,462054.0,6867.0,
2021-04-09,Région,RSS06,06 - Montréal,11750,97,468180,3196,11847,471377,24.62809737,0.36562957329999995,1.4212693757,12012.0,171.0,474066.0,7038.0,
2021-04-10,Région,RSS06,06 - Montréal,7047,27,475227,3223,7074,478451,25.003337836999997,0.36957783240000003,1.4410626219999998,7223.0,76.0,481289.0,7114.0,
2021-04-11,Région,RSS06,06 - Montréal,6279,14,481506,3237,6293,484744,25.335147454,0.3731624361,1.4568037076,6387.0,69.0,487676.0,7183.0,
2021-04-12,Région,RSS06,06 - Montréal,10370,163,491876,3400,10533,495277,25.884111322,0.3875528015,1.4954031354,10567.0,277.0,498243.0,7460.0,
2021-04-13,Région,RSS06,06 - Montréal,11591,435,503467,3835,12026,507303,26.496091483,0.4149828121,1.5448602758,11780.0,528.0,510023.0,7988.0,
2021-04-14,Région,RSS06,06 - Montréal,11288,449,514755,4284,11737,519040,27.092538362,0.44345183829999996,1.5953564317,11481.0,548.0,521504.0,8536.0,
2021-04-15,Région,RSS06,06 - Montréal,11080,356,525835,4640,11437,530477,27.679478248000002,0.4677648022,1.6485020772999999,11298.0,468.0,532802.0,9004.0,
2021-04-16,Région,RSS06,06 - Montréal,11495,227,537330,4867,11722,542199,28.285691873,0.48475270649999996,1.6958292357,11669.0,327.0,544471.0,9331.0,
2021-04-17,Région,RSS06,06 - Montréal,8449,166,545779,5033,8615,550814,28.732520511,0.4967013854,1.7313635675999999,8601.0,230.0,553072.0,9561.0,
2021-04-18,Région,RSS06,06 - Montréal,6403,131,552182,5164,6534,557348,29.070927877,0.5062083777,1.7577026118999999,6514.0,183.0,559586.0,9744.0,
2021-04-19,Région,RSS06,06 - Montréal,8824,609,561006,5773,9433,566781,29.538484876,0.5438726915,1.8153679752,9000.0,725.0,568586.0,10469.0,
2021-04-20,Région,RSS06,06 - Montréal,9478,1457,570484,7230,10936,577717,30.043654238000002,0.6262666249000001,1.9142303050999998,9724.0,1586.0,578310.0,12055.0,
2021-04-21,Région,RSS06,06 - Montréal,15166,1562,585650,8792,16728,594445,30.846241803,0.7147387993000001,2.0317429642,15449.0,1703.0,593759.0,13758.0,
2021-04-22,Région,RSS06,06 - Montréal,12988,1086,598638,9878,14076,608521,31.536719589,0.7773394864000001,2.1212022033,13291.0,1205.0,607050.0,14963.0,
2021-04-23,Région,RSS06,06 - Montréal,11619,768,610257,10646,12387,620908,32.153790926,0.8230561706999999,2.1929462272999998,11878.0,880.0,618928.0,15843.0,
2021-04-24,Région,RSS06,06 - Montréal,6998,313,617255,10959,7311,628219,32.526537755999996,0.843784531,2.2281169038,7175.0,399.0,626103.0,16242.0,
2021-04-25,Région,RSS06,06 - Montréal,5042,69,622297,11028,5111,633330,32.795538883,0.8507459352,2.2450528572999997,5178.0,134.0,631281.0,16376.0,
2021-04-26,Région,RSS06,06 - Montréal,7057,1127,629354,12155,8185,641515,33.173792495,0.9151648995999999,2.3211087958000003,7281.0,1240.0,638562.0,17616.0,
2021-04-27,Région,RSS06,06 - Montréal,6173,2128,635527,14283,8303,649818,33.506329423000004,1.0315346416,2.4371148824,6401.0,2240.0,644963.0,19856.0,
2021-04-28,Région,RSS06,06 - Montréal,7116,2615,642643,16898,9732,659550,33.88827154,1.1747629356,2.5769144251,7352.0,2757.0,652315.0,22613.0,
2021-04-29,Région,RSS06,06 - Montréal,7409,2905,650052,19803,10315,669865,34.284344269,1.331238678,2.7238312244,7624.0,3012.0,659939.0,25625.0,
2021-04-30,Région,RSS06,06 - Montréal,7479,3238,657531,23041,10722,680587,34.684936715999996,1.5074037650999998,2.8921517441000004,7711.0,3391.0,667650.0,29016.0,
2021-05-01,Région,RSS06,06 - Montréal,6363,1584,663894,24625,7949,688536,35.02588967,1.5938498590999999,2.9825460972,6563.0,1664.0,674213.0,30680.0,
2021-05-02,Région,RSS06,06 - Montréal,6534,1456,670428,26081,7991,696527,35.372557209,1.6735423521000001,3.0678492742000003,6673.0,1534.0,680886.0,32214.0,
2021-05-03,Région,RSS06,06 - Montréal,8130,2456,678558,28537,10587,707114,35.809099594,1.8068999984,3.2079605216000004,8403.0,2567.0,689289.0,34781.0,
2021-05-04,Région,RSS06,06 - Montréal,12119,2103,690677,30640,14223,721337,36.457341398000004,1.9241009528,3.3396557430000002,12478.0,2256.0,701767.0,37037.0,
2021-05-05,Région,RSS06,06 - Montréal,13606,2161,704283,32801,15770,737107,37.18293791,2.0435877415,3.4789877287,13967.0,2300.0,715734.0,39337.0,
2021-05-06,Région,RSS06,06 - Montréal,16915,2010,721198,34811,18926,756033,38.08210197,2.1558014213,3.6172806988999997,17308.0,2160.0,733042.0,41497.0,
2021-05-07,Région,RSS06,06 - Montréal,14685,2149,735883,36960,16835,772868,38.864948239,2.2738855388999997,3.7561970783999996,15069.0,2273.0,748111.0,43770.0,
2021-05-08,Région,RSS06,06 - Montréal,14863,698,750746,37658,15561,788429,39.652002521,2.3160176196,3.8305386412,15150.0,811.0,763261.0,44581.0,
2021-05-09,Région,RSS06,06 - Montréal,13709,504,764455,38162,14213,802642,40.376456115,2.3466685785,3.8886715615,13945.0,590.0,777206.0,45171.0,
2021-05-10,Région,RSS06,06 - Montréal,16494,1523,780949,39685,18018,820660,41.253385243000004,2.4314522476,4.003274977,16880.0,1632.0,794086.0,46803.0,
2021-05-11,Région,RSS06,06 - Montréal,16432,1793,797381,41478,18225,838885,42.126781717,2.532080904,4.132268758,16812.0,1937.0,810898.0,48740.0,
2021-05-12,Région,RSS06,06 - Montréal,19124,2257,816505,43735,21381,860266,43.141796011000004,2.6560874103,4.287497681700001,19538.0,2387.0,830436.0,51127.0,
2021-05-13,Région,RSS06,06 - Montréal,20246,2684,836751,46419,22930,883196,44.216813454,2.8018612925,4.4658447015,20693.0,2806.0,851129.0,53933.0,
2021-05-14,Région,RSS06,06 - Montréal,19991,2718,856742,49137,22715,905911,45.276401515,2.9507522213,4.6561923509,20396.0,2866.0,871525.0,56799.0,
2021-05-15,Région,RSS06,06 - Montréal,18344,896,875086,50033,19240,925151,46.24798495899999,3.0033264083,4.7501713077,18702.0,1012.0,890227.0,57811.0,
2021-05-16,Région,RSS06,06 - Montréal,17045,378,892131,50411,17424,942575,47.149019247,3.0268081598000003,4.8077327694,17344.0,452.0,907571.0,58263.0,
2021-05-17,Région,RSS06,06 - Montréal,17848,2620,909979,53031,20469,963044,48.095874121,3.1701403554,4.9832744470999994,18226.0,2759.0,925797.0,61022.0,
2021-05-18,Région,RSS06,06 - Montréal,16646,2449,926625,55480,19096,982140,48.983193404,3.304121411,5.152114474599999,17080.0,2579.0,942877.0,63601.0,
2021-05-19,Région,RSS06,06 - Montréal,17477,2862,944102,58342,20339,1002479,49.915657912,3.4608049564999996,5.3396048312,17949.0,3016.0,960826.0,66617.0,
2021-05-20,Région,RSS06,06 - Montréal,18314,2556,962416,60898,20870,1023349,50.893631301999996,3.6033059397000002,5.5187830634,18825.0,2743.0,979651.0,69360.0,
2021-05-21,Région,RSS06,06 - Montréal,16452,2879,978868,63777,19331,1042680,51.776275015,3.7628467779,5.7115204486,16990.0,3071.0,996641.0,72431.0,
2021-05-22,Région,RSS06,06 - Montréal,17283,800,996151,64577,18083,1060763,52.693985503,3.811680509,5.7988497059,17665.0,940.0,1014306.0,73371.0,
2021-05-23,Région,RSS06,06 - Montréal,15935,700,1012086,65277,16636,1077399,53.535484198999995,3.8524099187000003,5.8685156987000004,16198.0,784.0,1030504.0,74155.0,
2021-05-24,Région,RSS06,06 - Montréal,13965,1932,1026051,67209,15898,1093297,54.276821797,3.9602077823000004,6.0027045575,14270.0,2075.0,1044774.0,76230.0,
2021-05-25,Région,RSS06,06 - Montréal,15080,2889,1041131,70098,17971,1111268,55.081591294,4.1205278822,6.1818827897,15491.0,3086.0,1060265.0,79316.0,
2021-05-26,Région,RSS06,06 - Montréal,16531,4076,1057662,74174,20611,1131879,55.96153356600001,4.3415264905,6.4272982634,16938.0,4254.0,1077203.0,83570.0,
2021-05-27,Région,RSS06,06 - Montréal,17445,4216,1075107,78390,21664,1153543,56.89327076399999,4.5694865029,6.684974120700001,17935.0,4388.0,1095138.0,87958.0,
2021-05-28,Région,RSS06,06 - Montréal,17303,3899,1092410,82289,21202,1174745,57.81020199,4.7809781189,6.934805410599999,17650.0,4071.0,1112788.0,92029.0,
2021-05-29,Région,RSS06,06 - Montréal,17582,5384,1109992,87673,22967,1197712,58.737575322,5.065564479,7.2603289835,17851.0,5478.0,1130639.0,97507.0,
2021-05-30,Région,RSS06,06 - Montréal,15724,3099,1125716,90772,18825,1216537,59.565722668999996,5.2317550168,7.4624175087,15941.0,3199.0,1146580.0,100706.0,
2021-05-31,Région,RSS06,06 - Montréal,16712,4200,1142428,94972,20916,1237453,60.449769053000004,5.4570135888,7.7257040499,17017.0,4336.0,1163597.0,105042.0,
2021-06-01,Région,RSS06,06 - Montréal,15375,3620,1157803,98592,19003,1256456,61.266539179,5.657179935199999,7.9570928137,15722.0,3853.0,1179319.0,108895.0,
2021-06-02,Région,RSS06,06 - Montréal,16702,4221,1174505,102813,20926,1277382,62.156300148999996,5.8863867663,8.222872992300001,17127.0,4412.0,1196446.0,113307.0,
2021-06-03,Région,RSS06,06 - Montréal,16136,4902,1190641,107715,21041,1298423,63.01146189999999,6.1520630433,8.52600578,16461.0,5114.0,1212907.0,118421.0,
2021-06-04,Région,RSS06,06 - Montréal,16214,4935,1206855,112650,21150,1319573,63.872597991000006,6.4200771053,8.838489707799999,16576.0,5159.0,1229483.0,123580.0,
2021-06-05,Région,RSS06,06 - Montréal,16500,3788,1223355,116438,20290,1339863,64.743137172,6.6256982834,9.0834895753,16757.0,3958.0,1246240.0,127538.0,
2021-06-06,Région,RSS06,06 - Montréal,12607,3847,1235962,120285,16455,1356318,65.408886388,6.8323584770000005,9.3206968262,12815.0,3978.0,1259055.0,131516.0,
2021-06-07,Région,RSS06,06 - Montréal,10609,6376,1246571,126661,16986,1373304,65.974110849,7.1755453143,9.689391495299999,10880.0,6606.0,1269935.0,138122.0,
2021-06-08,Région,RSS06,06 - Montréal,9422,10614,1255993,137275,20039,1393343,66.475331952,7.739263202899999,10.273110433,9648.0,10851.0,1279583.0,148973.0,
2021-06-09,Région,RSS06,06 - Montréal,8446,17271,1264439,154546,25723,1419066,66.929173946,8.6485576646,11.19409382,8736.0,17503.0,1288319.0,166476.0,
2021-06-10,Région,RSS06,06 - Montréal,8781,18419,1273220,172965,27205,1446271,67.401146761,9.6176474714,12.178509106,9085.0,18654.0,1297404.0,185130.0,
2021-06-11,Région,RSS06,06 - Montréal,9478,20721,1282698,193686,30213,1476484,67.906627828,10.707315032999999,13.282255329000002,9730.0,20975.0,1307134.0,206105.0,
2021-06-12,Région,RSS06,06 - Montréal,8215,14362,1290913,208048,22585,1499069,68.344261179,11.464185913,14.056945325,8424.0,14569.0,1315558.0,220674.0,
2021-06-13,Région,RSS06,06 - Montréal,6287,15027,1297200,223075,21325,1520394,68.678928089,12.253526029000001,14.857350957000001,6442.0,15194.0,1322000.0,235868.0,
2021-06-14,Région,RSS06,06 - Montréal,7164,20172,1304364,243247,27351,1547745,69.06310409,13.318153315999998,15.935953003,7395.0,20493.0,1329395.0,256361.0,
2021-06-15,Région,RSS06,06 - Montréal,5469,19377,1309833,262624,24853,1572598,69.356210378,14.342726553,16.963435484,5642.0,19722.0,1335037.0,276083.0,
2021-06-16,Région,RSS06,06 - Montréal,3986,22218,1313819,284842,26210,1598808,69.57726093699999,15.516294620999998,18.126093889,4255.0,22590.0,1339292.0,298673.0,
2021-06-17,Région,RSS06,06 - Montréal,4698,20553,1318517,305395,25261,1624069,69.834365336,16.604663414,19.207137620999998,4949.0,20950.0,1344241.0,319623.0,
2021-06-18,Région,RSS06,06 - Montréal,5079,19705,1323596,325100,24791,1648860,70.109029097,17.648042832,20.249633877,5287.0,20084.0,1349528.0,339707.0,
2021-06-19,Région,RSS06,06 - Montréal,3508,12247,1327104,337347,15757,1664617,70.299013091,18.298674372,20.901564185999998,3657.0,12524.0,1353185.0,352231.0,
2021-06-20,Région,RSS06,06 - Montréal,2892,9240,1329996,346587,12134,1676751,70.454138113,18.789401418,21.3968629,2986.0,9446.0,1356171.0,361677.0,
2021-06-21,Région,RSS06,06 - Montréal,2911,17289,1332907,363876,20208,1696959,70.618198669,19.710280903,22.308910753000003,3158.0,17726.0,1359329.0,379403.0,
2021-06-22,Région,RSS06,06 - Montréal,2447,18096,1335354,381972,20557,1717516,70.756127984,20.676201712,23.265792126999997,2655.0,18593.0,1361984.0,397996.0,
2021-06-23,Région,RSS06,06 - Montréal,2814,22018,1338168,403990,24844,1742360,70.911045203,21.844366899,24.411722381,2982.0,22486.0,1364966.0,420482.0,
2021-06-24,Région,RSS06,06 - Montréal,1840,15170,1340008,419160,17013,1759373,71.017959903,22.661864336999997,25.218310155,2058.0,15736.0,1367024.0,436218.0,
2021-06-25,Région,RSS06,06 - Montréal,2856,21085,1342864,440245,23951,1783324,71.178643659,23.783793331,26.324394163,3093.0,21596.0,1370117.0,457814.0,
2021-06-26,Région,RSS06,06 - Montréal,2678,16697,1345542,456942,19380,1802704,71.32504095,24.672463334,27.202206453000002,2818.0,17106.0,1372935.0,474920.0,
2021-06-27,Région,RSS06,06 - Montréal,2037,15110,1347579,472052,17150,1819854,71.43522855,25.474791145,27.99092316,2121.0,15444.0,1375056.0,490364.0,
2021-06-28,Région,RSS06,06 - Montréal,2118,21321,1349697,493373,23446,1843300,71.55497509199999,26.611993668,29.102929556,2305.0,21890.0,1377361.0,512254.0,
2021-06-29,Région,RSS06,06 - Montréal,2425,23690,1352122,517063,26127,1869427,71.68843664,27.875644384,30.342527062,2569.0,24324.0,1379930.0,536578.0,
2021-06-30,Région,RSS06,06 - Montréal,2277,23311,1354399,540374,25605,1895032,71.814573128,29.118099183,31.55614918,2428.0,23916.0,1382358.0,560494.0,
2021-07-01,Région,RSS06,06 - Montréal,1713,17988,1356112,558362,19709,1914741,71.912084738,30.079500275,32.498899942,1877.0,18506.0,1384235.0,579000.0,
2021-07-02,Région,RSS06,06 - Montréal,2320,21717,1358432,580079,24045,1938786,72.042533141,31.234366063000003,33.626959129,2511.0,22230.0,1386746.0,601230.0,
2021-07-03,Région,RSS06,06 - Montréal,1997,16858,1360429,596937,18864,1957650,72.152201232,32.131088436,34.50684945,2111.0,17261.0,1388857.0,618491.0,
2021-07-04,Région,RSS06,06 - Montréal,1734,15426,1362163,612363,17180,1974830,72.24545287800001,32.945209073,35.308242147,1795.0,15671.0,1390652.0,634162.0,
2021-07-05,Région,RSS06,06 - Montréal,2135,20860,1364298,633223,23005,1997835,72.364264307,34.056124503,36.397494101999996,2287.0,21384.0,1392939.0,655546.0,
2021-07-06,Région,RSS06,06 - Montréal,2079,22230,1366377,655453,24322,2022157,72.481153557,35.240394431,37.552100136,2250.0,22796.0,1395189.0,678342.0,
2021-07-07,Région,RSS06,06 - Montréal,2312,23266,1368689,678719,25606,2047763,72.606614685,36.475316367,38.75746208,2415.0,23771.0,1397604.0,702113.0,
2021-07-08,Région,RSS06,06 - Montréal,2111,22344,1370800,701063,24471,2072234,72.722153214,37.664261865,39.921263401,2224.0,22886.0,1399828.0,724999.0,
2021-07-09,Région,RSS06,06 - Montréal,2327,25028,1373127,726091,27372,2099606,72.84880921,38.990773022,41.212292176999995,2438.0,25534.0,1402266.0,750533.0,
2021-07-10,Région,RSS06,06 - Montréal,2125,18766,1375252,744857,20896,2120502,72.963828232,39.980954845,42.179044199,2214.0,19060.0,1404480.0,769593.0,
2021-07-11,Région,RSS06,06 - Montréal,1788,15495,1377040,760352,17292,2137794,73.05915790899999,40.794763777,42.974514506999995,1835.0,15665.0,1406315.0,785258.0,
2021-07-12,Région,RSS06,06 - Montréal,2140,20683,1379180,781035,22832,2160626,73.177397879,41.897055378000005,44.04984365399999,2276.0,21218.0,1408591.0,806476.0,
2021-07-13,Région,RSS06,06 - Montréal,2075,20480,1381255,801515,22569,2183195,73.291377885,42.989684133999994,45.113483876000004,2194.0,21032.0,1410785.0,827508.0,
2021-07-14,Région,RSS06,06 - Montréal,2010,21363,1383265,822878,23392,2206587,73.401149879,44.121172072,46.214892314,2113.0,21780.0,1412898.0,849288.0,
2021-07-15,Région,RSS06,06 - Montréal,2206,19766,1385471,842644,21986,2228573,73.518922292,45.174006532,47.23676411100001,2267.0,20266.0,1415165.0,869554.0,
2021-07-16,Région,RSS06,06 - Montréal,2349,20978,1387820,863622,23344,2251917,73.645941943,46.288974123,48.316041516999995,2445.0,21462.0,1417610.0,891016.0,
2021-07-17,Région,RSS06,06 - Montréal,1850,16204,1389670,879826,18065,2269982,73.74594719,47.14611000399999,49.147825418000004,1925.0,16499.0,1419535.0,907515.0,
2021-07-18,Région,RSS06,06 - Montréal,1483,13532,1391153,893358,15023,2285005,73.82595138800001,47.858874673,49.84427754399999,1540.0,13720.0,1421075.0,921235.0,
2021-07-19,Région,RSS06,06 - Montréal,1813,17805,1392966,911163,19634,2304639,73.92569688100001,48.803183958999995,50.761572425,1920.0,18177.0,1422995.0,939412.0,
2021-07-20,Région,RSS06,06 - Montréal,1786,18989,1394752,930152,20786,2325425,74.022948737,49.809002966,51.733415623,1872.0,19361.0,1424867.0,958773.0,
2021-07-21,Région,RSS06,06 - Montréal,2164,19433,1396916,949585,21612,2347037,74.138123611,50.837524462,52.728117164,2217.0,19798.0,1427084.0,978571.0,
2021-07-22,Région,RSS06,06 - Montréal,2134,16774,1399050,966359,18928,2365965,74.251116552,51.72910370899999,53.588733747,2175.0,17162.0,1429259.0,995733.0,
2021-07-23,Région,RSS06,06 - Montréal,2121,19164,1401171,985523,21306,2387271,74.365616066,52.745364822,54.567746152,2204.0,19562.0,1431463.0,1015295.0,
2021-07-24,Région,RSS06,06 - Montréal,1693,15089,1402864,1000612,16806,2404077,74.456633829,53.540731228,55.336981316999996,1752.0,15310.0,1433215.0,1030605.0,
2021-07-25,Région,RSS06,06 - Montréal,1517,12061,1404381,1012673,13636,2417713,74.53783289399999,54.174738518999995,55.949377084,1563.0,12204.0,1434778.0,1042809.0,
2021-07-26,Région,RSS06,06 - Montréal,1710,14544,1406091,1027217,16340,2434053,74.630616983,54.947402435,56.69523439899999,1786.0,14873.0,1436564.0,1057682.0,
2021-07-27,Région,RSS06,06 - Montréal,2038,14872,1408129,1042089,17019,2451072,74.74137604100001,55.738249124,57.457196456000005,2132.0,15223.0,1438696.0,1072905.0,
2021-07-28,Région,RSS06,06 - Montréal,1947,13835,1410076,1055924,15869,2466941,74.84714782399999,56.473300677,58.167415537,2036.0,14149.0,1440732.0,1087054.0,
2021-07-29,Région,RSS06,06 - Montréal,1691,12021,1411767,1067945,13785,2480726,74.93702267,57.111567932,58.779187895,1730.0,12286.0,1442462.0,1099340.0,
2021-07-30,Région,RSS06,06 - Montréal,2039,16387,1413806,1084332,18513,2499239,75.04700246600001,57.976392528000005,59.605465013999996,2117.0,16647.0,1444579.0,1115987.0,
2021-07-31,Région,RSS06,06 - Montréal,1762,13507,1415568,1097839,15331,2514570,75.14082557100001,58.684793332,60.289812608000005,1806.0,13636.0,1446385.0,1129623.0,
2021-08-01,Région,RSS06,06 - Montréal,1330,8565,1416898,1106404,9953,2524523,75.21137472699999,59.135102673,60.72479647,1358.0,8668.0,1447743.0,1138291.0,
2021-08-02,Région,RSS06,06 - Montréal,1703,10266,1418601,1116670,12036,2536559,75.302860046,59.67933902,61.247161539,1761.0,10476.0,1449504.0,1148767.0,
2021-08-03,Région,RSS06,06 - Montréal,1694,8600,1420295,1125270,10356,2546915,75.395020726,60.13697342,61.69139263899999,1774.0,8809.0,1451278.0,1157576.0,
2021-08-04,Région,RSS06,06 - Montréal,1547,8705,1421842,1133975,10360,2557275,75.478661478,60.599023636999995,62.133493757,1610.0,8894.0,1452888.0,1166470.0,
2021-08-05,Région,RSS06,06 - Montréal,1944,8217,1423786,1142192,10256,2567531,75.582874738,61.036656988000004,62.550970207,2006.0,8424.0,1454894.0,1174894.0,
2021-08-06,Région,RSS06,06 - Montréal,2532,10903,1426318,1153095,13575,2581106,75.716959695,61.611336491,63.097959945,2581.0,11062.0,1457475.0,1185956.0,
2021-08-07,Région,RSS06,06 - Montréal,1954,8665,1428272,1161760,10697,2591803,75.821900266,62.066633106000005,63.534242576000004,2020.0,8764.0,1459495.0,1194720.0,
2021-08-08,Région,RSS06,06 - Montréal,1263,4957,1429535,1166717,6270,2598073,75.889020671,62.328880632,63.785580438000004,1292.0,5048.0,1460787.0,1199768.0,
2021-08-09,Région,RSS06,06 - Montréal,1862,7915,1431397,1174632,9875,2607948,75.988246656,62.747967556000006,64.184198755,1910.0,8067.0,1462697.0,1207835.0,
2021-08-10,Région,RSS06,06 - Montréal,2085,6876,1433482,1181508,9072,2617020,76.099317419,63.113181523,64.532892375,2138.0,7030.0,1464835.0,1214865.0,
2021-08-11,Région,RSS06,06 - Montréal,2403,6427,1435885,1187935,8915,2625935,76.227583889,63.453822771999995,64.85919521,2469.0,6557.0,1467304.0,1221422.0,
2021-08-12,Région,RSS06,06 - Montréal,2569,6913,1438454,1194848,9599,2635534,76.36369492600001,63.818725033999996,65.21126563,2620.0,7024.0,1469924.0,1228446.0,
2021-08-13,Région,RSS06,06 - Montréal,2386,9522,1440840,1204370,12046,2647580,76.490974332,64.320153941,65.687134754,2450.0,9652.0,1472374.0,1238098.0,
2021-08-14,Région,RSS06,06 - Montréal,2057,8732,1442897,1213102,10867,2658447,76.599031949,64.777424686,66.127729299,2080.0,8802.0,1474454.0,1246900.0,
2021-08-15,Région,RSS06,06 - Montréal,1827,6948,1444724,1220050,8837,2667284,76.69659551,65.141028179,66.477046328,1878.0,6999.0,1476332.0,1253899.0,
2021-08-16,Région,RSS06,06 - Montréal,2095,8301,1446819,1228351,10507,2677791,76.807198715,65.578245924,66.894886433,2129.0,8416.0,1478461.0,1262315.0,
2021-08-17,Région,RSS06,06 - Montréal,2125,7482,1448944,1235833,9705,2687496,76.919776051,65.972240621,67.274282962,2167.0,7584.0,1480628.0,1269899.0,
2021-08-18,Région,RSS06,06 - Montréal,2066,7147,1451010,1242980,9300,2696796,77.029080487,66.348312301,67.634717458,2104.0,7239.0,1482732.0,1277138.0,
2021-08-19,Région,RSS06,06 - Montréal,2087,6500,1453097,1249480,8677,2705473,77.138956382,66.689317206,67.964552945,2115.0,6564.0,1484847.0,1283702.0,
2021-08-20,Région,RSS06,06 - Montréal,2339,8825,1455436,1258305,11297,2716770,77.262287528,67.151783029,68.404887737,2374.0,8902.0,1487221.0,1292604.0,
2021-08-21,Région,RSS06,06 - Montréal,1738,7389,1457174,1265694,9206,2725976,77.353409192,67.538816322,68.772907046,1754.0,7450.0,1488975.0,1300054.0,
2021-08-22,Région,RSS06,06 - Montréal,1250,5389,1458424,1271083,6708,2732684,77.419074975,67.820129783,69.040245748,1264.0,5415.0,1490239.0,1305469.0,
2021-08-23,Région,RSS06,06 - Montréal,1891,6368,1460315,1277451,8360,2741044,77.518768517,68.155108398,69.359223523,1919.0,6448.0,1492158.0,1311917.0,
2021-08-24,Région,RSS06,06 - Montréal,1819,5167,1462134,1282618,7099,2748143,77.614254047,68.426551211,69.617211085,1838.0,5225.0,1493996.0,1317142.0,
2021-08-25,Région,RSS06,06 - Montréal,2130,4895,1464264,1287513,7165,2755308,77.726363825,68.683447807,69.864652639,2158.0,4945.0,1496154.0,1322087.0,
2021-08-26,Région,RSS06,06 - Montréal,2479,4888,1466743,1292401,7508,2762816,77.85650052300001,68.939772944,70.11188639,2505.0,4934.0,1498659.0,1327021.0,
2021-08-27,Région,RSS06,06 - Montréal,2661,6310,1469404,1298711,9140,2771956,77.995780558,69.26992013600001,70.42639639800001,2681.0,6355.0,1501340.0,1333376.0,
2021-08-28,Région,RSS06,06 - Montréal,1975,5818,1471379,1304529,7963,2779919,78.099214556,69.57549461,70.718983178,1991.0,5882.0,1503331.0,1339258.0,
2021-08-29,Région,RSS06,06 - Montréal,1270,3378,1472649,1307907,4750,2784669,78.16560765,69.752127254,70.888342713,1278.0,3400.0,1504609.0,1342658.0,
2021-08-30,Région,RSS06,06 - Montréal,1963,4774,1474612,1312681,6897,2791566,78.268574091,70.002685855,71.12996578,1982.0,4823.0,1506591.0,1347481.0,
2021-08-31,Région,RSS06,06 - Montréal,2319,4534,1476931,1317215,7093,2798659,78.389879157,70.241815285,71.362393559,2335.0,4603.0,1508926.0,1352084.0,
2021-09-01,Région,RSS06,06 - Montréal,2488,4075,1479419,1321290,6837,2805496,78.519911954,70.455332981,71.570404473,2503.0,4110.0,1511429.0,1356194.0,
2021-09-02,Région,RSS06,06 - Montréal,2380,4224,1481799,1325514,6943,2812439,78.644645771,70.67674719600001,71.788286035,2401.0,4262.0,1513830.0,1360456.0,
2021-09-03,Région,RSS06,06 - Montréal,2656,5103,1484455,1330617,8146,2820585,78.783406298,70.944397602,72.05141672399999,2671.0,5152.0,1516501.0,1365608.0,
2021-09-04,Région,RSS06,06 - Montréal,2167,4566,1486622,1335183,7038,2827623,78.896243387,71.182591918,72.286130337,2172.0,4585.0,1518673.0,1370193.0,
2021-09-05,Région,RSS06,06 - Montréal,1669,3250,1488291,1338433,5167,2832790,78.983157038,71.35215925600001,72.455905479,1673.0,3264.0,1520346.0,1373457.0,
2021-09-06,Région,RSS06,06 - Montréal,1554,2764,1489845,1341197,4522,2837312,79.06399244800001,71.49668632,72.599289625,1556.0,2782.0,1521902.0,1376239.0,
2021-09-07,Région,RSS06,06 - Montréal,2135,3816,1491980,1345013,6441,2843753,79.175426867,71.69643706,72.797274039,2145.0,3845.0,1524047.0,1380084.0,
2021-09-08,Région,RSS06,06 - Montréal,2301,3664,1494281,1348677,6447,2850200,79.295329261,71.888083479,72.98840095,2308.0,3689.0,1526355.0,1383773.0,
2021-09-09,Région,RSS06,06 - Montréal,2109,3525,1496390,1352202,5971,2856171,79.405049304,72.072872395,73.169397459,2112.0,3557.0,1528467.0,1387330.0,
2021-09-10,Région,RSS06,06 - Montréal,2224,4351,1498614,1356553,7058,2863229,79.520691735,72.30010509600001,73.394448228,2226.0,4374.0,1530693.0,1391704.0,
2021-09-11,Région,RSS06,06 - Montréal,1637,3350,1500251,1359903,5269,2868498,79.60583906,72.475075316,73.567236515,1639.0,3368.0,1532332.0,1395072.0,
2021-09-12,Région,RSS06,06 - Montréal,1245,2462,1501496,1362365,3873,2872371,79.67062167899999,72.60360154,73.696645902,1247.0,2474.0,1533579.0,1397546.0,
2021-09-13,Région,RSS06,06 - Montréal,1931,3047,1503427,1365412,5388,2877759,79.771146434,72.762830673,73.85457626600001,1935.0,3065.0,1535514.0,1400611.0,
2021-09-14,Région,RSS06,06 - Montréal,2019,2932,1505446,1368344,5369,2883128,79.875983104,72.915721812,74.007675208,2018.0,2943.0,1537532.0,1403554.0,
2021-09-15,Région,RSS06,06 - Montréal,1850,2960,1507296,1371304,5238,2888366,79.972092042,73.070067572,74.162384624,1850.0,2971.0,1539382.0,1406525.0,
2021-09-16,Région,RSS06,06 - Montréal,1926,2879,1509222,1374183,5182,2893548,80.07214924,73.220049468,74.312106765,1926.0,2887.0,1541308.0,1409412.0,
2021-09-17,Région,RSS06,06 - Montréal,2349,3827,1511571,1378010,6541,2900089,80.194233568,73.419800208,74.51019508,2350.0,3845.0,1543658.0,1413257.0,
2021-09-18,Région,RSS06,06 - Montréal,1465,2894,1513036,1380904,4570,2904659,80.270341457,73.570717217,74.66028087699999,1465.0,2905.0,1545123.0,1416162.0,
2021-09-19,Région,RSS06,06 - Montréal,1031,1940,1514067,1382844,3144,2907803,80.323902709,73.671969283,74.761740746,1031.0,1949.0,1546154.0,1418111.0,
2021-09-20,Région,RSS06,06 - Montréal,1384,2523,1515451,1385367,4187,2911990,80.395698683,73.803716455,74.893020361,1382.0,2536.0,1547536.0,1420647.0,
2021-09-21,Région,RSS06,06 - Montréal,1324,2362,1516775,1387729,3940,2915930,80.464533464,73.927203453,75.015987852,1325.0,2377.0,1548861.0,1423024.0,
2021-09-22,Région,RSS06,06 - Montréal,1349,2276,1518124,1390005,3902,2919832,80.534615063,74.046326586,75.13547464,1349.0,2293.0,1550210.0,1425317.0,
2021-09-23,Région,RSS06,06 - Montréal,1179,2686,1519303,1392691,4191,2924023,80.595968931,74.18685344,75.277871722,1181.0,2705.0,1551391.0,1428022.0,
2021-09-24,Région,RSS06,06 - Montréal,1609,3330,1520912,1396021,5308,2929331,80.679557733,74.360161234,75.452218532,1609.0,3336.0,1553000.0,1431358.0,
2021-09-25,Région,RSS06,06 - Montréal,1105,2506,1522017,1398527,3778,2933109,80.737119194,74.49066158800001,75.584173507,1108.0,2512.0,1554108.0,1433870.0,
2021-09-26,Région,RSS06,06 - Montréal,779,1491,1522796,1400018,2422,2935531,80.777640801,74.56858775399999,75.663814049,780.0,1500.0,1554888.0,1435370.0,
2021-09-27,Région,RSS06,06 - Montréal,1049,1899,1523845,1401917,3157,2938688,80.832137167,74.667502035,75.761793216,1049.0,1904.0,1555937.0,1437274.0,
2021-09-28,Région,RSS06,06 - Montréal,975,2103,1524820,1404020,3343,2942031,80.882789175,74.777066225,75.870370342,975.0,2109.0,1556912.0,1439383.0,
2021-09-29,Région,RSS06,06 - Montréal,1134,2189,1525954,1406209,3614,2945645,80.94164940600001,74.891254035,75.98383084,1133.0,2198.0,1558045.0,1441581.0,
2021-09-30,Région,RSS06,06 - Montréal,1168,2539,1527122,1408748,4090,2949735,81.002379865,75.023260961,76.116045569,1169.0,2541.0,1559214.0,1444122.0,
2021-10-01,Région,RSS06,06 - Montréal,1304,2940,1528426,1411688,4535,2954270,81.07012367899999,75.17610014899999,76.269352314,1304.0,2942.0,1560518.0,1447064.0,
2021-10-02,Région,RSS06,06 - Montréal,877,2407,1529303,1414095,3435,2957705,81.11563256,75.301405424,76.393462722,876.0,2412.0,1561394.0,1449476.0,
2021-10-03,Région,RSS06,06 - Montréal,691,1824,1529994,1415919,2614,2960319,81.151478597,75.396215594,76.48790923600001,690.0,1825.0,1562084.0,1451301.0,
