date,cases_mtl_0-4,cases_mtl_5-9,cases_mtl_10-19,cases_mtl_20-29,cases_mtl_30-39,cases_mtl_40-49,cases_mtl_50-59,cases_mtl_60-69,cases_mtl_70-79,cases_mtl_80+,cases_mtl_0-4_per100000,cases_mtl_5-9_per100000,cases_mtl_10-19_per100000,cases_mtl_20-29_per100000,cases_mtl_30-39_per100000,cases_mtl_40-49_per100000,cases_mtl_50-59_per100000,cases_mtl_60-69_per100000,cases_mtl_70-79_per100000,cases_mtl_80+_per100000,cases_mtl_0-4_norm,cases_mtl_5-9_norm,cases_mtl_10-19_norm,cases_mtl_20-29_norm,cases_mtl_30-39_norm,cases_mtl_40-49_norm,cases_mtl_50-59_norm,cases_mtl_60-69_norm,cases_mtl_70-79_norm,cases_mtl_80+_norm,cases_mtl_0-4_per100000_norm,cases_mtl_5-9_per100000_norm,cases_mtl_10-19_per100000_norm,cases_mtl_20-29_per100000_norm,cases_mtl_30-39_per100000_norm,cases_mtl_40-49_per100000_norm,cases_mtl_50-59_per100000_norm,cases_mtl_60-69_per100000_norm,cases_mtl_70-79_per100000_norm,cases_mtl_80+_per100000_norm
2020-03-15,na,na,na,na,na,na,na,na,na,na,na,na,na,na,na,na,na,na,na,na,na,na,na,na,na,na,na,na,na,na,na,na,na,na,na,na,na,na,na,na
2020-03-16,na,na,na,na,na,na,na,na,na,na,na,na,na,na,na,na,na,na,na,na,na,na,na,na,na,na,na,na,na,na,na,na,na,na,na,na,na,na,na,na
2020-03-17,na,na,na,na,na,na,na,na,na,na,na,na,na,na,na,na,na,na,na,na,na,na,na,na,na,na,na,na,na,na,na,na,na,na,na,na,na,na,na,na
2020-03-18,na,na,na,na,na,na,na,na,na,na,na,na,na,na,na,na,na,na,na,na,na,na,na,na,na,na,na,na,na,na,na,na,na,na,na,na,na,na,na,na
2020-03-19,na,na,na,na,na,na,na,na,na,na,na,na,na,na,na,na,na,na,na,na,na,na,na,na,na,na,na,na,na,na,na,na,na,na,na,na,na,na,na,na
2020-03-20,na,na,na,na,na,na,na,na,na,na,na,na,na,na,na,na,na,na,na,na,na,na,na,na,na,na,na,na,na,na,na,na,na,na,na,na,na,na,na,na
2020-03-21,na,na,na,na,na,na,na,na,na,na,na,na,na,na,na,na,na,na,na,na,na,na,na,na,na,na,na,na,na,na,na,na,na,na,na,na,na,na,na,na
2020-03-22,na,na,na,na,na,na,na,na,na,na,na,na,na,na,na,na,na,na,na,na,na,na,na,na,na,na,na,na,na,na,na,na,na,na,na,na,na,na,na,na
2020-03-23,na,na,na,na,na,na,na,na,na,na,na,na,na,na,na,na,na,na,na,na,na,na,na,na,na,na,na,na,na,na,na,na,na,na,na,na,na,na,na,na
2020-03-24,na,na,na,na,na,na,na,na,na,na,na,na,na,na,na,na,na,na,na,na,na,na,na,na,na,na,na,na,na,na,na,na,na,na,na,na,na,na,na,na
2020-03-25,na,na,na,na,na,na,na,na,na,na,na,na,na,na,na,na,na,na,na,na,na,na,na,na,na,na,na,na,na,na,na,na,na,na,na,na,na,na,na,na
2020-03-26,na,na,na,na,na,na,na,na,na,na,na,na,na,na,na,na,na,na,na,na,na,na,na,na,na,na,na,na,na,na,na,na,na,na,na,na,na,na,na,na
2020-03-27,na,na,na,na,na,na,na,na,na,na,na,na,na,na,na,na,na,na,na,na,na,na,na,na,na,na,na,na,na,na,na,na,na,na,na,na,na,na,na,na
2020-03-28,na,na,na,na,na,na,na,na,na,na,na,na,na,na,na,na,na,na,na,na,na,na,na,na,na,na,na,na,na,na,na,na,na,na,na,na,na,na,na,na
2020-03-29,na,na,na,na,na,na,na,na,na,na,na,na,na,na,na,na,na,na,na,na,na,na,na,na,na,na,na,na,na,na,na,na,na,na,na,na,na,na,na,na
2020-03-30,na,na,na,na,na,na,na,na,na,na,na,na,na,na,na,na,na,na,na,na,na,na,na,na,na,na,na,na,na,na,na,na,na,na,na,na,na,na,na,na
2020-03-31,16.0,18.0,87.0,380.0,374.0,357.0,342.0,258.0,140.0,119.0,15.0,17.0,46.0,130.0,125.0,140.0,132.0,126.0,108.0,120.0,0.8,0.9,4.2,18.2,17.9,17.1,16.4,12.3,6.7,5.7,1.5,1.8,4.8,13.5,13.0,14.6,13.8,13.1,11.3,12.6
2020-04-01,16.0,20.0,112.0,462.0,465.0,456.0,418.0,310.0,179.0,197.0,15.0,19.0,60.0,158.0,155.0,179.0,161.0,151.0,138.0,199.0,0.6,0.8,4.3,17.5,17.6,17.3,15.9,11.8,6.8,7.5,1.2,1.6,4.8,12.8,12.6,14.5,13.1,12.2,11.2,16.1
2020-04-02,18.0,20.0,116.0,486.0,495.0,496.0,447.0,321.0,199.0,232.0,16.0,19.0,62.0,166.0,165.0,195.0,173.0,157.0,153.0,235.0,0.6,0.7,4.1,17.2,17.5,17.5,15.8,11.3,7.0,8.2,1.2,1.4,4.6,12.4,12.3,14.5,12.9,11.7,11.4,17.5
2020-04-03,24.0,23.0,128.0,539.0,566.0,560.0,512.0,362.0,244.0,295.0,22.0,22.0,68.0,184.0,189.0,220.0,198.0,177.0,188.0,299.0,0.7,0.7,3.9,16.6,17.4,17.2,15.7,11.1,7.5,9.1,1.4,1.4,4.3,11.7,12.1,14.1,12.6,11.3,12.0,19.1
2020-04-04,25.0,27.0,144.0,601.0,638.0,656.0,576.0,400.0,277.0,361.0,23.0,26.0,77.0,205.0,213.0,258.0,223.0,195.0,214.0,365.0,0.7,0.7,3.9,16.2,17.2,17.7,15.5,10.8,7.5,9.7,1.3,1.4,4.3,11.4,11.8,14.3,12.4,10.9,11.9,20.3
2020-04-05,27.0,29.0,148.0,622.0,667.0,691.0,607.0,433.0,299.0,443.0,25.0,28.0,79.0,212.0,223.0,272.0,234.0,211.0,231.0,448.0,0.7,0.7,3.7,15.7,16.8,17.4,15.3,10.9,7.5,11.2,1.3,1.4,4.0,10.8,11.3,13.8,12.0,10.8,11.8,22.9
2020-04-06,30.0,31.0,154.0,662.0,733.0,763.0,665.0,469.0,340.0,549.0,27.0,30.0,82.0,226.0,245.0,300.0,257.0,229.0,262.0,556.0,0.7,0.7,3.5,15.1,16.7,17.4,15.1,10.7,7.7,12.5,1.2,1.3,3.7,10.2,11.1,13.6,11.6,10.3,11.8,25.1
2020-04-07,34.0,33.0,165.0,696.0,772.0,837.0,708.0,505.0,368.0,646.0,31.0,32.0,88.0,237.0,258.0,329.0,273.0,246.0,284.0,654.0,0.7,0.7,3.5,14.6,16.2,17.6,14.9,10.6,7.7,13.6,1.3,1.3,3.6,9.8,10.6,13.5,11.2,10.1,11.7,26.9
2020-04-08,36.0,33.0,171.0,751.0,846.0,908.0,771.0,551.0,423.0,758.0,33.0,32.0,91.0,256.0,282.0,357.0,298.0,269.0,326.0,767.0,0.7,0.6,3.3,14.3,16.1,17.3,14.7,10.5,8.1,14.4,1.2,1.2,3.4,9.4,10.4,13.2,11.0,9.9,12.0,28.3
2020-04-09,37.0,34.0,177.0,783.0,887.0,966.0,828.0,581.0,446.0,862.0,34.0,33.0,94.0,267.0,296.0,380.0,320.0,283.0,344.0,872.0,0.7,0.6,3.2,14.0,15.8,17.2,14.8,10.4,8.0,15.4,1.2,1.1,3.2,9.1,10.1,13.0,10.9,9.7,11.8,29.9
2020-04-10,39.0,34.0,180.0,804.0,924.0,1007.0,874.0,601.0,467.0,912.0,36.0,33.0,96.0,274.0,308.0,396.0,338.0,293.0,360.0,923.0,0.7,0.6,3.1,13.8,15.8,17.2,15.0,10.3,8.0,15.6,1.2,1.1,3.1,9.0,10.1,12.9,11.0,9.6,11.8,30.2
2020-04-11,42.0,34.0,181.0,822.0,937.0,1055.0,892.0,613.0,493.0,1000.0,38.0,33.0,96.0,280.0,313.0,415.0,345.0,299.0,380.0,1012.0,0.7,0.6,3.0,13.5,15.4,17.4,14.7,10.1,8.1,16.5,1.2,1.0,3.0,8.7,9.7,12.9,10.7,9.3,11.8,31.5
2020-04-12,44.0,34.0,182.0,844.0,989.0,1112.0,938.0,631.0,518.0,1064.0,40.0,33.0,97.0,288.0,330.0,437.0,362.0,308.0,399.0,1077.0,0.7,0.5,2.9,13.3,15.6,17.5,14.8,9.9,8.1,16.7,1.2,1.0,2.9,8.5,9.8,13.0,10.7,9.1,11.9,31.9
2020-04-13,43.0,35.0,183.0,870.0,1017.0,1153.0,967.0,652.0,533.0,1137.0,39.0,34.0,97.0,297.0,339.0,453.0,374.0,318.0,411.0,1151.0,0.7,0.5,2.8,13.2,15.4,17.5,14.7,9.9,8.1,17.3,1.1,1.0,2.8,8.4,9.7,12.9,10.6,9.1,11.7,32.8
2020-04-14,43.0,36.0,185.0,883.0,1052.0,1198.0,1009.0,666.0,542.0,1198.0,39.0,34.0,98.0,301.0,351.0,471.0,390.0,325.0,418.0,1212.0,0.6,0.5,2.7,13.0,15.4,17.6,14.8,9.8,8.0,17.6,1.1,0.9,2.7,8.3,9.6,12.9,10.7,8.9,11.5,33.3
2020-04-15,43.0,36.0,190.0,913.0,1126.0,1282.0,1088.0,702.0,579.0,1302.0,39.0,34.0,101.0,311.0,376.0,504.0,420.0,342.0,446.0,1318.0,0.6,0.5,2.6,12.6,15.5,17.7,15.0,9.7,8.0,17.9,1.0,0.9,2.6,8.0,9.7,12.9,10.8,8.8,11.5,33.9
2020-04-16,44.0,35.0,193.0,959.0,1176.0,1354.0,1145.0,743.0,628.0,1463.0,40.0,34.0,103.0,327.0,392.0,532.0,442.0,362.0,484.0,1481.0,0.6,0.5,2.5,12.4,15.2,17.5,14.8,9.6,8.1,18.9,1.0,0.8,2.4,7.8,9.3,12.7,10.5,8.6,11.5,35.3
2020-04-17,46.0,35.0,194.0,985.0,1218.0,1401.0,1188.0,767.0,646.0,1552.0,42.0,34.0,103.0,336.0,406.0,551.0,459.0,374.0,498.0,1571.0,0.6,0.4,2.4,12.3,15.2,17.4,14.8,9.5,8.0,19.3,1.0,0.8,2.4,7.7,9.3,12.6,10.5,8.6,11.4,35.9
2020-04-18,46.0,35.0,197.0,1022.0,1250.0,1451.0,1247.0,802.0,695.0,1689.0,42.0,34.0,105.0,349.0,417.0,570.0,482.0,391.0,536.0,1709.0,0.5,0.4,2.3,12.1,14.8,17.2,14.8,9.5,8.2,20.0,0.9,0.7,2.3,7.5,9.0,12.3,10.4,8.4,11.6,36.9
2020-04-19,na,na,na,na,na,na,na,na,na,na,na,na,na,na,na,na,na,na,na,na,na,na,na,na,na,na,na,na,na,na,na,na,na,na,na,na,na,na,na,na
2020-04-20,57.0,44.0,228.0,1119.0,1332.0,1566.0,1345.0,880.0,777.0,1978.0,52.0,42.0,121.0,382.0,444.0,615.0,520.0,429.0,599.0,2002.0,0.6,0.5,2.4,12.0,14.3,16.8,14.4,9.4,8.3,21.2,1.0,0.8,2.3,7.3,8.5,11.8,10.0,8.2,11.5,38.4
2020-04-21,61.0,49.0,236.0,1155.0,1378.0,1631.0,1411.0,929.0,832.0,2152.0,56.0,47.0,125.0,394.0,460.0,641.0,545.0,453.0,642.0,2178.0,0.6,0.5,2.4,11.7,14.0,16.6,14.3,9.4,8.5,21.9,1.0,0.8,2.3,7.1,8.3,11.6,9.8,8.2,11.6,39.3
2020-04-22,67.0,51.0,253.0,1211.0,1427.0,1704.0,1461.0,969.0,890.0,2319.0,61.0,49.0,134.0,413.0,476.0,670.0,564.0,473.0,686.0,2347.0,0.6,0.5,2.4,11.7,13.8,16.5,14.1,9.4,8.6,22.4,1.0,0.8,2.3,7.0,8.1,11.4,9.6,8.0,11.7,40.0
2020-04-23,74.0,52.0,264.0,1262.0,1472.0,1766.0,1535.0,1021.0,951.0,2475.0,67.0,50.0,140.0,430.0,491.0,694.0,593.0,498.0,733.0,2505.0,0.7,0.5,2.4,11.6,13.5,16.2,14.1,9.4,8.7,22.8,1.1,0.8,2.3,6.9,7.9,11.2,9.6,8.0,11.8,40.4
2020-04-24,93.0,76.0,328.0,1257.0,1475.0,1703.0,1478.0,1022.0,1013.0,2667.0,85.0,73.0,174.0,429.0,492.0,669.0,571.0,499.0,781.0,2699.0,0.8,0.7,3.0,11.3,13.3,15.3,13.3,9.2,9.1,24.0,1.3,1.1,2.7,6.6,7.6,10.3,8.8,7.7,12.1,41.7
2020-04-25,98.0,91.0,356.0,1323.0,1526.0,1767.0,1536.0,1048.0,1057.0,2756.0,89.0,87.0,189.0,451.0,509.0,694.0,593.0,511.0,815.0,2789.0,0.8,0.8,3.1,11.4,13.2,15.3,13.3,9.1,9.1,23.8,1.3,1.3,2.8,6.7,7.6,10.3,8.8,7.6,12.1,41.4
2020-04-26,110.0,103.0,396.0,1373.0,1574.0,1816.0,1585.0,1076.0,1087.0,2849.0,100.0,99.0,210.0,468.0,525.0,714.0,612.0,525.0,838.0,2883.0,0.9,0.9,3.3,11.5,13.2,15.2,13.2,9.0,9.1,23.8,1.4,1.4,3.0,6.7,7.5,10.2,8.8,7.5,12.0,41.3
2020-04-27,114.0,109.0,407.0,1412.0,1629.0,1880.0,1629.0,1113.0,1130.0,2997.0,104.0,104.0,216.0,482.0,544.0,739.0,629.0,543.0,871.0,3033.0,0.9,0.9,3.3,11.4,13.1,15.1,13.1,9.0,9.1,24.1,1.4,1.4,3.0,6.6,7.5,10.2,8.7,7.5,12.0,41.7
2020-04-28,na,na,na,na,na,na,na,na,na,na,na,na,na,na,na,na,na,na,na,na,na,na,na,na,na,na,na,na,na,na,na,na,na,na,na,na,na,na,na,na
2020-04-29,na,na,na,na,na,na,na,na,na,na,na,na,na,na,na,na,na,na,na,na,na,na,na,na,na,na,na,na,na,na,na,na,na,na,na,na,na,na,na,na
2020-04-30,132.0,120.0,436.0,1553.0,1773.0,2045.0,1796.0,1241.0,1300.0,3516.0,120.0,115.0,232.0,530.0,592.0,804.0,694.0,605.0,1002.0,3559.0,0.9,0.9,3.1,11.2,12.7,14.7,12.9,8.9,9.3,25.3,1.5,1.4,2.8,6.4,7.2,9.7,8.4,7.3,12.1,43.1
2020-05-01,145.0,123.0,452.0,1608.0,1830.0,2095.0,1851.0,1303.0,1375.0,3750.0,132.0,118.0,240.0,548.0,611.0,823.0,715.0,636.0,1060.0,3795.0,1.0,0.8,3.1,11.1,12.6,14.4,12.7,9.0,9.5,25.8,1.5,1.4,2.8,6.3,7.0,9.5,8.2,7.3,12.2,43.7
2020-05-02,154.0,126.0,465.0,1718.0,1945.0,2254.0,2054.0,1435.0,1554.0,4466.0,140.0,121.0,247.0,586.0,649.0,886.0,793.0,700.0,1198.0,4520.0,1.0,0.8,2.9,10.6,12.0,13.9,12.7,8.9,9.6,27.6,1.4,1.2,2.5,6.0,6.6,9.0,8.1,7.1,12.2,45.9
2020-05-03,161.0,130.0,472.0,1742.0,2001.0,2310.0,2107.0,1470.0,1583.0,4549.0,147.0,125.0,251.0,594.0,668.0,908.0,814.0,717.0,1221.0,4604.0,1.0,0.8,2.9,10.5,12.1,14.0,12.8,8.9,9.6,27.5,1.5,1.2,2.5,5.9,6.6,9.0,8.1,7.1,12.1,45.8
2020-05-04,162.0,133.0,481.0,1784.0,2055.0,2364.0,2159.0,1501.0,1615.0,4655.0,148.0,127.0,256.0,608.0,686.0,929.0,834.0,732.0,1245.0,4711.0,1.0,0.8,2.8,10.6,12.2,14.0,12.8,8.9,9.6,27.5,1.4,1.2,2.5,5.9,6.7,9.0,8.1,7.1,12.1,45.8
2020-05-05,166.0,138.0,497.0,1845.0,2108.0,2418.0,2210.0,1547.0,1659.0,4773.0,151.0,132.0,264.0,629.0,703.0,950.0,854.0,755.0,1279.0,4831.0,1.0,0.8,2.9,10.6,12.1,13.9,12.7,8.9,9.6,27.5,1.4,1.3,2.5,6.0,6.7,9.0,8.1,7.2,12.1,45.8
2020-05-06,167.0,140.0,512.0,1893.0,2169.0,2485.0,2272.0,1572.0,1711.0,4929.0,152.0,134.0,272.0,646.0,724.0,977.0,878.0,767.0,1319.0,4989.0,0.9,0.8,2.9,10.6,12.2,13.9,12.7,8.8,9.6,27.6,1.4,1.2,2.5,5.9,6.7,9.0,8.1,7.1,12.2,45.9
2020-05-07,175.0,144.0,528.0,1943.0,2235.0,2545.0,2342.0,1622.0,1764.0,5068.0,159.0,138.0,281.0,663.0,746.0,1000.0,905.0,791.0,1360.0,5129.0,1.0,0.8,2.9,10.6,12.2,13.9,12.8,8.8,9.6,27.6,1.4,1.2,2.5,5.9,6.7,9.0,8.1,7.1,12.2,45.9
2020-05-08,175.0,150.0,545.0,2009.0,2305.0,2616.0,2389.0,1647.0,1796.0,5152.0,159.0,144.0,290.0,685.0,769.0,1028.0,923.0,803.0,1385.0,5214.0,0.9,0.8,2.9,10.7,12.3,13.9,12.7,8.8,9.6,27.4,1.4,1.3,2.5,6.0,6.7,9.0,8.1,7.0,12.1,45.7
2020-05-09,176.0,155.0,556.0,2045.0,2347.0,2668.0,2441.0,1673.0,1830.0,5234.0,160.0,148.0,295.0,697.0,783.0,1048.0,943.0,816.0,1411.0,5297.0,0.9,0.8,2.9,10.7,12.3,14.0,12.8,8.7,9.6,27.4,1.4,1.3,2.5,6.0,6.8,9.0,8.1,7.0,12.2,45.7
2020-05-10,184.0,162.0,569.0,2081.0,2401.0,2705.0,2480.0,1697.0,1847.0,5292.0,168.0,155.0,302.0,710.0,801.0,1063.0,958.0,828.0,1424.0,5356.0,0.9,0.8,2.9,10.7,12.4,13.9,12.8,8.7,9.5,27.3,1.4,1.3,2.6,6.0,6.8,9.0,8.1,7.0,12.1,45.5
2020-05-11,186.0,167.0,587.0,2132.0,2461.0,2763.0,2528.0,1729.0,1882.0,5366.0,169.0,160.0,312.0,727.0,821.0,1086.0,977.0,843.0,1451.0,5431.0,0.9,0.8,3.0,10.8,12.4,14.0,12.8,8.7,9.5,27.1,1.4,1.3,2.6,6.1,6.9,9.1,8.2,7.0,12.1,45.3
2020-05-12,190.0,173.0,606.0,2178.0,2495.0,2802.0,2578.0,1754.0,1910.0,5469.0,173.0,166.0,322.0,743.0,833.0,1101.0,996.0,856.0,1473.0,5535.0,0.9,0.9,3.0,10.8,12.4,13.9,12.8,8.7,9.5,27.1,1.4,1.4,2.6,6.1,6.8,9.0,8.2,7.0,12.1,45.4
2020-05-13,199.0,180.0,624.0,2241.0,2541.0,2862.0,2616.0,1791.0,1937.0,5566.0,181.0,172.0,332.0,764.0,848.0,1125.0,1011.0,874.0,1494.0,5633.0,1.0,0.9,3.0,10.9,12.4,13.9,12.7,8.7,9.4,27.1,1.5,1.4,2.7,6.1,6.8,9.0,8.1,7.0,12.0,45.3
2020-05-14,na,na,na,na,na,na,na,na,na,na,na,na,na,na,na,na,na,na,na,na,na,na,na,na,na,na,na,na,na,na,na,na,na,na,na,na,na,na,na,na
2020-05-15,216.0,188.0,669.0,2323.0,2644.0,2952.0,2718.0,1853.0,2010.0,5757.0,197.0,180.0,356.0,792.0,882.0,1160.0,1050.0,904.0,1550.0,5827.0,1.0,0.9,3.1,10.9,12.4,13.8,12.7,8.7,9.4,27.0,1.5,1.4,2.8,6.1,6.8,9.0,8.1,7.0,12.0,45.2
2020-05-16,220.0,194.0,682.0,2369.0,2680.0,2991.0,2762.0,1880.0,2039.0,5823.0,200.0,186.0,362.0,808.0,894.0,1175.0,1067.0,917.0,1572.0,5893.0,1.0,0.9,3.2,10.9,12.4,13.8,12.8,8.7,9.4,26.9,1.5,1.4,2.8,6.2,6.8,9.0,8.2,7.0,12.0,45.1
2020-05-17,223.0,199.0,697.0,2410.0,2713.0,3035.0,2798.0,1914.0,2058.0,5907.0,203.0,191.0,370.0,822.0,905.0,1193.0,1081.0,934.0,1587.0,5978.0,1.0,0.9,3.2,11.0,12.4,13.8,12.7,8.7,9.4,26.9,1.5,1.4,2.8,6.2,6.8,9.0,8.1,7.0,12.0,45.1
2020-05-18,227.0,205.0,713.0,2436.0,2763.0,3071.0,2828.0,1945.0,2084.0,5968.0,207.0,196.0,379.0,831.0,922.0,1207.0,1092.0,949.0,1607.0,6040.0,1.0,0.9,3.2,11.0,12.4,13.8,12.7,8.7,9.4,26.8,1.5,1.5,2.8,6.2,6.9,9.0,8.1,7.1,12.0,45.0
2020-05-19,233.0,209.0,733.0,2472.0,2809.0,3104.0,2861.0,1977.0,2105.0,6055.0,212.0,200.0,390.0,843.0,937.0,1220.0,1105.0,964.0,1623.0,6128.0,1.0,0.9,3.2,11.0,12.5,13.8,12.7,8.8,9.3,26.8,1.6,1.5,2.9,6.2,6.9,9.0,8.1,7.1,11.9,45.0
2020-05-20,238.0,211.0,747.0,2525.0,2871.0,3168.0,2916.0,2021.0,2148.0,6141.0,217.0,202.0,397.0,861.0,958.0,1245.0,1126.0,986.0,1656.0,6215.0,1.0,0.9,3.2,11.0,12.5,13.8,12.7,8.8,9.3,26.7,1.6,1.5,2.9,6.2,6.9,9.0,8.1,7.1,11.9,44.8
2020-05-21,239.0,216.0,764.0,2562.0,2910.0,3224.0,2955.0,2053.0,2168.0,6243.0,218.0,207.0,406.0,874.0,971.0,1267.0,1141.0,1001.0,1672.0,6319.0,1.0,0.9,3.3,11.0,12.5,13.8,12.7,8.8,9.3,26.8,1.5,1.5,2.9,6.2,6.9,9.0,8.1,7.1,11.9,44.9
2020-05-22,243.0,218.0,775.0,2613.0,2950.0,3256.0,3009.0,2071.0,2178.0,6301.0,221.0,209.0,412.0,891.0,984.0,1279.0,1162.0,1010.0,1680.0,6377.0,1.0,0.9,3.3,11.1,12.5,13.8,12.7,8.8,9.2,26.7,1.6,1.5,2.9,6.3,6.9,9.0,8.2,7.1,11.8,44.8
2020-05-23,243.0,219.0,788.0,2646.0,2984.0,3292.0,3036.0,2089.0,2196.0,6343.0,221.0,210.0,419.0,902.0,996.0,1294.0,1173.0,1019.0,1693.0,6420.0,1.0,0.9,3.3,11.1,12.5,13.8,12.7,8.8,9.2,26.6,1.5,1.5,2.9,6.3,6.9,9.0,8.2,7.1,11.8,44.7
2020-05-24,244.0,221.0,798.0,2683.0,3015.0,3313.0,3058.0,2105.0,2204.0,6393.0,222.0,212.0,424.0,915.0,1006.0,1302.0,1181.0,1027.0,1700.0,6470.0,1.0,0.9,3.3,11.2,12.5,13.8,12.7,8.8,9.2,26.6,1.5,1.5,2.9,6.3,7.0,9.0,8.2,7.1,11.8,44.7
2020-05-25,253.0,228.0,818.0,2737.0,3043.0,3363.0,3093.0,2128.0,2219.0,6424.0,231.0,218.0,435.0,933.0,1015.0,1322.0,1195.0,1038.0,1711.0,6502.0,1.0,0.9,3.4,11.3,12.5,13.8,12.7,8.8,9.1,26.4,1.6,1.5,3.0,6.4,7.0,9.1,8.2,7.1,11.7,44.5
2020-05-26,258.0,231.0,833.0,2780.0,3074.0,3392.0,3125.0,2153.0,2228.0,6454.0,235.0,221.0,443.0,948.0,1026.0,1333.0,1207.0,1050.0,1718.0,6532.0,1.1,0.9,3.4,11.3,12.5,13.8,12.7,8.8,9.1,26.3,1.6,1.5,3.0,6.4,7.0,9.1,8.2,7.1,11.7,44.4
2020-05-27,253.0,228.0,818.0,2737.0,3043.0,3363.0,3093.0,2128.0,2219.0,6424.0,231.0,218.0,435.0,933.0,1015.0,1322.0,1195.0,1038.0,1711.0,6502.0,1.0,0.9,3.4,11.3,12.5,13.8,12.7,8.8,9.1,26.4,1.6,1.5,3.0,6.4,7.0,9.1,8.2,7.1,11.7,44.5
2020-05-28,258.0,231.0,833.0,2780.0,3074.0,3392.0,3125.0,2153.0,2228.0,6454.0,235.0,221.0,443.0,948.0,1026.0,1333.0,1207.0,1050.0,1718.0,6532.0,1.1,0.9,3.4,11.3,12.5,13.8,12.7,8.8,9.1,26.3,1.6,1.5,3.0,6.4,7.0,9.1,8.2,7.1,11.7,44.4
2020-05-29,264.0,237.0,851.0,2815.0,3104.0,3426.0,3154.0,2170.0,2244.0,6488.0,241.0,227.0,452.0,960.0,1036.0,1346.0,1218.0,1059.0,1730.0,6566.0,1.1,1.0,3.4,11.4,12.5,13.8,12.7,8.8,9.1,26.2,1.6,1.5,3.0,6.5,7.0,9.1,8.2,7.1,11.7,44.3
2020-05-30,268.0,240.0,856.0,2835.0,3132.0,3452.0,3180.0,2194.0,2265.0,6536.0,244.0,230.0,455.0,967.0,1045.0,1357.0,1228.0,1070.0,1747.0,6615.0,1.1,1.0,3.4,11.4,12.5,13.8,12.7,8.8,9.1,26.2,1.6,1.5,3.0,6.5,7.0,9.1,8.2,7.2,11.7,44.2
2020-05-31,271.0,241.0,869.0,2859.0,3161.0,3484.0,3201.0,2206.0,2276.0,6576.0,247.0,231.0,462.0,975.0,1055.0,1369.0,1237.0,1076.0,1755.0,6656.0,1.1,1.0,3.5,11.4,12.6,13.9,12.7,8.8,9.1,26.2,1.6,1.5,3.1,6.5,7.0,9.1,8.2,7.1,11.7,44.2
2020-06-01,273.0,245.0,885.0,2876.0,3186.0,3515.0,3218.0,2230.0,2304.0,6621.0,249.0,235.0,470.0,981.0,1063.0,1381.0,1243.0,1088.0,1777.0,6701.0,1.1,1.0,3.5,11.3,12.6,13.9,12.7,8.8,9.1,26.1,1.6,1.5,3.1,6.5,7.0,9.1,8.2,7.2,11.7,44.1
2020-06-02,283.0,246.0,892.0,2891.0,3203.0,3539.0,3231.0,2237.0,2306.0,6633.0,258.0,236.0,474.0,986.0,1069.0,1391.0,1248.0,1091.0,1778.0,6713.0,1.1,1.0,3.5,11.4,12.6,13.9,12.7,8.8,9.1,26.1,1.7,1.5,3.1,6.5,7.0,9.1,8.2,7.2,11.7,44.0
2020-06-03,286.0,252.0,895.0,2911.0,3222.0,3557.0,3245.0,2247.0,2309.0,6645.0,261.0,241.0,476.0,993.0,1075.0,1398.0,1254.0,1096.0,1781.0,6725.0,1.1,1.0,3.5,11.4,12.6,13.9,12.7,8.8,9.0,26.0,1.7,1.6,3.1,6.5,7.0,9.1,8.2,7.2,11.6,44.0
2020-06-04,290.0,256.0,908.0,2937.0,3252.0,3571.0,3257.0,2254.0,2322.0,6658.0,264.0,245.0,483.0,1002.0,1085.0,1403.0,1258.0,1099.0,1791.0,6739.0,1.1,1.0,3.5,11.4,12.7,13.9,12.7,8.8,9.0,25.9,1.7,1.6,3.1,6.5,7.1,9.1,8.2,7.2,11.7,43.8
2020-06-05,291.0,259.0,916.0,2958.0,3272.0,3586.0,3267.0,2259.0,2332.0,6676.0,265.0,248.0,487.0,1009.0,1092.0,1409.0,1262.0,1102.0,1798.0,6757.0,1.1,1.0,3.5,11.5,12.7,13.9,12.7,8.8,9.0,25.9,1.7,1.6,3.2,6.5,7.1,9.1,8.2,7.1,11.7,43.8
2020-06-06,298.0,264.0,925.0,2981.0,3297.0,3601.0,3278.0,2266.0,2341.0,6690.0,272.0,253.0,492.0,1017.0,1100.0,1415.0,1266.0,1105.0,1805.0,6771.0,1.1,1.0,3.6,11.5,12.7,13.9,12.6,8.7,9.0,25.8,1.8,1.6,3.2,6.6,7.1,9.1,8.2,7.1,11.6,43.7
2020-06-07,298.0,267.0,937.0,2999.0,3310.0,3611.0,3295.0,2272.0,2346.0,6705.0,272.0,256.0,498.0,1023.0,1105.0,1419.0,1273.0,1108.0,1809.0,6786.0,1.1,1.0,3.6,11.5,12.7,13.9,12.7,8.7,9.0,25.7,1.7,1.6,3.2,6.6,7.1,9.1,8.2,7.1,11.6,43.6
2020-06-08,299.0,271.0,944.0,3019.0,3325.0,3623.0,3304.0,2276.0,2351.0,6711.0,272.0,260.0,502.0,1030.0,1110.0,1424.0,1276.0,1110.0,1813.0,6792.0,1.1,1.0,3.6,11.6,12.7,13.9,12.6,8.7,9.0,25.7,1.7,1.7,3.2,6.6,7.1,9.1,8.2,7.1,11.6,43.6
2020-06-09,300.0,276.0,951.0,3035.0,3339.0,3635.0,3313.0,2287.0,2354.0,6716.0,273.0,264.0,505.0,1035.0,1114.0,1428.0,1280.0,1116.0,1815.0,6797.0,1.1,1.1,3.6,11.6,12.7,13.9,12.6,8.7,9.0,25.6,1.7,1.7,3.2,6.6,7.1,9.1,8.2,7.1,11.6,43.5
2020-06-10,302.0,276.0,961.0,3046.0,3347.0,3641.0,3320.0,2293.0,2354.0,6729.0,275.0,264.0,511.0,1039.0,1117.0,1431.0,1282.0,1119.0,1815.0,6810.0,1.1,1.1,3.7,11.6,12.7,13.9,12.6,8.7,9.0,25.6,1.8,1.7,3.3,6.6,7.1,9.1,8.2,7.1,11.6,43.5
2020-06-11,305.0,279.0,961.0,3057.0,3350.0,3656.0,3328.0,2300.0,2359.0,6735.0,278.0,267.0,511.0,1043.0,1118.0,1437.0,1286.0,1122.0,1819.0,6816.0,1.2,1.1,3.6,11.6,12.7,13.9,12.6,8.7,9.0,25.6,1.8,1.7,3.3,6.6,7.1,9.2,8.2,7.1,11.6,43.4
2020-06-12,306.0,280.0,961.0,3073.0,3359.0,3664.0,3334.0,2304.0,2365.0,6747.0,279.0,268.0,511.0,1048.0,1121.0,1440.0,1288.0,1124.0,1824.0,6829.0,1.2,1.1,3.6,11.6,12.7,13.9,12.6,8.7,9.0,25.6,1.8,1.7,3.2,6.7,7.1,9.2,8.2,7.1,11.6,43.4
2020-06-13,307.0,281.0,967.0,3087.0,3375.0,3674.0,3339.0,2314.0,2368.0,6763.0,280.0,269.0,514.0,1053.0,1126.0,1444.0,1290.0,1129.0,1826.0,6845.0,1.2,1.1,3.7,11.7,12.7,13.9,12.6,8.7,8.9,25.5,1.8,1.7,3.3,6.7,7.1,9.2,8.2,7.2,11.6,43.4
2020-06-14,314.0,286.0,980.0,3111.0,3392.0,3689.0,3359.0,2320.0,2377.0,6777.0,286.0,274.0,521.0,1061.0,1132.0,1450.0,1298.0,1132.0,1833.0,6859.0,1.2,1.1,3.7,11.7,12.7,13.9,12.6,8.7,8.9,25.5,1.8,1.7,3.3,6.7,7.1,9.1,8.2,7.1,11.6,43.3
2020-06-15,308.0,285.0,970.0,3102.0,3379.0,3679.0,3352.0,2317.0,2373.0,6766.0,281.0,273.0,515.0,1058.0,1128.0,1446.0,1295.0,1130.0,1830.0,6848.0,1.2,1.1,3.7,11.7,12.7,13.9,12.6,8.7,8.9,25.5,1.8,1.7,3.3,6.7,7.1,9.1,8.2,7.2,11.6,43.3
2020-06-16,314.0,286.0,980.0,3111.0,3392.0,3689.0,3359.0,2320.0,2377.0,6777.0,286.0,274.0,521.0,1061.0,1132.0,1450.0,1298.0,1132.0,1833.0,6859.0,1.2,1.1,3.7,11.7,12.7,13.9,12.6,8.7,8.9,25.5,1.8,1.7,3.3,6.7,7.1,9.1,8.2,7.1,11.6,43.3
2020-06-17,314.0,286.0,986.0,3120.0,3393.0,3694.0,3362.0,2322.0,2378.0,6779.0,286.0,274.0,524.0,1064.0,1132.0,1452.0,1299.0,1133.0,1834.0,6861.0,1.2,1.1,3.7,11.7,12.7,13.9,12.6,8.7,8.9,25.5,1.8,1.7,3.3,6.7,7.1,9.2,8.2,7.1,11.6,43.3
2020-06-18,314.0,286.0,986.0,3120.0,3393.0,3694.0,3362.0,2322.0,2378.0,6779.0,286.0,274.0,524.0,1064.0,1132.0,1452.0,1299.0,1133.0,1834.0,6861.0,1.2,1.1,3.7,11.7,12.7,13.9,12.6,8.7,8.9,25.5,1.8,1.7,3.3,6.7,7.1,9.2,8.2,7.1,11.6,43.3
2020-06-19,na,na,na,na,na,na,na,na,na,na,na,na,na,na,na,na,na,na,na,na,na,na,na,na,na,na,na,na,na,na,na,na,na,na,na,na,na,na,na,na
2020-06-20,na,na,na,na,na,na,na,na,na,na,na,na,na,na,na,na,na,na,na,na,na,na,na,na,na,na,na,na,na,na,na,na,na,na,na,na,na,na,na,na
2020-06-21,318.0,290.0,1006.0,3157.0,3406.0,3721.0,3378.0,2334.0,2382.0,6798.0,290.0,278.0,535.0,1077.0,1137.0,1462.0,1305.0,1139.0,1837.0,6880.0,1.2,1.1,3.8,11.8,12.7,13.9,12.6,8.7,8.9,25.4,1.8,1.7,3.4,6.8,7.1,9.2,8.2,7.1,11.5,43.2
2020-06-22,316.0,287.0,1002.0,3141.0,3402.0,3709.0,3371.0,2332.0,2381.0,6791.0,288.0,275.0,532.0,1071.0,1135.0,1458.0,1302.0,1138.0,1836.0,6873.0,1.2,1.1,3.7,11.7,12.7,13.9,12.6,8.7,8.9,25.4,1.8,1.7,3.3,6.7,7.1,9.2,8.2,7.2,11.5,43.2
2020-06-23,na,na,na,na,na,na,na,na,na,na,na,na,na,na,na,na,na,na,na,na,na,na,na,na,na,na,na,na,na,na,na,na,na,na,na,na,na,na,na,na
2020-06-24,318.0,292.0,1008.0,3171.0,3417.0,3728.0,3386.0,2339.0,2388.0,6804.0,290.0,280.0,536.0,1081.0,1140.0,1465.0,1308.0,1141.0,1841.0,6886.0,1.2,1.1,3.8,11.8,12.7,13.9,12.6,8.7,8.9,25.3,1.8,1.8,3.4,6.8,7.1,9.2,8.2,7.1,11.5,43.1
2020-06-25,na,na,na,na,na,na,na,na,na,na,na,na,na,na,na,na,na,na,na,na,na,na,na,na,na,na,na,na,na,na,na,na,na,na,na,na,na,na,na,na
2020-06-26,na,na,na,na,na,na,na,na,na,na,na,na,na,na,na,na,na,na,na,na,na,na,na,na,na,na,na,na,na,na,na,na,na,na,na,na,na,na,na,na
2020-06-27,na,na,na,na,na,na,na,na,na,na,na,na,na,na,na,na,na,na,na,na,na,na,na,na,na,na,na,na,na,na,na,na,na,na,na,na,na,na,na,na
2020-06-28,325.0,303.0,1031.0,3274.0,3467.0,3767.0,3415.0,2365.0,2400.0,6836.0,296.0,290.0,548.0,1117.0,1157.0,1480.0,1319.0,1154.0,1851.0,6919.0,1.2,1.1,3.8,12.0,12.8,13.9,12.6,8.7,8.8,25.1,1.8,1.8,3.4,6.9,7.2,9.2,8.2,7.2,11.5,42.9
2020-06-29,326.0,305.0,1033.0,3276.0,3475.0,3770.0,3420.0,2366.0,2399.0,6842.0,297.0,292.0,549.0,1117.0,1160.0,1481.0,1321.0,1154.0,1850.0,6925.0,1.2,1.1,3.8,12.0,12.8,13.9,12.6,8.7,8.8,25.1,1.8,1.8,3.4,6.9,7.2,9.2,8.2,7.1,11.5,42.9
2020-06-30,327.0,305.0,1034.0,3279.0,3480.0,3774.0,3424.0,2367.0,2401.0,6849.0,298.0,292.0,549.0,1118.0,1161.0,1483.0,1323.0,1155.0,1851.0,6932.0,1.2,1.1,3.8,12.0,12.8,13.9,12.6,8.7,8.8,25.1,1.8,1.8,3.4,6.9,7.2,9.2,8.2,7.1,11.5,42.9
2020-07-01,331.0,306.0,1036.0,3283.0,3484.0,3774.0,3428.0,2368.0,2402.0,6850.0,302.0,293.0,551.0,1120.0,1163.0,1483.0,1324.0,1155.0,1852.0,6933.0,1.2,1.1,3.8,12.0,12.8,13.8,12.6,8.7,8.8,25.1,1.9,1.8,3.4,6.9,7.2,9.2,8.2,7.1,11.5,42.9
2020-07-02,na,na,na,na,na,na,na,na,na,na,na,na,na,na,na,na,na,na,na,na,na,na,na,na,na,na,na,na,na,na,na,na,na,na,na,na,na,na,na,na
2020-07-03,na,na,na,na,na,na,na,na,na,na,na,na,na,na,na,na,na,na,na,na,na,na,na,na,na,na,na,na,na,na,na,na,na,na,na,na,na,na,na,na
2020-07-04,na,na,na,na,na,na,na,na,na,na,na,na,na,na,na,na,na,na,na,na,na,na,na,na,na,na,na,na,na,na,na,na,na,na,na,na,na,na,na,na
2020-07-05,337.0,307.0,1046.0,3302.0,3497.0,3781.0,3435.0,2374.0,2403.0,6856.0,307.0,294.0,556.0,1126.0,1167.0,1486.0,1327.0,1158.0,1853.0,6939.0,1.2,1.1,3.8,12.1,12.8,13.8,12.6,8.7,8.8,25.1,1.9,1.8,3.4,6.9,7.2,9.2,8.2,7.1,11.4,42.8
2020-07-06,339.0,307.0,1047.0,3304.0,3499.0,3783.0,3437.0,2375.0,2403.0,6857.0,309.0,294.0,556.0,1127.0,1168.0,1487.0,1328.0,1159.0,1853.0,6940.0,1.2,1.1,3.8,12.1,12.8,13.8,12.6,8.7,8.8,25.1,1.9,1.8,3.4,6.9,7.2,9.2,8.2,7.1,11.4,42.8
2020-07-07,339.0,307.0,1051.0,3311.0,3504.0,3783.0,3442.0,2375.0,2404.0,6858.0,309.0,294.0,558.0,1129.0,1169.0,1487.0,1330.0,1159.0,1854.0,6941.0,1.2,1.1,3.8,12.1,12.8,13.8,12.6,8.7,8.8,25.1,1.9,1.8,3.4,7.0,7.2,9.2,8.2,7.1,11.4,42.8
2020-07-08,339.0,309.0,1057.0,3320.0,3513.0,3787.0,3441.0,2378.0,2406.0,6860.0,309.0,296.0,562.0,1132.0,1172.0,1488.0,1329.0,1160.0,1855.0,6943.0,1.2,1.1,3.9,12.1,12.8,13.8,12.6,8.7,8.8,25.0,1.9,1.8,3.5,7.0,7.2,9.2,8.2,7.1,11.4,42.7
2020-07-09,340.0,309.0,1060.0,3328.0,3516.0,3793.0,3447.0,2380.0,2409.0,6860.0,310.0,296.0,563.0,1135.0,1173.0,1491.0,1332.0,1161.0,1858.0,6943.0,1.2,1.1,3.9,12.1,12.8,13.8,12.6,8.7,8.8,25.0,1.9,1.8,3.5,7.0,7.2,9.2,8.2,7.1,11.4,42.7
2020-07-10,na,na,na,na,na,na,na,na,na,na,na,na,na,na,na,na,na,na,na,na,na,na,na,na,na,na,na,na,na,na,na,na,na,na,na,na,na,na,na,na
2020-07-11,na,na,na,na,na,na,na,na,na,na,na,na,na,na,na,na,na,na,na,na,na,na,na,na,na,na,na,na,na,na,na,na,na,na,na,na,na,na,na,na
2020-07-12,344.0,311.0,1070.0,3366.0,3529.0,3806.0,3454.0,2387.0,2410.0,6864.0,313.0,298.0,569.0,1148.0,1178.0,1496.0,1334.0,1164.0,1858.0,6947.0,1.2,1.1,3.9,12.2,12.8,13.8,12.5,8.7,8.8,24.9,1.9,1.8,3.5,7.0,7.2,9.2,8.2,7.1,11.4,42.6
2020-07-13,344.0,312.0,1074.0,3384.0,3533.0,3810.0,3456.0,2390.0,2412.0,6864.0,313.0,299.0,571.0,1154.0,1179.0,1497.0,1335.0,1166.0,1860.0,6947.0,1.2,1.1,3.9,12.3,12.8,13.8,12.5,8.7,8.7,24.9,1.9,1.8,3.5,7.1,7.2,9.2,8.2,7.1,11.4,42.6
2020-07-14,346.0,315.0,1080.0,3412.0,3553.0,3815.0,3458.0,2396.0,2412.0,6864.0,315.0,302.0,574.0,1164.0,1186.0,1499.0,1336.0,1169.0,1860.0,6947.0,1.3,1.1,3.9,12.3,12.8,13.8,12.5,8.7,8.7,24.8,1.9,1.8,3.5,7.1,7.3,9.2,8.2,7.1,11.4,42.5
2020-07-15,347.0,315.0,1084.0,3431.0,3571.0,3821.0,3458.0,2399.0,2413.0,6865.0,316.0,302.0,576.0,1170.0,1192.0,1502.0,1336.0,1170.0,1861.0,6948.0,1.3,1.1,3.9,12.4,12.9,13.8,12.5,8.7,8.7,24.8,1.9,1.8,3.5,7.1,7.3,9.2,8.2,7.1,11.4,42.4
2020-07-16,348.0,315.0,1088.0,3464.0,3591.0,3833.0,3461.0,2401.0,2413.0,6866.0,317.0,302.0,578.0,1181.0,1198.0,1506.0,1337.0,1171.0,1861.0,6949.0,1.3,1.1,3.9,12.5,12.9,13.8,12.5,8.6,8.7,24.7,1.9,1.8,3.5,7.2,7.3,9.2,8.2,7.1,11.3,42.4
2020-07-17,na,na,na,na,na,na,na,na,na,na,na,na,na,na,na,na,na,na,na,na,na,na,na,na,na,na,na,na,na,na,na,na,na,na,na,na,na,na,na,na
2020-07-18,na,na,na,na,na,na,na,na,na,na,na,na,na,na,na,na,na,na,na,na,na,na,na,na,na,na,na,na,na,na,na,na,na,na,na,na,na,na,na,na
2020-07-19,353.0,316.0,1098.0,3568.0,3638.0,3852.0,3474.0,2408.0,2416.0,6869.0,322.0,303.0,583.0,1217.0,1214.0,1514.0,1342.0,1175.0,1863.0,6952.0,1.3,1.1,3.9,12.7,13.0,13.8,12.4,8.6,8.6,24.5,2.0,1.8,3.5,7.4,7.4,9.2,8.1,7.1,11.3,42.2
2020-07-20,353.0,316.0,1103.0,3601.0,3661.0,3867.0,3482.0,2414.0,2416.0,6871.0,322.0,303.0,586.0,1228.0,1222.0,1520.0,1345.0,1178.0,1863.0,6954.0,1.3,1.1,3.9,12.8,13.0,13.8,12.4,8.6,8.6,24.5,1.9,1.8,3.5,7.4,7.4,9.2,8.1,7.1,11.3,42.1
2020-07-21,358.0,319.0,1106.0,3626.0,3675.0,3871.0,3483.0,2416.0,2418.0,6873.0,326.0,306.0,588.0,1237.0,1226.0,1521.0,1345.0,1179.0,1865.0,6956.0,1.3,1.1,3.9,12.9,13.1,13.8,12.4,8.6,8.6,24.4,2.0,1.8,3.6,7.5,7.4,9.2,8.1,7.1,11.3,42.0
2020-07-22,359.0,319.0,1107.0,3655.0,3679.0,3877.0,3489.0,2416.0,2418.0,6873.0,327.0,306.0,588.0,1246.0,1228.0,1524.0,1348.0,1179.0,1865.0,6956.0,1.3,1.1,3.9,13.0,13.0,13.8,12.4,8.6,8.6,24.4,2.0,1.8,3.6,7.5,7.4,9.2,8.1,7.1,11.3,42.0
2020-07-23,360.0,319.0,1116.0,3687.0,3691.0,3883.0,3493.0,2418.0,2418.0,6873.0,328.0,306.0,593.0,1257.0,1232.0,1526.0,1349.0,1179.0,1865.0,6956.0,1.3,1.1,3.9,13.0,13.1,13.7,12.4,8.6,8.6,24.3,2.0,1.8,3.6,7.6,7.4,9.2,8.1,7.1,11.2,41.9
2020-07-24,na,na,na,na,na,na,na,na,na,na,na,na,na,na,na,na,na,na,na,na,na,na,na,na,na,na,na,na,na,na,na,na,na,na,na,na,na,na,na,na
2020-07-25,na,na,na,na,na,na,na,na,na,na,na,na,na,na,na,na,na,na,na,na,na,na,na,na,na,na,na,na,na,na,na,na,na,na,na,na,na,na,na,na
2020-07-26,358.0,319.0,1106.0,3626.0,3675.0,3871.0,3483.0,2416.0,2418.0,6873.0,326.0,306.0,588.0,1237.0,1226.0,1521.0,1345.0,1179.0,1865.0,6956.0,1.3,1.1,3.9,12.9,13.1,13.8,12.4,8.6,8.6,24.4,2.0,1.8,3.6,7.5,7.4,9.2,8.1,7.1,11.3,42.0
2020-07-27,na,na,na,na,na,na,na,na,na,na,na,na,na,na,na,na,na,na,na,na,na,na,na,na,na,na,na,na,na,na,na,na,na,na,na,na,na,na,na,na
2020-07-28,na,na,na,na,na,na,na,na,na,na,na,na,na,na,na,na,na,na,na,na,na,na,na,na,na,na,na,na,na,na,na,na,na,na,na,na,na,na,na,na
2020-07-29,na,na,na,na,na,na,na,na,na,na,na,na,na,na,na,na,na,na,na,na,na,na,na,na,na,na,na,na,na,na,na,na,na,na,na,na,na,na,na,na
2020-07-30,na,na,na,na,na,na,na,na,na,na,na,na,na,na,na,na,na,na,na,na,na,na,na,na,na,na,na,na,na,na,na,na,na,na,na,na,na,na,na,na
2020-07-31,na,na,na,na,na,na,na,na,na,na,na,na,na,na,na,na,na,na,na,na,na,na,na,na,na,na,na,na,na,na,na,na,na,na,na,na,na,na,na,na
2020-08-01,na,na,na,na,na,na,na,na,na,na,na,na,na,na,na,na,na,na,na,na,na,na,na,na,na,na,na,na,na,na,na,na,na,na,na,na,na,na,na,na
2020-08-02,na,na,na,na,na,na,na,na,na,na,na,na,na,na,na,na,na,na,na,na,na,na,na,na,na,na,na,na,na,na,na,na,na,na,na,na,na,na,na,na
2020-08-03,na,na,na,na,na,na,na,na,na,na,na,na,na,na,na,na,na,na,na,na,na,na,na,na,na,na,na,na,na,na,na,na,na,na,na,na,na,na,na,na
2020-08-04,na,na,na,na,na,na,na,na,na,na,na,na,na,na,na,na,na,na,na,na,na,na,na,na,na,na,na,na,na,na,na,na,na,na,na,na,na,na,na,na
2020-08-05,na,na,na,na,na,na,na,na,na,na,na,na,na,na,na,na,na,na,na,na,na,na,na,na,na,na,na,na,na,na,na,na,na,na,na,na,na,na,na,na
2020-08-06,na,na,na,na,na,na,na,na,na,na,na,na,na,na,na,na,na,na,na,na,na,na,na,na,na,na,na,na,na,na,na,na,na,na,na,na,na,na,na,na
2020-08-07,na,na,na,na,na,na,na,na,na,na,na,na,na,na,na,na,na,na,na,na,na,na,na,na,na,na,na,na,na,na,na,na,na,na,na,na,na,na,na,na
2020-08-08,na,na,na,na,na,na,na,na,na,na,na,na,na,na,na,na,na,na,na,na,na,na,na,na,na,na,na,na,na,na,na,na,na,na,na,na,na,na,na,na
2020-08-09,na,na,na,na,na,na,na,na,na,na,na,na,na,na,na,na,na,na,na,na,na,na,na,na,na,na,na,na,na,na,na,na,na,na,na,na,na,na,na,na
2020-08-10,na,na,na,na,na,na,na,na,na,na,na,na,na,na,na,na,na,na,na,na,na,na,na,na,na,na,na,na,na,na,na,na,na,na,na,na,na,na,na,na
2020-08-11,398.0,349.0,1222.0,4034.0,3868.0,3992.0,3585.0,2469.0,2436.0,6878.0,363.0,334.0,649.0,1376.0,1291.0,1569.0,1385.0,1204.0,1878.0,6961.0,1.4,1.2,4.2,13.8,13.2,13.7,12.3,8.4,8.3,23.5,2.1,2.0,3.8,8.1,7.6,9.2,8.1,7.1,11.0,40.9
2020-08-12,na,na,na,na,na,na,na,na,na,na,na,na,na,na,na,na,na,na,na,na,na,na,na,na,na,na,na,na,na,na,na,na,na,na,na,na,na,na,na,na
2020-08-13,na,na,na,na,na,na,na,na,na,na,na,na,na,na,na,na,na,na,na,na,na,na,na,na,na,na,na,na,na,na,na,na,na,na,na,na,na,na,na,na
2020-08-14,na,na,na,na,na,na,na,na,na,na,na,na,na,na,na,na,na,na,na,na,na,na,na,na,na,na,na,na,na,na,na,na,na,na,na,na,na,na,na,na
2020-08-15,na,na,na,na,na,na,na,na,na,na,na,na,na,na,na,na,na,na,na,na,na,na,na,na,na,na,na,na,na,na,na,na,na,na,na,na,na,na,na,na
2020-08-16,399.0,354.0,1234.0,4074.0,3886.0,4014.0,3600.0,2479.0,2443.0,6883.0,364.0,339.0,656.0,1389.0,1297.0,1577.0,1391.0,1209.0,1884.0,6966.0,1.4,1.2,4.2,13.9,13.2,13.7,12.3,8.4,8.3,23.4,2.1,2.0,3.8,8.1,7.6,9.2,8.1,7.1,11.0,40.8
2020-08-17,na,na,na,na,na,na,na,na,na,na,na,na,na,na,na,na,na,na,na,na,na,na,na,na,na,na,na,na,na,na,na,na,na,na,na,na,na,na,na,na
2020-08-18,402.0,354.0,1234.0,4081.0,3889.0,4015.0,3602.0,2482.0,2443.0,6886.0,366.3,339.1,655.7,1391.8,1297.7,1577.8,1391.4,1210.7,1883.9,6969.3,1.4,1.2,4.2,13.9,13.2,13.7,12.3,8.4,8.3,23.4,2.1,2.0,3.8,8.1,7.6,9.2,8.1,7.1,11.0,40.8
2020-08-20,405.0,353.0,1241.0,4090.0,3899.0,4019.0,3606.0,2485.0,2444.0,6887.0,369.1,338.2,659.5,1394.8,1301.1,1579.3,1393.0,1212.2,1884.6,6970.3,1.4,1.2,4.2,13.9,13.2,13.7,12.3,8.4,8.3,23.4,2.2,2.0,3.9,8.2,7.6,9.2,8.1,7.1,11.0,40.8
2020-08-24,405.0,353.0,1255.0,4138.0,3917.0,4032.0,3621.0,2493.0,2446.0,6891.0,369.1,338.2,666.9,1411.2,1307.1,1584.4,1398.7,1216.1,1886.2,6974.3,1.4,1.2,4.2,14.0,13.3,13.6,12.3,8.4,8.3,23.3,2.2,2.0,3.9,8.2,7.6,9.2,8.2,7.1,11.0,40.7
2020-08-26,407.0,354.0,1261.0,4157.0,3939.0,4043.0,3640.0,2505.0,2459.0,6903.0,370.9,339.1,670.1,1417.7,1314.4,1588.8,1406.1,1221.9,1896.2,6986.5,1.4,1.2,4.3,14.0,13.3,13.6,12.3,8.4,8.3,23.3,2.2,2.0,3.9,8.2,7.6,9.2,8.2,7.1,11.0,40.6
2020-08-27,408.0,355.0,1262.0,4175.0,3945.0,4042.0,3633.0,2495.0,2450.0,6893.0,371.8,340.1,670.6,1423.8,1316.4,1588.4,1403.4,1217.0,1889.3,6976.4,1.4,1.2,4.3,14.1,13.3,13.6,12.2,8.4,8.3,23.2,2.2,2.0,3.9,8.3,7.7,9.2,8.2,7.1,11.0,40.6
2020-08-28,na,na,na,na,na,na,na,na,na,na,na,na,na,na,na,na,na,na,na,na,na,na,na,na,na,na,na,na,na,na,na,na,na,na,na,na,na,na,na,na
2020-08-29,na,na,na,na,na,na,na,na,na,na,na,na,na,na,na,na,na,na,na,na,na,na,na,na,na,na,na,na,na,na,na,na,na,na,na,na,na,na,na,na
2020-08-30,409.0,360.0,1266.0,4204.0,3968.0,4053.0,3638.0,2501.0,2456.0,6899.0,372.7,344.9,672.7,1433.7,1324.1,1592.7,1405.3,1220.0,1893.9,6982.4,1.4,1.2,4.3,14.1,13.3,13.6,12.2,8.4,8.3,23.2,2.2,2.0,3.9,8.3,7.7,9.2,8.2,7.1,11.0,40.5
2020-08-31,409.0,359.0,1269.0,4212.0,3971.0,4055.0,3642.0,2502.0,2457.0,6900.0,372.7,343.9,674.3,1436.4,1325.1,1593.5,1406.9,1220.5,1894.7,6983.5,1.4,1.2,4.3,14.1,13.3,13.6,12.2,8.4,8.3,23.2,2.2,2.0,3.9,8.3,7.7,9.2,8.2,7.1,11.0,40.5
2020-09-01,410.0,359.0,1272.0,4221.0,3979.0,4060.0,3645.0,2505.0,2457.0,6900.0,373.6,343.9,675.9,1439.5,1327.8,1595.4,1408.0,1221.9,1894.7,6983.5,1.4,1.2,4.3,14.2,13.3,13.6,12.2,8.4,8.2,23.1,2.2,2.0,3.9,8.3,7.7,9.2,8.2,7.1,11.0,40.5
2020-09-02,410.0,360.0,1277.0,4233.0,3988.0,4066.0,3651.0,2506.0,2458.0,6900.0,373.6,344.9,678.6,1443.6,1330.8,1597.8,1410.3,1222.4,1895.4,6983.5,1.4,1.2,4.3,14.2,13.4,13.6,12.2,8.4,8.2,23.1,2.2,2.0,3.9,8.4,7.7,9.2,8.2,7.1,11.0,40.4
2020-09-03,409.0,360.0,1280.0,4241.0,3992.0,4069.0,3654.0,2508.0,2458.0,6903.0,372.7,344.9,680.2,1446.3,1332.1,1599.0,1411.5,1223.4,1895.4,6986.5,1.4,1.2,4.3,14.2,13.4,13.6,12.2,8.4,8.2,23.1,2.2,2.0,3.9,8.4,7.7,9.2,8.2,7.1,11.0,40.4
2020-09-04,na,na,na,na,na,na,na,na,na,na,na,na,na,na,na,na,na,na,na,na,na,na,na,na,na,na,na,na,na,na,na,na,na,na,na,na,na,na,na,na
2020-09-05,na,na,na,na,na,na,na,na,na,na,na,na,na,na,na,na,na,na,na,na,na,na,na,na,na,na,na,na,na,na,na,na,na,na,na,na,na,na,na,na
2020-09-06,na,na,na,na,na,na,na,na,na,na,na,na,na,na,na,na,na,na,na,na,na,na,na,na,na,na,na,na,na,na,na,na,na,na,na,na,na,na,na,na
2020-09-07,414.0,369.0,1306.0,4315.0,4040.0,4096.0,3678.0,2519.0,2461.0,6907.0,377.3,353.5,694.0,1471.6,1348.1,1609.6,1420.8,1228.8,1897.7,6990.5,1.4,1.2,4.3,14.3,13.4,13.6,12.2,8.4,8.2,22.9,2.2,2.0,4.0,8.5,7.8,9.3,8.2,7.1,10.9,40.2
2020-09-08,414.0,372.0,1307.0,4333.0,4050.0,4105.0,3686.0,2522.0,2463.0,6907.0,377.3,356.4,694.5,1477.7,1351.5,1613.1,1423.9,1230.2,1899.3,6990.5,1.4,1.2,4.3,14.4,13.4,13.6,12.2,8.4,8.2,22.9,2.2,2.0,4.0,8.5,7.8,9.3,8.2,7.1,10.9,40.1
2020-09-09,415.0,373.0,1315.0,4353.0,4053.0,4112.0,3687.0,2524.0,2463.0,6902.0,378.2,357.3,698.8,1484.5,1352.5,1615.9,1424.2,1231.2,1899.3,6985.5,1.4,1.2,4.4,14.4,13.4,13.6,12.2,8.4,8.2,22.9,2.2,2.1,4.0,8.5,7.8,9.3,8.2,7.1,10.9,40.1
2020-09-10,415.0,376.0,1321.0,4363.0,4059.0,4119.0,3691.0,2527.0,2464.0,6902.0,378.2,360.2,702.0,1487.9,1354.5,1618.6,1425.8,1232.7,1900.1,6985.5,1.4,1.2,4.4,14.4,13.4,13.6,12.2,8.4,8.1,22.8,2.2,2.1,4.0,8.5,7.8,9.3,8.2,7.1,10.9,40.0
2020-09-11,na,na,na,na,na,na,na,na,na,na,na,na,na,na,na,na,na,na,na,na,na,na,na,na,na,na,na,na,na,na,na,na,na,na,na,na,na,na,na,na
2020-09-12,na,na,na,na,na,na,na,na,na,na,na,na,na,na,na,na,na,na,na,na,na,na,na,na,na,na,na,na,na,na,na,na,na,na,na,na,na,na,na,na
2020-09-13,419.0,383.0,1339.0,4413.0,4076.0,4143.0,3709.0,2535.0,2466.0,6905.0,381.8,366.9,711.5,1505.0,1360.1,1628.1,1432.7,1236.6,1901.6,6988.5,1.4,1.3,4.4,14.5,13.4,13.6,12.2,8.3,8.1,22.7,2.2,2.1,4.1,8.6,7.8,9.3,8.2,7.1,10.9,39.9
2020-09-14,421.0,385.0,1345.0,4440.0,4094.0,4160.0,3722.0,2543.0,2467.0,6907.0,383.6,368.8,714.7,1514.2,1366.1,1634.7,1437.8,1240.5,1902.4,6990.5,1.4,1.3,4.4,14.6,13.4,13.6,12.2,8.3,8.1,22.7,2.2,2.1,4.1,8.6,7.8,9.3,8.2,7.1,10.8,39.8
2020-09-15,423.0,387.0,1364.0,4470.0,4111.0,4168.0,3728.0,2548.0,2474.0,6908.0,385.5,370.7,724.8,1524.4,1371.8,1637.9,1440.1,1242.9,1907.8,6991.5,1.4,1.3,4.5,14.6,13.4,13.6,12.2,8.3,8.1,22.6,2.2,2.1,4.1,8.7,7.8,9.3,8.2,7.1,10.8,39.7
2020-09-16,429.0,394.0,1407.0,4568.0,4158.0,4217.0,3747.0,2565.0,2479.0,6912.0,390.9,377.4,747.7,1557.8,1387.5,1657.1,1447.4,1251.2,1911.6,6995.6,1.4,1.3,4.6,14.8,13.5,13.7,12.1,8.3,8.0,22.4,2.2,2.1,4.2,8.8,7.8,9.3,8.2,7.1,10.8,39.5
2020-09-17,429.0,396.0,1412.0,4586.0,4171.0,4224.0,3756.0,2566.0,2479.0,6914.0,390.9,379.4,750.3,1564.0,1391.8,1659.9,1450.9,1251.7,1911.6,6997.6,1.4,1.3,4.6,14.8,13.5,13.7,12.1,8.3,8.0,22.4,2.2,2.1,4.2,8.8,7.8,9.4,8.2,7.1,10.8,39.4
2020-09-18,na,na,na,na,na,na,na,na,na,na,na,na,na,na,na,na,na,na,na,na,na,na,na,na,na,na,na,na,na,na,na,na,na,na,na,na,na,na,na,na
2020-09-19,na,na,na,na,na,na,na,na,na,na,na,na,na,na,na,na,na,na,na,na,na,na,na,na,na,na,na,na,na,na,na,na,na,na,na,na,na,na,na,na
2020-09-20,441.0,409.0,1469.0,4758.0,4257.0,4291.0,3805.0,2593.0,2495.0,6922.0,401.9,391.8,780.6,1622.6,1420.5,1686.2,1469.8,1264.8,1924.0,7005.7,1.4,1.3,4.7,15.1,13.5,13.6,12.1,8.2,7.9,22.0,2.2,2.2,4.3,9.0,7.9,9.4,8.2,7.0,10.7,39.0
2020-09-21,445.0,412.0,1490.0,4809.0,4283.0,4307.0,3818.0,2599.0,2498.0,6922.0,405.5,394.7,791.8,1640.0,1429.2,1692.5,1474.8,1267.8,1926.3,7005.7,1.4,1.3,4.7,15.2,13.6,13.6,12.1,8.2,7.9,21.9,2.2,2.2,4.4,9.1,7.9,9.4,8.2,7.0,10.7,38.9
2020-09-22,450.0,413.0,1503.0,4859.0,4305.0,4334.0,3826.0,2610.0,2504.0,6925.0,410.1,395.7,798.7,1657.1,1436.6,1703.1,1477.9,1273.1,1930.9,7008.8,1.4,1.3,4.7,15.3,13.6,13.7,12.1,8.2,7.9,21.8,2.3,2.2,4.4,9.2,7.9,9.4,8.2,7.0,10.7,38.7
2020-09-23,454.0,421.0,1539.0,4942.0,4339.0,4369.0,3849.0,2621.0,2510.0,6931.0,413.7,403.3,817.8,1685.4,1447.9,1716.9,1486.8,1278.5,1935.5,7014.8,1.4,1.3,4.8,15.5,13.6,13.7,12.0,8.2,7.8,21.7,2.3,2.2,4.5,9.3,8.0,9.4,8.2,7.0,10.6,38.5
2020-09-24,464.0,425.0,1564.0,5017.0,4377.0,4402.0,3877.0,2628.0,2516.0,6933.0,422.8,407.1,831.1,1711.0,1460.6,1729.8,1497.6,1281.9,1940.2,7016.9,1.4,1.3,4.9,15.6,13.6,13.7,12.0,8.2,7.8,21.5,2.3,2.2,4.5,9.4,8.0,9.5,8.2,7.0,10.6,38.3
2020-09-25,na,na,na,na,na,na,na,na,na,na,na,na,na,na,na,na,na,na,na,na,na,na,na,na,na,na,na,na,na,na,na,na,na,na,na,na,na,na,na,na
2020-09-26,na,na,na,na,na,na,na,na,na,na,na,na,na,na,na,na,na,na,na,na,na,na,na,na,na,na,na,na,na,na,na,na,na,na,na,na,na,na,na,na
2020-09-27,473.0,446.0,1704.0,5239.0,4546.0,4522.0,3979.0,2688.0,2547.0,6950.0,431.0,427.3,905.5,1786.7,1517.0,1777.0,1537.0,1311.2,1964.1,7034.1,1.4,1.3,5.1,15.8,13.7,13.7,12.0,8.1,7.7,21.0,2.3,2.3,4.8,9.6,8.1,9.5,8.2,7.0,10.5,37.6
2020-09-28,479.0,450.0,1736.0,5289.0,4603.0,4557.0,4002.0,2705.0,2553.0,6954.0,436.5,431.1,922.5,1803.7,1536.0,1790.7,1545.9,1319.5,1968.7,7038.1,1.4,1.4,5.2,15.9,13.8,13.7,12.0,8.1,7.7,20.9,2.3,2.3,4.9,9.6,8.2,9.5,8.2,7.0,10.5,37.5
2020-09-29,486.0,455.0,1776.0,5375.0,4658.0,4597.0,4043.0,2730.0,2559.0,6965.0,442.9,435.9,943.8,1833.1,1554.4,1806.5,1561.8,1331.7,1973.3,7049.2,1.4,1.4,5.3,16.0,13.8,13.7,12.0,8.1,7.6,20.7,2.3,2.3,5.0,9.7,8.2,9.5,8.2,7.0,10.4,37.2
2020-09-30,489.0,464.0,1816.0,5478.0,4712.0,4634.0,4080.0,2750.0,2569.0,6973.0,445.6,444.5,965.0,1868.2,1572.4,1821.0,1576.1,1341.4,1981.0,7057.3,1.4,1.4,5.3,16.1,13.9,13.6,12.0,8.1,7.6,20.5,2.3,2.3,5.1,9.8,8.2,9.5,8.3,7.0,10.4,37.0
2020-10-01,496.0,472.0,1853.0,5573.0,4779.0,4680.0,4127.0,2773.0,2580.0,6989.0,452.0,452.2,984.7,1900.6,1594.7,1839.1,1594.2,1352.6,1989.5,7073.5,1.4,1.4,5.4,16.2,13.9,13.6,12.0,8.1,7.5,20.4,2.3,2.4,5.1,9.9,8.3,9.6,8.3,7.0,10.3,36.8
2020-10-02,na,na,na,na,na,na,na,na,na,na,na,na,na,na,na,na,na,na,na,na,na,na,na,na,na,na,na,na,na,na,na,na,na,na,na,na,na,na,na,na
2020-10-03,na,na,na,na,na,na,na,na,na,na,na,na,na,na,na,na,na,na,na,na,na,na,na,na,na,na,na,na,na,na,na,na,na,na,na,na,na,na,na,na
2020-10-04,523.0,506.0,1988.0,5850.0,4974.0,4828.0,4255.0,2844.0,2616.0,7021.0,476.6,484.7,1056.4,1995.1,1659.8,1897.2,1643.7,1387.3,2017.3,7105.9,1.5,1.4,5.6,16.5,14.0,13.6,12.0,8.0,7.4,19.8,2.4,2.5,5.4,10.1,8.4,9.6,8.3,7.0,10.2,36.0
2020-10-05,535.0,519.0,2055.0,5957.0,5052.0,4876.0,4309.0,2883.0,2626.0,7035.0,487.5,497.2,1092.0,2031.5,1685.8,1916.1,1664.5,1406.3,2025.0,7120.1,1.5,1.4,5.7,16.6,14.1,13.6,12.0,8.0,7.3,19.6,2.4,2.5,5.5,10.2,8.5,9.6,8.4,7.1,10.2,35.7
2020-10-06,541.0,532.0,2083.0,6022.0,5108.0,4912.0,4340.0,2903.0,2639.0,7036.0,493.0,509.7,1106.9,2053.7,1704.5,1930.2,1676.5,1416.1,2035.0,7121.1,1.5,1.5,5.8,16.7,14.1,13.6,12.0,8.0,7.3,19.5,2.5,2.5,5.5,10.2,8.5,9.6,8.4,7.1,10.2,35.5
2020-10-07,544.0,542.0,2124.0,6088.0,5160.0,4960.0,4370.0,2921.0,2650.0,7046.0,495.7,519.2,1128.7,2076.2,1721.9,1949.1,1688.1,1424.8,2043.5,7131.2,1.5,1.5,5.8,16.7,14.2,13.6,12.0,8.0,7.3,19.4,2.5,2.6,5.6,10.3,8.5,9.7,8.4,7.1,10.1,35.3
2020-10-08,545.0,552.0,2166.0,6179.0,5217.0,5016.0,4404.0,2953.0,2662.0,7056.0,496.6,528.8,1151.0,2107.3,1740.9,1971.1,1701.2,1440.5,2052.7,7141.3,1.5,1.5,5.9,16.8,14.2,13.6,12.0,8.0,7.2,19.2,2.4,2.6,5.7,10.4,8.6,9.7,8.4,7.1,10.1,35.1
2020-10-09,na,na,na,na,na,na,na,na,na,na,na,na,na,na,na,na,na,na,na,na,na,na,na,na,na,na,na,na,na,na,na,na,na,na,na,na,na,na,na,na
2020-10-10,na,na,na,na,na,na,na,na,na,na,na,na,na,na,na,na,na,na,na,na,na,na,na,na,na,na,na,na,na,na,na,na,na,na,na,na,na,na,na,na
2020-10-11,na,na,na,na,na,na,na,na,na,na,na,na,na,na,na,na,na,na,na,na,na,na,na,na,na,na,na,na,na,na,na,na,na,na,na,na,na,na,na,na
2020-10-12,na,na,na,na,na,na,na,na,na,na,na,na,na,na,na,na,na,na,na,na,na,na,na,na,na,na,na,na,na,na,na,na,na,na,na,na,na,na,na,na
2020-10-13,572.0,591.0,2375.0,6446.0,5424.0,5208.0,4555.0,3059.0,2705.0,7102.0,521.2,566.2,1262.1,2198.3,1810.0,2046.6,1759.5,1492.2,2085.9,7187.9,1.5,1.6,6.2,16.9,14.3,13.7,12.0,8.0,7.1,18.7,2.5,2.7,6.0,10.5,8.6,9.8,8.4,7.1,10.0,34.3
2020-10-14,580.0,604.0,2425.0,6503.0,5477.0,5244.0,4592.0,3081.0,2713.0,7114.0,528.5,578.6,1288.6,2217.8,1827.6,2060.7,1773.8,1502.9,2092.1,7200.0,1.5,1.6,6.3,17.0,14.3,13.7,12.0,8.0,7.1,18.6,2.5,2.7,6.1,10.5,8.7,9.8,8.4,7.1,9.9,34.2
2020-10-15,588.0,616.0,2459.0,6547.0,5522.0,5290.0,4617.0,3098.0,2721.0,7123.0,535.8,590.1,1306.7,2232.8,1842.7,2078.8,1783.5,1511.2,2098.2,7209.1,1.5,1.6,6.4,17.0,14.3,13.7,12.0,8.0,7.1,18.5,2.5,2.8,6.2,10.5,8.7,9.8,8.4,7.1,9.9,34.0
2020-10-16,na,na,na,na,na,na,na,na,na,na,na,na,na,na,na,na,na,na,na,na,na,na,na,na,na,na,na,na,na,na,na,na,na,na,na,na,na,na,na,na
2020-10-17,na,na,na,na,na,na,na,na,na,na,na,na,na,na,na,na,na,na,na,na,na,na,na,na,na,na,na,na,na,na,na,na,na,na,na,na,na,na,na,na
2020-10-18,615.0,653.0,2569.0,6692.0,5633.0,5395.0,4705.0,3144.0,2750.0,7146.0,560.4,625.6,1365.1,2282.2,1879.7,2120.1,1817.5,1533.6,2120.6,7232.4,1.6,1.7,6.5,17.0,14.3,13.7,12.0,8.0,7.0,18.2,2.6,2.9,6.3,10.6,8.7,9.8,8.4,7.1,9.8,33.6
2020-10-19,623.0,664.0,2635.0,6750.0,5671.0,5442.0,4737.0,3157.0,2768.0,7168.0,567.7,636.1,1400.2,2302.0,1892.4,2138.5,1829.8,1540.0,2134.5,7254.7,1.6,1.7,6.7,17.0,14.3,13.7,12.0,8.0,7.0,18.1,2.6,2.9,6.5,10.6,8.7,9.9,8.4,7.1,9.8,33.4
2020-10-20,626.0,674.0,2678.0,6809.0,5696.0,5465.0,4768.0,3176.0,2773.0,7174.0,570.4,645.7,1423.1,2322.1,1900.7,2147.6,1841.8,1549.2,2138.3,7260.8,1.6,1.7,6.7,17.1,14.3,13.7,12.0,8.0,7.0,18.0,2.6,3.0,6.5,10.7,8.7,9.9,8.4,7.1,9.8,33.3
2020-10-21,631.0,687.0,2729.0,6873.0,5740.0,5511.0,4802.0,3194.0,2782.0,7186.0,575.0,658.1,1450.2,2343.9,1915.4,2165.6,1854.9,1558.0,2145.3,7272.9,1.6,1.7,6.8,17.1,14.3,13.7,12.0,8.0,6.9,17.9,2.6,3.0,6.6,10.7,8.7,9.9,8.5,7.1,9.8,33.1
2020-10-22,637.0,692.0,2772.0,6912.0,5781.0,5556.0,4825.0,3206.0,2788.0,7205.0,580.5,662.9,1473.0,2357.2,1929.1,2183.3,1863.8,1563.9,2149.9,7292.1,1.6,1.7,6.9,17.1,14.3,13.8,12.0,7.9,6.9,17.8,2.6,3.0,6.7,10.7,8.7,9.9,8.5,7.1,9.7,33.1
2020-10-23,na,na,na,na,na,na,na,na,na,na,na,na,na,na,na,na,na,na,na,na,na,na,na,na,na,na,na,na,na,na,na,na,na,na,na,na,na,na,na,na
2020-10-24,na,na,na,na,na,na,na,na,na,na,na,na,na,na,na,na,na,na,na,na,na,na,na,na,na,na,na,na,na,na,na,na,na,na,na,na,na,na,na,na
2020-10-25,660.0,744.0,2865.0,7007.0,5890.0,5633.0,4904.0,3250.0,2803.0,7224.0,601.4,712.7,1522.4,2389.6,1965.5,2213.6,1894.4,1585.3,2161.5,7311.4,1.6,1.8,7.0,17.1,14.4,13.7,12.0,7.9,6.8,17.6,2.7,3.2,6.8,10.7,8.8,9.9,8.5,7.1,9.7,32.7
2020-10-26,669.0,757.0,2914.0,7078.0,5927.0,5683.0,4944.0,3270.0,2817.0,7239.0,609.6,725.2,1548.5,2413.8,1977.8,2233.2,1909.8,1595.1,2172.3,7326.6,1.6,1.8,7.1,17.1,14.4,13.8,12.0,7.9,6.8,17.5,2.7,3.2,6.9,10.7,8.8,9.9,8.5,7.1,9.6,32.5
2020-10-27,681.0,778.0,2965.0,7102.0,5964.0,5713.0,4978.0,3290.0,2831.0,7250.0,620.6,745.3,1575.6,2422.0,1990.2,2245.0,1922.9,1604.8,2183.1,7337.7,1.6,1.9,7.1,17.1,14.4,13.7,12.0,7.9,6.8,17.4,2.7,3.3,7.0,10.7,8.8,9.9,8.5,7.1,9.6,32.4
2020-10-28,690.0,794.0,3013.0,7135.0,5996.0,5751.0,5009.0,3310.0,2840.0,7259.0,628.8,760.6,1601.1,2433.3,2000.8,2259.9,1934.9,1614.6,2190.0,7346.8,1.7,1.9,7.2,17.1,14.3,13.8,12.0,7.9,6.8,17.4,2.8,3.3,7.0,10.7,8.8,9.9,8.5,7.1,9.6,32.3
2020-10-29,na,na,na,na,na,na,na,na,na,na,na,na,na,na,na,na,na,na,na,na,na,na,na,na,na,na,na,na,na,na,na,na,na,na,na,na,na,na,na,na
2020-10-30,na,na,na,na,na,na,na,na,na,na,na,na,na,na,na,na,na,na,na,na,na,na,na,na,na,na,na,na,na,na,na,na,na,na,na,na,na,na,na,na
2020-10-31,na,na,na,na,na,na,na,na,na,na,na,na,na,na,na,na,na,na,na,na,na,na,na,na,na,na,na,na,na,na,na,na,na,na,na,na,na,na,na,na
2020-11-01,743.0,847.0,3168.0,7294.0,6134.0,5904.0,5128.0,3371.0,2880.0,7309.0,677.1,811.4,1683.4,2487.5,2046.9,2320.1,1980.9,1644.4,2220.9,7397.4,1.7,2.0,7.4,17.1,14.3,13.8,12.0,7.9,6.7,17.1,2.9,3.5,7.2,10.7,8.8,10.0,8.5,7.1,9.5,31.8
2020-11-02,747.0,862.0,3196.0,7328.0,6173.0,5940.0,5158.0,3380.0,2888.0,7316.0,680.7,825.8,1698.3,2499.1,2059.9,2334.2,1992.5,1648.7,2227.0,7404.5,1.7,2.0,7.4,17.0,14.4,13.8,12.0,7.9,6.7,17.0,2.9,3.5,7.3,10.7,8.8,10.0,8.5,7.1,9.5,31.7
2020-11-03,763.0,872.0,3233.0,7359.0,6201.0,5961.0,5178.0,3389.0,2901.0,7336.0,695.3,835.4,1718.0,2509.7,2069.2,2342.5,2000.2,1653.1,2237.0,7424.7,1.8,2.0,7.5,17.0,14.4,13.8,12.0,7.8,6.7,17.0,3.0,3.6,7.3,10.7,8.8,10.0,8.5,7.0,9.5,31.6
2020-11-04,777.0,882.0,3266.0,7392.0,6228.0,6019.0,5204.0,3413.0,2914.0,7358.0,708.0,844.9,1735.5,2520.9,2078.3,2365.3,2010.2,1664.8,2247.1,7447.0,1.8,2.0,7.5,17.0,14.3,13.9,12.0,7.9,6.7,16.9,3.0,3.6,7.3,10.7,8.8,10.0,8.5,7.0,9.5,31.5
2020-11-05,787.0,898.0,3311.0,7430.0,6278.0,6067.0,5242.0,3430.0,2921.0,7376.0,717.1,860.3,1759.4,2533.9,2094.9,2384.1,2024.9,1673.1,2252.5,7465.2,1.8,2.1,7.6,17.0,14.4,13.9,12.0,7.8,6.7,16.9,3.0,3.6,7.4,10.7,8.8,10.0,8.5,7.0,9.5,31.4
2020-11-06,na,na,na,na,na,na,na,na,na,na,na,na,na,na,na,na,na,na,na,na,na,na,na,na,na,na,na,na,na,na,na,na,na,na,na,na,na,na,na,na
2020-11-07,na,na,na,na,na,na,na,na,na,na,na,na,na,na,na,na,na,na,na,na,na,na,na,na,na,na,na,na,na,na,na,na,na,na,na,na,na,na,na,na
2020-11-08,819.0,952.0,3462.0,7556.0,6391.0,6205.0,5353.0,3499.0,2959.0,7422.0,746.3,912.0,1839.7,2576.9,2132.6,2438.4,2067.8,1706.8,2281.8,7511.8,1.8,2.1,7.8,16.9,14.3,13.9,12.0,7.8,6.6,16.6,3.1,3.8,7.6,10.6,8.8,10.1,8.5,7.0,9.4,31.0
2020-11-09,825.0,967.0,3501.0,7595.0,6430.0,6250.0,5388.0,3512.0,2972.0,7431.0,751.8,926.4,1860.4,2590.2,2145.7,2456.0,2081.3,1713.1,2291.8,7520.9,1.8,2.2,7.8,16.9,14.3,13.9,12.0,7.8,6.6,16.6,3.1,3.8,7.6,10.6,8.8,10.1,8.6,7.0,9.4,30.9
2020-11-10,847.0,984.0,3547.0,7650.0,6466.0,6302.0,5426.0,3530.0,2983.0,7454.0,771.8,942.7,1884.8,2608.9,2157.7,2476.5,2096.0,1721.9,2300.3,7544.2,1.9,2.2,7.8,16.9,14.3,13.9,12.0,7.8,6.6,16.5,3.1,3.8,7.7,10.6,8.8,10.1,8.6,7.0,9.4,30.8
2020-11-11,856.0,1002.0,3601.0,7698.0,6518.0,6348.0,5467.0,3557.0,2990.0,7477.0,780.0,959.9,1913.5,2625.3,2175.0,2494.5,2111.8,1735.1,2305.7,7567.4,1.9,2.2,7.9,16.9,14.3,13.9,12.0,7.8,6.6,16.4,3.2,3.9,7.8,10.6,8.8,10.1,8.6,7.0,9.3,30.7
2020-11-12,865.0,1034.0,3647.0,7756.0,6563.0,6392.0,5507.0,3576.0,3005.0,7485.0,788.2,990.6,1938.0,2645.1,2190.0,2511.8,2127.3,1744.3,2317.2,7575.5,1.9,2.3,8.0,16.9,14.3,13.9,12.0,7.8,6.6,16.3,3.2,4.0,7.8,10.7,8.8,10.1,8.6,7.0,9.3,30.5
2020-11-13,na,na,na,na,na,na,na,na,na,na,na,na,na,na,na,na,na,na,na,na,na,na,na,na,na,na,na,na,na,na,na,na,na,na,na,na,na,na,na,na
2020-11-14,na,na,na,na,na,na,na,na,na,na,na,na,na,na,na,na,na,na,na,na,na,na,na,na,na,na,na,na,na,na,na,na,na,na,na,na,na,na,na,na
2020-11-15,900.0,1095.0,3798.0,7892.0,6712.0,6521.0,5628.0,3646.0,3036.0,7542.0,820.1,1049.0,2018.2,2691.4,2239.8,2562.5,2174.0,1778.5,2341.1,7633.2,1.9,2.3,8.1,16.9,14.4,13.9,12.0,7.8,6.5,16.1,3.2,4.1,8.0,10.6,8.9,10.1,8.6,7.0,9.3,30.2
2020-11-16,911.0,1111.0,3838.0,7936.0,6748.0,6561.0,5666.0,3670.0,3041.0,7555.0,830.1,1064.3,2039.5,2706.5,2251.8,2578.2,2188.7,1790.2,2345.0,7646.4,1.9,2.4,8.2,16.9,14.3,13.9,12.0,7.8,6.5,16.1,3.3,4.2,8.0,10.6,8.9,10.1,8.6,7.0,9.2,30.1
2020-11-17,919.0,1142.0,3875.0,7976.0,6793.0,6605.0,5691.0,3690.0,3055.0,7571.0,837.4,1094.0,2059.1,2720.1,2266.8,2595.5,2198.4,1800.0,2355.8,7662.6,1.9,2.4,8.2,16.9,14.4,14.0,12.0,7.8,6.5,16.0,3.3,4.3,8.0,10.6,8.9,10.1,8.6,7.0,9.2,29.9
2020-11-19,938.0,1187.0,3944.0,8051.0,6871.0,6683.0,5740.0,3725.0,3077.0,7595.0,854.7,1137.1,2095.8,2745.7,2292.8,2626.2,2217.3,1817.0,2372.8,7686.9,2.0,2.5,8.2,16.8,14.4,14.0,12.0,7.8,6.4,15.9,3.3,4.4,8.1,10.6,8.9,10.2,8.6,7.0,9.2,29.7
2020-11-20,na,na,na,na,na,na,na,na,na,na,na,na,na,na,na,na,na,na,na,na,na,na,na,na,na,na,na,na,na,na,na,na,na,na,na,na,na,na,na,na
2020-11-21,na,na,na,na,na,na,na,na,na,na,na,na,na,na,na,na,na,na,na,na,na,na,na,na,na,na,na,na,na,na,na,na,na,na,na,na,na,na,na,na
2020-11-22,968.0,1240.0,4060.0,8189.0,7010.0,6799.0,5829.0,3787.0,3106.0,7659.0,882.1,1187.9,2157.5,2792.7,2339.2,2671.8,2251.7,1847.3,2395.1,7751.6,2.0,2.5,8.3,16.8,14.4,14.0,12.0,7.8,6.4,15.7,3.4,4.5,8.2,10.6,8.9,10.2,8.6,7.0,9.1,29.5
2020-11-23,977.0,1252.0,4104.0,8245.0,7048.0,6835.0,5860.0,3802.0,3122.0,7686.0,890.3,1199.4,2180.8,2811.8,2351.9,2685.9,2263.6,1854.6,2407.5,7779.0,2.0,2.6,8.4,16.9,14.4,14.0,12.0,7.8,6.4,15.7,3.4,4.5,8.3,10.6,8.9,10.2,8.6,7.0,9.1,29.4
2020-11-24,987.0,1270.0,4131.0,8287.0,7077.0,6865.0,5883.0,3817.0,3132.0,7702.0,899.4,1216.6,2195.2,2826.2,2361.6,2697.7,2272.5,1861.9,2415.2,7795.2,2.0,2.6,8.4,16.9,14.4,14.0,12.0,7.8,6.4,15.7,3.4,4.6,8.3,10.6,8.9,10.2,8.6,7.0,9.1,29.4
2020-11-25,na,na,na,na,na,na,na,na,na,na,na,na,na,na,na,na,na,na,na,na,na,na,na,na,na,na,na,na,na,na,na,na,na,na,na,na,na,na,na,na
2020-11-26,1008.0,1296.0,4223.0,8383.0,7183.0,6970.0,5959.0,3848.0,3158.0,7764.0,918.5,1241.6,2244.1,2858.9,2396.9,2739.0,2301.9,1877.0,2435.2,7857.9,2.0,2.6,8.5,16.8,14.4,14.0,12.0,7.7,6.3,15.6,3.4,4.6,8.4,10.6,8.9,10.2,8.6,7.0,9.1,29.2
2020-11-27,na,na,na,na,na,na,na,na,na,na,na,na,na,na,na,na,na,na,na,na,na,na,na,na,na,na,na,na,na,na,na,na,na,na,na,na,na,na,na,na
2020-11-28,na,na,na,na,na,na,na,na,na,na,na,na,na,na,na,na,na,na,na,na,na,na,na,na,na,na,na,na,na,na,na,na,na,na,na,na,na,na,na,na
2020-11-29,1055.0,1368.0,4368.0,8601.0,7376.0,7165.0,6108.0,3958.0,3193.0,7865.0,961.4,1310.5,2321.1,2933.2,2461.3,2815.6,2359.4,1930.7,2462.2,7960.1,2.1,2.7,8.6,16.8,14.4,14.0,12.0,7.8,6.3,15.4,3.5,4.8,8.4,10.7,8.9,10.2,8.6,7.0,8.9,28.9
2020-11-30,1064.0,1383.0,4403.0,8660.0,7420.0,7206.0,6160.0,3977.0,3201.0,7889.0,969.6,1324.9,2339.7,2953.4,2476.0,2831.7,2379.5,1940.0,2468.4,7984.4,2.1,2.7,8.6,16.9,14.4,14.0,12.0,7.7,6.2,15.4,3.5,4.8,8.5,10.7,8.9,10.2,8.6,7.0,8.9,28.9
2020-12-01,1084.0,1404.0,4453.0,8715.0,7486.0,7256.0,6216.0,4005.0,3210.0,7919.0,987.8,1345.0,2366.3,2972.1,2498.0,2851.4,2401.2,1953.6,2475.3,8014.8,2.1,2.7,8.6,16.8,14.5,14.0,12.0,7.7,6.2,15.3,3.5,4.8,8.5,10.7,9.0,10.2,8.6,7.0,8.9,28.8
2020-12-02,1095.0,1424.0,4504.0,8776.0,7534.0,7307.0,6257.0,4025.0,3222.0,7975.0,997.8,1364.2,2393.4,2992.9,2514.1,2871.4,2417.0,1963.4,2484.6,8071.5,2.1,2.7,8.6,16.8,14.5,14.0,12.0,7.7,6.2,15.3,3.6,4.9,8.5,10.7,9.0,10.2,8.6,7.0,8.9,28.8
2020-12-03,1115.0,1436.0,4559.0,8849.0,7609.0,7367.0,6311.0,4060.0,3243.0,8022.0,1016.0,1375.7,2422.6,3017.8,2539.1,2895.0,2437.9,1980.4,2500.8,8119.0,2.1,2.7,8.7,16.8,14.5,14.0,12.0,7.7,6.2,15.3,3.6,4.9,8.6,10.7,9.0,10.2,8.6,7.0,8.8,28.7
2020-12-04,na,na,na,na,na,na,na,na,na,na,na,na,na,na,na,na,na,na,na,na,na,na,na,na,na,na,na,na,na,na,na,na,na,na,na,na,na,na,na,na
2020-12-05,na,na,na,na,na,na,na,na,na,na,na,na,na,na,na,na,na,na,na,na,na,na,na,na,na,na,na,na,na,na,na,na,na,na,na,na,na,na,na,na
2020-12-06,1187.0,1518.0,4768.0,9160.0,7868.0,7621.0,6484.0,4172.0,3307.0,8103.0,1081.6,1454.2,2533.7,3123.9,2625.5,2994.8,2504.7,2035.1,2550.1,8201.0,2.2,2.8,8.8,16.9,14.5,14.1,12.0,7.7,6.1,15.0,3.7,5.0,8.7,10.7,9.0,10.3,8.6,7.0,8.8,28.2
2020-12-07,1210.0,1559.0,4848.0,9237.0,7945.0,7697.0,6534.0,4191.0,3328.0,8131.0,1102.6,1493.5,2576.2,3150.1,2651.2,3024.7,2524.0,2044.3,2566.3,8229.3,2.2,2.9,8.9,16.9,14.5,14.1,11.9,7.7,6.1,14.9,3.8,5.1,8.8,10.7,9.0,10.3,8.6,7.0,8.7,28.0
2020-12-08,1219.0,1592.0,4896.0,9315.0,8027.0,7766.0,6598.0,4229.0,3338.0,8178.0,1110.8,1525.1,2601.7,3176.7,2678.6,3051.8,2548.7,2062.9,2574.0,8276.9,2.2,2.9,8.9,16.9,14.6,14.1,12.0,7.7,6.1,14.8,3.8,5.2,8.8,10.7,9.0,10.3,8.6,7.0,8.7,28.0
2020-12-09,1247.0,1632.0,4975.0,9423.0,8125.0,7883.0,6657.0,4276.0,3364.0,8222.0,1136.3,1563.4,2643.7,3213.6,2711.3,3097.8,2571.5,2085.8,2594.1,8321.4,2.2,2.9,8.9,16.9,14.6,14.1,11.9,7.7,6.0,14.7,3.8,5.2,8.8,10.7,9.1,10.3,8.6,7.0,8.7,27.8
2020-12-10,1259.0,1665.0,5039.0,9499.0,8202.0,7984.0,6714.0,4305.0,3390.0,8259.0,1147.3,1595.1,2677.7,3239.5,2737.0,3137.4,2593.5,2099.9,2614.1,8358.9,2.2,3.0,8.9,16.9,14.6,14.2,11.9,7.6,6.0,14.7,3.8,5.3,8.9,10.7,9.1,10.4,8.6,7.0,8.7,27.7
2020-12-11,na,na,na,na,na,na,na,na,na,na,na,na,na,na,na,na,na,na,na,na,na,na,na,na,na,na,na,na,na,na,na,na,na,na,na,na,na,na,na,na
2020-12-12,na,na,na,na,na,na,na,na,na,na,na,na,na,na,na,na,na,na,na,na,na,na,na,na,na,na,na,na,na,na,na,na,na,na,na,na,na,na,na,na
2020-12-13,1326.0,1771.0,5322.0,9812.0,8477.0,8306.0,6962.0,4417.0,3461.0,8415.0,1208.3,1696.6,2828.1,3346.2,2828.7,3264.0,2689.3,2154.6,2668.9,8516.8,2.3,3.0,9.1,16.8,14.5,14.3,11.9,7.6,5.9,14.4,3.9,5.4,9.1,10.7,9.1,10.5,8.6,6.9,8.6,27.3
2020-12-14,1338.0,1808.0,5405.0,9897.0,8555.0,8391.0,7027.0,4452.0,3488.0,8448.0,1219.2,1732.0,2872.2,3375.2,2854.8,3297.4,2714.4,2171.7,2689.7,8550.2,2.3,3.1,9.2,16.8,14.5,14.3,11.9,7.6,5.9,14.4,3.9,5.5,9.1,10.7,9.1,10.5,8.6,6.9,8.5,27.2
2020-12-15,1355.0,1847.0,5493.0,10005.0,8667.0,8491.0,7100.0,4489.0,3510.0,8478.0,1234.7,1769.4,2918.9,3412.1,2892.1,3336.7,2742.6,2189.7,2706.7,8580.5,2.3,3.1,9.2,16.8,14.6,14.3,11.9,7.6,5.9,14.3,3.9,5.6,9.2,10.7,9.1,10.5,8.6,6.9,8.5,27.0
2020-12-16,1368.0,1875.0,5563.0,10105.0,8778.0,8579.0,7172.0,4533.0,3537.0,8521.0,1246.6,1796.2,2956.1,3446.2,2929.2,3371.3,2770.4,2211.2,2727.5,8624.1,2.3,3.1,9.3,16.8,14.6,14.3,11.9,7.6,5.9,14.2,3.9,5.6,9.2,10.7,9.1,10.5,8.6,6.9,8.5,26.9
2020-12-17,1382.0,1906.0,5658.0,10201.0,8873.0,8672.0,7248.0,4570.0,3563.0,8567.0,1259.3,1825.9,3006.6,3478.9,2960.9,3407.8,2799.8,2229.2,2747.5,8670.6,2.3,3.1,9.3,16.8,14.6,14.3,12.0,7.5,5.9,14.1,3.9,5.6,9.3,10.7,9.1,10.5,8.6,6.9,8.5,26.8
2020-12-18,na,na,na,na,na,na,na,na,na,na,na,na,na,na,na,na,na,na,na,na,na,na,na,na,na,na,na,na,na,na,na,na,na,na,na,na,na,na,na,na
2020-12-19,na,na,na,na,na,na,na,na,na,na,na,na,na,na,na,na,na,na,na,na,na,na,na,na,na,na,na,na,na,na,na,na,na,na,na,na,na,na,na,na
2020-12-20,1443.0,2015.0,5899.0,10547.0,9239.0,9000.0,7469.0,4733.0,3653.0,8761.0,1314.9,1930.4,3134.7,3596.9,3083.0,3536.7,2885.2,2308.7,2816.9,8867.0,2.3,3.2,9.4,16.8,14.7,14.3,11.9,7.5,5.8,14.0,3.9,5.8,9.4,10.7,9.2,10.6,8.6,6.9,8.4,26.5
2020-12-21,1473.0,2070.0,6013.0,10716.0,9363.0,9142.0,7571.0,4796.0,3684.0,8823.0,1342.3,1983.0,3195.3,3654.5,3124.4,3592.5,2924.6,2339.5,2840.8,8929.7,2.3,3.3,9.4,16.8,14.7,14.4,11.9,7.5,5.8,13.9,4.0,5.8,9.4,10.8,9.2,10.6,8.6,6.9,8.4,26.3
2020-12-22,1498.0,2125.0,6111.0,10857.0,9482.0,9273.0,7681.0,4861.0,3710.0,8852.0,1365.0,2035.7,3247.3,3702.6,3164.1,3644.0,2967.1,2371.2,2860.9,8959.1,2.3,3.3,9.5,16.8,14.7,14.4,11.9,7.5,5.8,13.7,4.0,5.9,9.5,10.8,9.2,10.6,8.6,6.9,8.3,26.1
2020-12-23,na,na,na,na,na,na,na,na,na,na,na,na,na,na,na,na,na,na,na,na,na,na,na,na,na,na,na,na,na,na,na,na,na,na,na,na,na,na,na,na
2020-12-26,na,na,na,na,na,na,na,na,na,na,na,na,na,na,na,na,na,na,na,na,na,na,na,na,na,na,na,na,na,na,na,na,na,na,na,na,na,na,na,na
2020-12-27,1634.0,2316.0,6600.0,11545.0,10113.0,9981.0,8204.0,5198.0,3901.0,9118.0,1489.0,2218.7,3507.2,3937.2,3374.7,3922.2,3169.1,2535.5,3008.2,9228.3,2.4,3.4,9.6,16.8,14.7,14.5,12.0,7.6,5.7,13.3,4.1,6.1,9.6,10.8,9.3,10.8,8.7,7.0,8.3,25.4
2020-12-28,1667.0,2358.0,6716.0,11709.0,10256.0,10133.0,8349.0,5282.0,3949.0,9159.0,1519.0,2258.9,3568.8,3993.2,3422.4,3981.9,3225.1,2576.5,3045.2,9269.8,2.4,3.4,9.7,16.8,14.7,14.6,12.0,7.6,5.7,13.2,4.1,6.1,9.7,10.8,9.3,10.8,8.7,7.0,8.3,25.1
2020-12-29,1682.0,2390.0,6784.0,11856.0,10405.0,10260.0,8423.0,5330.0,3992.0,9210.0,1532.7,2289.6,3605.0,4043.3,3472.1,4031.8,3253.7,2599.9,3078.3,9321.4,2.4,3.4,9.6,16.9,14.8,14.6,12.0,7.6,5.7,13.1,4.1,6.2,9.7,10.9,9.3,10.8,8.7,7.0,8.3,25.0
2020-12-30,na,na,na,na,na,na,na,na,na,na,na,na,na,na,na,na,na,na,na,na,na,na,na,na,na,na,na,na,na,na,na,na,na,na,na,na,na,na,na,na
2021-01-02,na,na,na,na,na,na,na,na,na,na,na,na,na,na,na,na,na,na,na,na,na,na,na,na,na,na,na,na,na,na,na,na,na,na,na,na,na,na,na,na
2021-01-03,1839.0,2570.0,7268.0,12763.0,11206.0,10953.0,9047.0,5730.0,4211.0,9531.0,1675.8,2462.0,3862.2,4352.6,3739.4,4304.2,3494.7,2795.1,3247.2,9646.3,2.4,3.4,9.7,17.0,14.9,14.6,12.0,7.6,5.6,12.7,4.2,6.2,9.8,11.0,9.4,10.9,8.8,7.1,8.2,24.4
2021-01-04,1857.0,2591.0,7341.0,12914.0,11359.0,11057.0,9141.0,5802.0,4260.0,9585.0,1692.2,2482.2,3900.9,4404.1,3790.4,4345.0,3531.0,2830.2,3285.0,9700.9,2.4,3.4,9.7,17.0,15.0,14.6,12.0,7.6,5.6,12.6,4.2,6.2,9.8,11.0,9.5,10.9,8.8,7.1,8.2,24.3
2021-01-05,1882.0,2617.0,7425.0,13064.0,11478.0,11199.0,9267.0,5873.0,4313.0,9634.0,1715.0,2507.1,3945.6,4455.3,3830.1,4400.8,3579.7,2864.8,3325.9,9750.5,2.5,3.4,9.7,17.0,15.0,14.6,12.1,7.7,5.6,12.6,4.2,6.2,9.8,11.0,9.5,10.9,8.9,7.1,8.2,24.2
2021-01-06,1903.0,2650.0,7497.0,13235.0,11619.0,11322.0,9378.0,5939.0,4360.0,9721.0,1734.1,2538.7,3983.8,4513.6,3877.2,4449.2,3622.6,2897.0,3362.1,9838.6,2.5,3.4,9.7,17.1,15.0,14.6,12.1,7.7,5.6,12.5,4.2,6.2,9.8,11.1,9.5,10.9,8.9,7.1,8.2,24.1
2021-01-07,1929.0,2685.0,7571.0,13376.0,11752.0,11442.0,9481.0,6018.0,4416.0,9791.0,1757.8,2572.2,4023.2,4561.7,3921.6,4496.3,3662.4,2935.5,3405.3,9909.4,2.5,3.4,9.6,17.0,15.0,14.6,12.1,7.7,5.6,12.5,4.3,6.2,9.8,11.1,9.5,10.9,8.9,7.1,8.3,24.0
2021-01-10,2027.0,2832.0,7934.0,13960.0,12316.0,11930.0,9896.0,6303.0,4588.0,10027.0,1847.1,2713.0,4216.1,4760.8,4109.8,4688.1,3822.7,3074.6,3537.9,10148.3,2.5,3.5,9.7,17.1,15.1,14.6,12.1,7.7,5.6,12.3,4.3,6.3,9.8,11.1,9.6,10.9,8.9,7.2,8.2,23.6
2021-01-11,2043.0,2853.0,8008.0,14092.0,12392.0,12017.0,9978.0,6345.0,4620.0,10063.0,1861.7,2733.2,4255.4,4805.9,4135.1,4722.3,3854.4,3095.0,3562.6,10184.7,2.5,3.5,9.7,17.1,15.0,14.6,12.1,7.7,5.6,12.2,4.3,6.3,9.8,11.1,9.6,10.9,8.9,7.2,8.2,23.6
2021-01-12,2066.0,2883.0,8073.0,14194.0,12529.0,12122.0,10072.0,6412.0,4671.0,10117.0,1882.6,2761.9,4289.9,4840.7,4180.9,4763.5,3890.7,3127.7,3601.9,10239.4,2.5,3.5,9.7,17.1,15.1,14.6,12.1,7.7,5.6,12.2,4.3,6.3,9.8,11.1,9.6,10.9,8.9,7.2,8.3,23.5
2021-01-13,2094.0,2924.0,8137.0,14338.0,12657.0,12234.0,10169.0,6494.0,4715.0,10187.0,1908.1,2801.2,4323.9,4889.8,4223.6,4807.5,3928.2,3167.7,3635.9,10310.2,2.5,3.5,9.7,17.1,15.1,14.6,12.1,7.7,5.6,12.1,4.3,6.4,9.8,11.1,9.6,10.9,8.9,7.2,8.3,23.4
2021-01-14,2119.0,2962.0,8208.0,14470.0,12787.0,12335.0,10279.0,6546.0,4754.0,10246.0,1930.9,2837.6,4361.7,4934.8,4267.0,4847.2,3970.6,3193.1,3665.9,10369.9,2.5,3.5,9.7,17.1,15.1,14.6,12.1,7.7,5.6,12.1,4.4,6.4,9.8,11.1,9.6,10.9,8.9,7.2,8.3,23.4
2021-01-17,2196.0,3074.0,8445.0,14852.0,13123.0,12682.0,10609.0,6743.0,4879.0,10463.0,2001.1,2944.9,4487.6,5065.1,4379.1,4983.6,4098.1,3289.2,3762.3,10589.5,2.5,3.5,9.7,17.1,15.1,14.6,12.2,7.7,5.6,12.0,4.4,6.5,9.8,11.1,9.6,10.9,9.0,7.2,8.3,23.2
2021-01-18,2213.0,3103.0,8494.0,14944.0,13193.0,12756.0,10680.0,6786.0,4900.0,10476.0,2016.6,2972.6,4513.6,5096.4,4402.4,5012.7,4125.5,3310.2,3778.5,10602.7,2.5,3.5,9.7,17.1,15.1,14.6,12.2,7.8,5.6,12.0,4.4,6.5,9.8,11.1,9.6,10.9,9.0,7.2,8.2,23.1
2021-01-19,2236.0,3139.0,8569.0,15047.0,13289.0,12837.0,10767.0,6848.0,4938.0,10504.0,2037.5,3007.1,4553.5,5131.6,4434.5,5044.5,4159.2,3340.4,3807.8,10631.0,2.5,3.6,9.7,17.1,15.1,14.6,12.2,7.8,5.6,11.9,4.4,6.5,9.9,11.1,9.6,10.9,9.0,7.2,8.3,23.0
2021-01-20,2260.0,3169.0,8638.0,15169.0,13385.0,12932.0,10861.0,6902.0,4973.0,10564.0,2059.4,3035.9,4590.2,5173.2,4466.5,5081.8,4195.5,3366.7,3834.8,10691.8,2.5,3.6,9.7,17.1,15.1,14.6,12.2,7.8,5.6,11.9,4.4,6.5,9.9,11.1,9.6,10.9,9.0,7.2,8.2,23.0
2021-01-21,2283.0,3220.0,8706.0,15295.0,13484.0,13032.0,10953.0,6954.0,5004.0,10601.0,2080.4,3084.7,4626.3,5216.1,4499.5,5121.1,4231.0,3392.1,3858.7,10729.2,2.5,3.6,9.7,17.1,15.1,14.6,12.2,7.8,5.6,11.8,4.4,6.6,9.9,11.1,9.6,10.9,9.0,7.2,8.2,22.9
2021-01-24,2353.0,3330.0,8919.0,15562.0,13747.0,13292.0,11161.0,7081.0,5081.0,10727.0,2144.2,3190.1,4739.5,5307.2,4587.3,5223.3,4311.3,3454.1,3918.1,10856.7,2.6,3.6,9.8,17.1,15.1,14.6,12.2,7.8,5.6,11.8,4.5,6.7,9.9,11.1,9.6,10.9,9.0,7.2,8.2,22.7
2021-01-25,2379.0,3360.0,8991.0,15641.0,13812.0,13363.0,11217.0,7128.0,5093.0,10749.0,2167.9,3218.9,4777.7,5334.1,4609.0,5251.2,4333.0,3477.0,3927.4,10879.0,2.6,3.7,9.8,17.1,15.1,14.6,12.2,7.8,5.6,11.7,4.5,6.7,10.0,11.1,9.6,10.9,9.0,7.2,8.2,22.7
2021-01-26,2411.0,3385.0,9060.0,15745.0,13913.0,13443.0,11280.0,7163.0,5110.0,10774.0,2197.0,3242.8,4814.4,5369.6,4642.7,5282.6,4357.3,3494.1,3940.5,10904.3,2.6,3.7,9.8,17.1,15.1,14.6,12.2,7.8,5.5,11.7,4.6,6.7,10.0,11.1,9.6,10.9,9.0,7.2,8.2,22.6
2021-01-27,2440.0,3434.0,9133.0,15829.0,13967.0,13518.0,11354.0,7210.0,5137.0,10808.0,2223.4,3289.7,4853.2,5398.2,4660.7,5312.1,4385.9,3517.0,3961.3,10938.7,2.6,3.7,9.8,17.1,15.0,14.6,12.2,7.8,5.5,11.6,4.6,6.8,10.0,11.1,9.6,10.9,9.0,7.2,8.2,22.5
2021-01-28,2463.0,3474.0,9207.0,15897.0,14047.0,13586.0,11424.0,7250.0,5161.0,10857.0,2244.4,3328.1,4892.5,5421.4,4687.4,5338.8,4412.9,3536.5,3979.8,10988.3,2.6,3.7,9.9,17.0,15.0,14.6,12.2,7.8,5.5,11.6,4.6,6.8,10.0,11.1,9.6,10.9,9.0,7.2,8.2,22.5
2021-01-31,na,na,na,na,na,na,na,na,na,na,na,na,na,na,na,na,na,na,na,na,na,na,na,na,na,na,na,na,na,na,na,na,na,na,na,na,na,na,na,na
