date,Regroupement,Croisement,Nom,cas_cum_lab_n,cas_cum_epi_n,cases,cas_cum_tot_t,cas_quo_tot_t,cas_quo_lab_n,cas_quo_epi_n,new_cases,active_cases,act_cum_tot_t,cas_quo_tot_m,cas_quo_tot_tm,recovered,new_recovered,deaths,dec_cum_tot_t,dec_quo_tot_t,deaths_chsld,deaths_psr,deaths_home,deaths_other,new_deaths,dec_quo_chs_n,dec_quo_rpa_n,dec_quo_dom_n,dec_quo_aut_n,dec_quo_tot_m,dec_quo_tot_tm,hos_cum_reg_n,hos_cum_si_n,hos_cum_tot_n,hos_cum_tot_t,hos_quo_tot_t,hos_quo_reg_n,hos_quo_si_n,hos_quo_tot_n,hos_quo_tot_m,psi_cum_tes_n,psi_cum_pos_n,negative_tests,psi_quo_pos_n,new_negative_tests,psi_quo_tes_n,psi_quo_pos_t,psi_cum_adm_n,hos_act_reg_n,hos_act_si_n,hos_act_tot_n
2020-12-29,Région,RSS99,Ensemble du Québec,191280.0,8539.0,199819,2340.05,18.43,1553.0,21.0,1574,21611,253.08,na,na,168253,1660,8078,94.6,0.12,4897,1557,1211,413,10,4,1,3,2,na,na,12109.0,2341.0,14450.0,169.22,0.0,0.0,0.0,0.0,na,2498341.0,190314.0,2308027,0.0,0,0.0,na,na,na,na,na
2020-12-30,Région,RSS99,Ensemble du Québec,194074.0,8564.0,202638,2373.07,18.2,1535.0,19.0,1554,22367,261.94,na,na,170142,1700,8135,95.27,0.26,4924,1570,1224,417,22,11,6,3,2,na,na,12300.0,2377.0,14677.0,171.88,0.0,0.0,0.0,0.0,na,2507746.0,193228.0,2314518,0.0,0,0.0,na,na,na,na,na
2021-01-03,Région,RSS99,Ensemble du Québec,204201.0,8641.0,212842,2477.25,14.11,1198.0,14.0,1212,23264,270.77,na,na,179331,1780,8284,96.42,0.1,4980,1609,1269,426,9,3,3,2,1,na,na,12658.0,2446.0,15104.0,175.79,0.0,0.0,0.0,0.0,na,2539844.0,202970.0,2336874,0.0,0,0.0,na,na,na,na,na
2021-01-04,Région,RSS99,Ensemble du Québec,206688.0,8662.0,215350,2506.44,17.88,1517.0,19.0,1536,24313,282.98,na,na,180700,1410,8349,97.17,0.2,5005,1619,1295,430,17,8,3,5,1,na,na,12796.0,2468.0,15264.0,177.66,0.0,0.0,0.0,0.0,na,2547277.0,205287.0,2341990,0.0,0,0.0,na,na,na,na,na
2021-01-05,Région,RSS99,Ensemble du Québec,209311.0,8678.0,217989,2537.16,18.68,1592.0,13.0,1605,24603,286.35,na,na,182956,2020,8395,97.71,0.15,5021,1636,1307,431,13,9,3,1,0,na,na,12918.0,2488.0,15406.0,179.31,0.0,0.0,0.0,0.0,na,2555708.0,207704.0,2348004,0.0,0,0.0,na,na,na,na,na
2021-01-06,Région,RSS99,Ensemble du Québec,211819.0,8687.0,220506,2566.45,18.26,1566.0,3.0,1569,24955,290.45,na,na,185014,1944,8468,98.56,0.19,5052,1660,1323,433,16,6,5,4,1,na,na,13083.0,2515.0,15598.0,181.54,0.0,0.0,0.0,0.0,na,2565557.0,210294.0,2355263,0.0,0,0.0,na,na,na,na,na
2021-01-07,Région,RSS99,Ensemble du Québec,214402.0,8688.0,223090,2596.53,15.9,1360.0,6.0,1366,24553,285.77,na,na,187898,2767,8513,99.08,0.16,5063,1673,1343,434,14,4,2,8,0,na,na,13180.0,2538.0,15718.0,182.94,0.0,0.0,0.0,0.0,na,2575548.0,212761.0,2362787,0.0,0,0.0,na,na,na,na,na
2021-01-08,Région,RSS99,Ensemble du Québec,217507.0,8702.0,226209,2632.83,18.34,1565.0,11.0,1576,24589,286.19,na,na,190953,2965,8555,99.57,0.14,5077,1687,1355,436,12,6,3,2,1,na,na,13324.0,2563.0,15887.0,184.91,0.0,0.0,0.0,0.0,na,2585796.0,215257.0,2370539,0.0,0,0.0,na,na,na,na,na
2021-01-09,Région,RSS99,Ensemble du Québec,220081.0,8713.0,228794,2662.91,16.13,1374.0,12.0,1386,24454,284.62,na,na,193605,2623,8594,100.02,0.16,5091,1697,1364,442,14,6,2,4,2,na,na,13445.0,2578.0,16023.0,186.49,0.0,0.0,0.0,0.0,na,2596018.0,217716.0,2378302,0.0,0,0.0,na,na,na,na,na
2021-01-10,Région,RSS99,Ensemble du Québec,221930.0,8731.0,230661,2684.64,14.21,1210.0,11.0,1221,23996,279.29,na,na,195885,2174,8642,100.58,0.21,5101,1714,1381,446,18,5,5,7,1,na,na,13578.0,2592.0,16170.0,188.2,0.0,0.0,0.0,0.0,na,2603741.0,219495.0,2384246,0.0,0,0.0,na,na,na,na,na
2021-01-11,Région,RSS99,Ensemble du Québec,223856.0,8740.0,232596,2707.17,13.23,1126.0,11.0,1137,23903,278.2,na,na,197884,1993,8685,101.08,0.15,5121,1718,1397,449,13,6,1,5,1,na,na,13680.0,2618.0,16298.0,189.69,0.0,0.0,0.0,0.0,na,2611556.0,221492.0,2390064,0.0,0,0.0,na,na,na,na,na
2021-01-12,Région,RSS99,Ensemble du Québec,225903.0,8760.0,234663,2731.22,15.93,1349.0,20.0,1369,23695,275.78,na,na,200143,2268,8717,101.46,0.08,5133,1726,1405,453,7,2,2,3,0,na,na,13810.0,2641.0,16451.0,191.47,0.0,0.0,0.0,0.0,na,2620248.0,223409.0,2396839,0.0,0,0.0,na,na,na,na,na
2021-01-13,Région,RSS99,Ensemble du Québec,228019.0,8774.0,236793,2756.01,15.21,1293.0,14.0,1307,23187,269.87,na,na,202689,2665,8776,102.14,0.17,5149,1741,1428,458,15,4,6,3,2,na,na,13950.0,2663.0,16613.0,193.36,0.0,0.0,0.0,0.0,na,2629203.0,225353.0,2403850,0.0,0,0.0,na,na,na,na,na
2021-01-14,Région,RSS99,Ensemble du Québec,229932.0,8784.0,238716,2778.4,13.08,1108.0,16.0,1124,21856,254.38,na,na,205868,3235,8837,102.85,0.1,5174,1760,1442,461,9,6,3,0,0,na,na,14082.0,2686.0,16768.0,195.16,0.0,0.0,0.0,0.0,na,2637674.0,227205.0,2410469,0.0,0,0.0,na,na,na,na,na
2021-01-15,Région,RSS99,Ensemble du Québec,232137.0,8801.0,240938,2804.26,16.38,1389.0,18.0,1407,21640,251.87,na,na,208369,2439,8845,102.95,0.01,5176,1762,1446,461,1,0,0,1,0,na,na,14216.0,2708.0,16924.0,196.98,0.0,0.0,0.0,0.0,na,2647264.0,229289.0,2417975,0.0,0,0.0,na,na,na,na,na
2021-01-16,Région,RSS99,Ensemble du Québec,233869.0,8817.0,242686,2824.6,14.61,1242.0,13.0,1255,20636,240.18,na,na,210980,2535,8946,104.12,0.09,5208,1797,1475,466,8,4,3,1,0,na,na,14317.0,2727.0,17044.0,198.37,0.0,0.0,0.0,0.0,na,2656534.0,231016.0,2425518,0.0,0,0.0,na,na,na,na,na
2021-01-17,Région,RSS99,Ensemble du Québec,235498.0,8826.0,244324,2843.67,11.35,961.0,14.0,975,19925,231.91,na,na,213293,2418,8985,104.58,0.1,5219,1809,1487,470,9,4,1,2,2,na,na,14406.0,2736.0,17142.0,199.51,0.0,0.0,0.0,0.0,na,2664134.0,232573.0,2431561,0.0,0,0.0,na,na,na,na,na
2021-01-18,Région,RSS99,Ensemble du Québec,236865.0,8847.0,245712,2859.82,9.73,820.0,16.0,836,19010,221.26,na,na,215552,2352,9040,105.22,0.19,5242,1823,1506,469,16,5,4,7,0,na,na,14515.0,2748.0,17263.0,200.92,0.0,0.0,0.0,0.0,na,2670614.0,233954.0,2436660,0.0,0,0.0,na,na,na,na,na
2021-01-19,Région,RSS99,Ensemble du Québec,238362.0,8852.0,247214,2877.3,11.42,975.0,6.0,981,18431,214.52,na,na,217515,2542,9107,106.0,0.12,5270,1838,1528,471,10,2,4,4,0,na,na,14613.0,2767.0,17380.0,202.28,0.0,0.0,0.0,0.0,na,2678168.0,235290.0,2442878,0.0,0,0.0,na,na,na,na,na
2021-01-20,Région,RSS99,Ensemble du Québec,239980.0,8858.0,248838,2896.2,12.51,1070.0,5.0,1075,18253,212.45,na,na,219247,2019,9174,106.78,0.26,5293,1854,1551,476,22,10,7,3,2,na,na,14720.0,2786.0,17506.0,203.75,0.0,0.0,0.0,0.0,na,2687068.0,236802.0,2450266,0.0,0,0.0,na,na,na,na,na
2021-01-21,Région,RSS99,Ensemble du Québec,241605.0,8866.0,250471,2915.21,12.85,1092.0,12.0,1104,17757,206.67,na,na,221283,2469,9258,107.75,0.21,5310,1879,1586,483,18,3,5,8,2,na,na,14835.0,2805.0,17640.0,205.31,0.0,0.0,0.0,0.0,na,2695925.0,238361.0,2457564,0.0,0,0.0,na,na,na,na,na
2021-01-22,Région,RSS99,Ensemble du Québec,243267.0,8893.0,252160,2934.87,11.13,941.0,15.0,956,17488,203.54,na,na,223153,1883,9334,108.64,0.2,5343,1900,1603,488,17,7,3,5,2,na,na,14935.0,2817.0,17752.0,206.61,0.0,0.0,0.0,0.0,na,2708814.0,240328.0,2468486,0.0,0,0.0,na,na,na,na,na
2021-01-23,Région,RSS99,Ensemble du Québec,244714.0,8903.0,253617,2951.83,10.51,895.0,8.0,903,16935,197.11,na,na,225132,2268,9376,109.13,0.14,5357,1908,1621,490,12,6,2,4,0,na,na,15012.0,2836.0,17848.0,207.73,0.0,0.0,0.0,0.0,na,2733643.0,244577.0,2489066,0.0,0,0.0,na,na,na,na,na
2021-01-24,Région,RSS99,Ensemble du Québec,245901.0,8919.0,254820,2965.83,8.48,711.0,18.0,729,16424,191.16,na,na,226801,1933,9419,109.63,0.14,5370,1923,1635,491,12,3,5,3,1,na,na,15076.0,2856.0,17932.0,208.71,0.0,0.0,0.0,0.0,na,2741609.0,245785.0,2495824,0.0,0,0.0,na,na,na,na,na
2021-01-25,Région,RSS99,Ensemble du Québec,247053.0,8936.0,255989,2979.43,8.23,691.0,16.0,707,15621,181.81,na,na,228737,2007,9474,110.27,0.05,5385,1941,1658,490,4,1,2,1,0,na,na,15147.0,2870.0,18017.0,209.7,0.0,0.0,0.0,0.0,na,2749320.0,247020.0,2502300,0.0,0,0.0,na,na,na,na,na
2021-01-26,Région,RSS99,Ensemble du Québec,248367.0,8950.0,257317,2994.89,9.45,794.0,18.0,812,15478,180.15,na,na,230168,1477,9526,110.87,0.19,5400,1957,1674,495,16,5,6,3,2,na,na,15243.0,2887.0,18130.0,211.01,0.0,0.0,0.0,0.0,na,2758077.0,248282.0,2509795,0.0,0,0.0,na,na,na,na,na
2021-01-27,Région,RSS99,Ensemble du Québec,249713.0,8973.0,258686,3010.82,9.65,811.0,18.0,829,15262,177.63,na,na,231699,1586,9562,111.29,0.09,5418,1973,1676,495,8,3,5,0,0,na,na,15314.0,2906.0,18220.0,212.06,0.0,0.0,0.0,0.0,na,2767846.0,249612.0,2518234,0.0,0,0.0,na,na,na,na,na
2021-01-28,Région,RSS99,Ensemble du Québec,250996.0,8985.0,259981,3035.22,9.87,835.0,13.0,848,14759,171.78,na,na,233478,1789,9612,112.22,0.1,5440,1989,1687,496,9,2,3,3,1,na,na,15386.0,2913.0,18299.0,213.64,0.0,0.0,0.0,0.0,na,2777657.0,250878.0,2526779,0.0,0,0.0,na,na,na,na,na
2021-01-29,Région,RSS99,Ensemble du Québec,252349.0,8999.0,261348,3051.18,10.67,903.0,14.0,917,14508,168.86,na,na,235050,1578,9660,112.78,0.16,5454,2003,1706,497,14,4,4,5,1,na,na,15463.0,2924.0,18387.0,214.66,0.0,0.0,0.0,0.0,na,2787283.0,252245.0,2535038,0.0,0,0.0,na,na,na,na,na
2021-01-30,Région,RSS99,Ensemble du Québec,253559.0,9020.0,262579,3065.55,9.81,828.0,15.0,843,14141,164.59,na,na,236626,1593,9691,113.14,0.03,5465,2006,1721,499,3,3,0,0,0,na,na,15532.0,2934.0,18466.0,215.59,0.0,0.0,0.0,0.0,na,2795952.0,253418.0,2542534,0.0,0,0.0,na,na,na,na,na
2021-01-31,Région,RSS99,Ensemble du Québec,254438.0,9031.0,263469,3075.94,5.96,500.0,12.0,512,13564,157.87,na,na,238062,1418,9723,113.51,0.16,5480,2010,1732,501,14,6,1,6,1,na,na,15578.0,2944.0,18522.0,216.24,0.0,0.0,0.0,0.0,na,2803946.0,254406.0,2549540,0.0,0,0.0,na,na,na,na,na
2021-02-01,Région,RSS99,Ensemble du Québec,255476.0,9046.0,264522,3088.24,7.86,655.0,20.0,675,13126,152.77,na,na,239523,1503,9759,113.93,0.08,5493,2018,1743,505,7,3,0,2,2,na,na,15639.0,2952.0,18591.0,217.05,0.0,0.0,0.0,0.0,na,2811087.0,255342.0,2555745,0.0,0,0.0,na,na,na,na,na
2021-02-02,Région,RSS99,Ensemble du Québec,256512.0,9063.0,265575,3100.53,8.86,743.0,18.0,761,12987,151.15,na,na,240735,1234,9797,114.38,0.1,5505,2026,1755,511,9,2,3,4,0,na,na,15695.0,2960.0,18655.0,217.79,0.0,0.0,0.0,0.0,na,2819713.0,256446.0,2563267,0.0,0,0.0,na,na,na,na,na
2021-02-03,Région,RSS99,Ensemble du Québec,257590.0,9078.0,266668,3113.29,8.0,671.0,16.0,687,12961,150.85,na,na,241817,1070,9840,114.88,0.17,5521,2033,1773,513,15,8,1,5,1,na,na,15771.0,2971.0,18742.0,218.81,0.0,0.0,0.0,0.0,na,2828908.0,257597.0,2571311,0.0,0,0.0,na,na,na,na,na
2021-02-04,Région,RSS99,Ensemble du Québec,258673.0,9097.0,267770,3126.16,8.35,698.0,19.0,717,12461,145.03,na,na,243392,1575,9871,115.24,0.08,5531,2040,1785,515,7,1,3,3,0,na,na,15839.0,2982.0,18821.0,219.73,0.0,0.0,0.0,0.0,na,2837674.0,258639.0,2579035,0.0,0,0.0,na,na,na,na,na
2021-02-05,Région,RSS99,Ensemble du Québec,259868.0,9106.0,268974,3140.21,9.85,839.0,7.0,846,12283,142.96,na,na,244785,1310,9895,115.52,0.1,5533,2054,1793,515,9,1,6,2,0,na,na,15886.0,2989.0,18875.0,220.36,0.0,0.0,0.0,0.0,na,2846957.0,259817.0,2587140,0.0,0,0.0,na,5689742.0,na,na,na
2021-02-06,Région,RSS99,Ensemble du Québec,260938.0,9117.0,270055,3152.83,8.18,696.0,7.0,703,11915,138.68,na,na,246217,1347,9927,115.9,0.07,5537,2062,1810,518,6,0,3,3,0,na,na,15937.0,2998.0,18935.0,221.06,0.0,0.0,0.0,0.0,na,2855534.0,260975.0,2594559,0.0,0,0.0,na,5718684.0,na,na,na
2021-02-07,Région,RSS99,Ensemble du Québec,261775.0,9133.0,270908,3162.79,5.98,499.0,15.0,514,11504,133.89,na,na,247472,1314,9942,116.07,0.02,5540,2067,1816,519,2,1,1,0,0,na,na,15970.0,3007.0,18977.0,221.55,0.0,0.0,0.0,0.0,na,2862658.0,261834.0,2600824,0.0,0,0.0,na,5740142.0,na,na,na
2021-02-08,Région,RSS99,Ensemble du Québec,262581.0,9153.0,271734,3172.44,5.82,483.0,17.0,500,11007,128.11,na,na,248785,1276,9974,116.44,0.06,5545,2074,1835,520,5,0,2,3,0,na,na,16054.0,3025.0,19079.0,222.74,0.0,0.0,0.0,0.0,na,2869390.0,262635.0,2606755,0.0,0,0.0,na,5758085.0,na,na,na
2021-02-09,Région,RSS99,Ensemble du Québec,263562.0,9161.0,272723,3183.98,8.17,695.0,7.0,702,10994,127.96,na,na,249776,1005,10009,116.85,0.09,5557,2083,1848,521,8,2,2,4,0,na,na,16069.0,3026.0,19095.0,222.93,0.0,0.0,0.0,0.0,na,2878036.0,263578.0,2614458,0.0,0,0.0,na,5786056.0,na,na,na
2021-02-10,Région,RSS99,Ensemble du Québec,264669.0,9176.0,273845,3197.08,9.93,837.0,16.0,853,11047,128.58,na,na,250803,1022,10056,117.4,0.09,5564,2102,1865,525,8,1,2,4,1,na,na,16115.0,3039.0,19154.0,223.62,0.0,0.0,0.0,0.0,na,2888117.0,264639.0,2623478,0.0,0,0.0,na,5818493.0,na,na,na
2021-02-11,Région,RSS99,Ensemble du Québec,265629.0,9200.0,274829,3208.57,7.66,638.0,20.0,658,10657,124.04,na,na,252143,1307,10080,117.68,0.05,5571,2105,1876,528,4,1,0,3,0,na,na,16156.0,3051.0,19207.0,224.24,0.0,0.0,0.0,0.0,na,2897689.0,265661.0,2632028,0.0,0,0.0,na,5850530.0,na,na,na
2021-02-12,Région,RSS99,Ensemble du Québec,266664.0,9214.0,275878,3220.82,7.83,664.0,9.0,673,10533,122.59,na,na,253286,1152,10108,118.01,0.06,5577,2111,1891,529,5,1,1,3,0,na,na,16200.0,3060.0,19260.0,224.86,0.0,0.0,0.0,0.0,na,2907800.0,266677.0,2641123,0.0,0,0.0,na,5883435.0,na,na,na
2021-02-13,Région,RSS99,Ensemble du Québec,267562.0,9226.0,276788,3231.44,6.42,539.0,13.0,552,10306,119.95,na,na,254417,1129,10121,118.16,0.02,5579,2119,1894,529,2,1,1,0,0,na,na,16238.0,3065.0,19303.0,225.36,0.0,0.0,0.0,0.0,na,2916183.0,267593.0,2648590,0.0,0,0.0,na,5910260.0,na,na,na
2021-02-14,Région,RSS99,Ensemble du Québec,268275.0,9241.0,277516,3239.94,5.14,424.0,18.0,442,9855,114.7,na,na,255587,1459,10136,118.34,0.06,5583,2124,1900,529,5,0,2,3,0,na,na,16272.0,3072.0,19344.0,225.84,0.0,0.0,0.0,0.0,na,2923402.0,268211.0,2655191,0.0,0,0.0,na,5929944.0,na,na,na
2021-02-15,Région,RSS99,Ensemble du Québec,268930.0,9255.0,278185,3247.75,4.45,368.0,14.0,382,9399,109.39,na,na,256697,1199,10153,118.53,0.07,5590,2126,1907,530,6,1,1,4,0,na,na,16309.0,3081.0,19390.0,226.37,0.0,0.0,0.0,0.0,na,2930662.0,268901.0,2661761,0.0,0,0.0,na,5948482.0,na,na,na
2021-02-16,Région,RSS99,Ensemble du Québec,269719.0,9266.0,278985,3257.09,6.04,502.0,17.0,519,9313,108.39,na,na,257574,863,10165,118.67,0.0,5593,2130,1910,532,0,0,0,0,0,na,na,16331.0,3093.0,19424.0,226.77,0.0,0.0,0.0,0.0,na,2942201.0,269684.0,2672517,0.0,0,0.0,na,5981483.0,na,na,na
2021-02-17,Région,RSS99,Ensemble du Québec,270614.0,9271.0,279885,3267.6,6.6,557.0,10.0,567,9378,109.15,na,na,258400,838,10172,118.76,0.05,5591,2133,1916,532,4,0,1,3,0,na,na,16373.0,3101.0,19474.0,227.35,0.0,0.0,0.0,0.0,na,2951262.0,270568.0,2680694,0.0,0,0.0,na,6012229.0,na,na,na
2021-02-18,Région,RSS99,Ensemble du Québec,271403.0,9282.0,280685,3276.94,6.91,584.0,10.0,594,8980,104.52,na,na,259575,1164,10186,118.92,0.01,5592,2137,1925,532,1,0,0,1,0,na,na,16400.0,3112.0,19512.0,227.8,0.0,0.0,0.0,0.0,na,2962105.0,271504.0,2690601,0.0,0,0.0,na,6046190.0,na,na,na
2021-02-19,Région,RSS99,Ensemble du Québec,272168.0,9286.0,281454,3285.91,5.88,495.0,10.0,505,8658,100.77,na,na,260658,1062,10200,119.08,0.05,5593,2141,1933,533,4,0,3,1,0,na,na,16434.0,3120.0,19554.0,228.29,0.0,0.0,0.0,0.0,na,2970905.0,272281.0,2698624,0.0,0,0.0,na,6076246.0,na,na,na
2021-02-20,Région,RSS99,Ensemble du Québec,272823.0,9297.0,282120,3293.69,4.53,376.0,13.0,389,8278,96.35,na,na,261690,1049,10215,119.26,0.08,5597,2143,1941,534,7,1,1,5,0,na,na,16461.0,3127.0,19588.0,228.69,0.0,0.0,0.0,0.0,na,2978646.0,272980.0,2705666,0.0,0,0.0,na,6101036.0,na,na,na
2021-02-21,Région,RSS99,Ensemble du Québec,273609.0,9316.0,282925,3303.09,5.48,456.0,15.0,471,8112,94.41,na,na,262642,967,10226,119.39,0.02,5597,2143,1950,536,2,0,0,2,0,na,na,16495.0,3132.0,19627.0,229.14,0.0,0.0,0.0,0.0,na,2985918.0,273782.0,2712136,0.0,0,0.0,na,6120688.0,na,na,na
2021-02-22,Région,RSS99,Ensemble du Québec,274326.0,9338.0,283664,3311.72,4.56,374.0,18.0,392,7880,91.71,na,na,263593,948,10238,119.53,0.01,5598,2146,1956,538,1,0,1,0,0,na,na,16525.0,3141.0,19666.0,229.6,0.0,0.0,0.0,0.0,na,2992805.0,274470.0,2718335,0.0,0,0.0,na,6139291.0,na,na,na
2021-02-23,Région,RSS99,Ensemble du Québec,275121.0,9349.0,284470,3321.13,6.48,544.0,13.0,557,7988,92.97,na,na,264282,674,10254,119.71,0.06,5600,2153,1963,538,5,0,4,1,0,na,na,16553.0,3153.0,19706.0,230.06,0.0,0.0,0.0,0.0,na,3002374.0,275222.0,2727152,0.0,0,0.0,na,6168317.0,na,na,na
2021-02-24,Région,RSS99,Ensemble du Québec,275962.0,9366.0,285328,3331.14,6.69,559.0,16.0,575,8090,94.16,na,na,265026,736,10270,119.9,0.06,5601,2159,1970,540,5,1,2,2,0,na,na,16586.0,3163.0,19749.0,230.57,0.0,0.0,0.0,0.0,na,3013261.0,276080.0,2737181,0.0,0,0.0,na,6202008.0,na,na,na
2021-02-25,Région,RSS99,Ensemble du Québec,276752.0,9391.0,286143,3340.66,6.25,517.0,20.0,537,7888,91.81,na,na,266013,1006,10281,120.03,0.0,5601,2160,1978,542,0,0,0,0,0,na,na,16621.0,3167.0,19788.0,231.02,0.0,0.0,0.0,0.0,na,3022742.0,276765.0,2745977,0.0,0,0.0,na,6233682.0,na,na,na
2021-02-26,Région,RSS99,Ensemble du Québec,277600.0,9401.0,287001,3350.67,6.69,557.0,18.0,575,7973,92.8,na,na,266776,797,10294,120.18,0.06,5606,2161,1984,543,5,2,1,2,0,na,na,16658.0,3174.0,19832.0,231.53,0.0,0.0,0.0,0.0,na,3032004.0,277480.0,2754524,0.0,0,0.0,na,6263236.0,na,na,na
2021-02-27,Région,RSS99,Ensemble du Québec,278327.0,9411.0,287738,3359.28,5.26,438.0,14.0,452,7817,90.98,na,na,267657,895,10302,120.27,0.05,5609,2164,1987,542,4,1,1,2,0,na,na,16688.0,3181.0,19869.0,231.97,0.0,0.0,0.0,0.0,na,3040778.0,278184.0,2762594,0.0,0,0.0,na,6290031.0,na,na,na
2021-02-28,Région,RSS99,Ensemble du Québec,278931.0,9420.0,288351,3366.44,4.09,336.0,15.0,351,7590,88.34,na,na,268494,850,10308,120.34,0.01,5612,2166,1988,542,1,0,1,0,0,na,na,16712.0,3195.0,19907.0,232.41,0.0,0.0,0.0,0.0,na,3047947.0,278736.0,2769211,0.0,0,0.0,na,6309120.0,na,na,na
2021-03-01,Région,RSS99,Ensemble du Québec,279338.0,9416.0,288754,3371.14,2.25,192.0,1.0,193,7217,84.0,na,na,269282,803,10313,120.4,0.01,5614,2167,1989,543,1,1,0,0,0,na,na,16739.0,3205.0,19944.0,232.84,0.0,0.0,0.0,0.0,na,3054431.0,279246.0,2775185,0.0,0,0.0,na,6327085.0,na,na,na
2021-03-02,Région,RSS99,Ensemble du Québec,280232.0,9436.0,289668,3381.81,5.8,487.0,11.0,498,7336,85.38,na,na,270040,767,10334,120.65,0.02,5615,2170,2003,546,2,1,1,0,0,na,na,16787.0,3215.0,20002.0,233.52,0.0,0.0,0.0,0.0,na,3063218.0,311409.0,2783304,0.0,0,0.0,na,6709842.0,na,na,na
2021-03-03,Région,RSS99,Ensemble du Québec,280930.0,9445.0,290375,3390.07,5.34,448.0,11.0,459,7379,85.88,na,na,270679,677,10353,120.87,0.05,5616,2178,2012,547,4,0,3,1,0,na,na,16817.0,3224.0,20041.0,233.97,0.0,0.0,0.0,0.0,na,3072359.0,280700.0,2791659,0.0,0,0.0,na,6382324.0,na,na,na
2021-03-04,Région,RSS99,Ensemble du Québec,281720.0,9453.0,291173,3399.38,6.76,571.0,10.0,581,7290,84.85,na,na,271563,894,10362,120.97,0.03,5618,2184,2014,546,3,1,1,1,0,na,na,16854.0,3230.0,20084.0,234.48,0.0,0.0,0.0,0.0,na,3080548.0,281457.0,2799091,0.0,0,0.0,na,6410062.0,na,na,na
2021-03-05,Région,RSS99,Ensemble du Québec,282460.0,9462.0,291922,3408.13,5.48,460.0,11.0,471,7214,83.96,na,na,272382,774,10372,121.09,0.05,5618,2186,2021,547,4,0,2,2,0,na,na,16895.0,3237.0,20132.0,235.04,0.0,0.0,0.0,0.0,na,3088621.0,282105.0,2806516,0.0,0,0.0,na,6437730.0,na,na,na
2021-03-06,Région,RSS99,Ensemble du Québec,283148.0,9481.0,292629,3416.38,5.67,468.0,19.0,487,7100,82.64,na,na,273193,799,10379,121.17,0.02,5620,2186,2025,548,2,1,0,1,0,na,na,16926.0,3246.0,20172.0,235.5,0.0,0.0,0.0,0.0,na,3095506.0,282647.0,2812859,0.0,0,0.0,na,6459789.0,na,na,na
2021-03-07,Région,RSS99,Ensemble du Québec,283714.0,9494.0,293208,3423.14,3.83,314.0,15.0,329,6933,80.69,na,na,273928,735,10388,121.28,0.0,5620,2193,2027,548,0,0,0,0,0,na,na,16943.0,3250.0,20193.0,235.75,0.0,0.0,0.0,0.0,na,3102786.0,283237.0,2819549,0.0,0,0.0,na,6480584.0,na,na,na
2021-03-08,Région,RSS99,Ensemble du Québec,284348.0,9510.0,293858,3430.73,4.34,354.0,19.0,373,6765,78.74,na,na,274716,788,10399,121.41,0.05,5621,2198,2032,548,4,1,3,0,0,na,na,16964.0,3253.0,20217.0,236.03,0.0,0.0,0.0,0.0,na,3109208.0,283843.0,2825365,0.0,0,0.0,na,6497968.0,na,na,na
2021-03-09,Région,RSS99,Ensemble du Québec,285129.0,9521.0,294650,3439.97,6.37,529.0,18.0,547,6964,81.05,na,na,275293,537,10410,121.53,0.01,5622,2201,2039,548,1,0,0,1,0,na,na,17007.0,3267.0,20274.0,236.69,0.0,0.0,0.0,0.0,na,3118024.0,284477.0,2833547,0.0,0,0.0,na,6525327.0,na,na,na
2021-03-10,Région,RSS99,Ensemble du Québec,285847.0,9541.0,295388,3448.59,5.62,465.0,18.0,483,7134,83.03,na,na,275838,532,10424,121.7,0.03,5626,2205,2045,548,3,1,2,0,0,na,na,17063.0,3275.0,20338.0,237.44,0.0,0.0,0.0,0.0,na,3127564.0,285864.0,2841700,0.0,0,0.0,na,6556064.0,na,na,na
2021-03-11,Région,RSS99,Ensemble du Québec,286580.0,9561.0,296141,3457.38,6.22,515.0,19.0,534,7128,82.96,na,na,276582,746,10432,121.79,0.03,5626,2209,2049,548,3,0,1,2,0,na,na,17096.0,3280.0,20376.0,237.89,0.0,0.0,0.0,0.0,na,3136299.0,286582.0,2849717,0.0,0,0.0,na,6586728.0,na,na,na
2021-03-12,Région,RSS99,Ensemble du Québec,287346.0,9570.0,296916,3466.43,6.61,552.0,16.0,568,7153,83.25,na,na,277323,734,10442,121.91,0.0,5627,2213,2054,548,0,0,0,0,0,na,na,17133.0,3287.0,20420.0,238.4,0.0,0.0,0.0,0.0,na,3144796.0,287335.0,2857461,0.0,0,0.0,na,6615359.0,na,na,na
2021-03-13,Région,RSS99,Ensemble du Québec,288013.0,9577.0,297590,3474.3,4.98,418.0,10.0,428,7022,81.73,na,na,278122,790,10447,121.97,0.03,5628,2214,2057,548,3,0,1,2,0,na,na,17182.0,3292.0,20474.0,239.03,0.0,0.0,0.0,0.0,na,3153153.0,288067.0,2865086,0.0,0,0.0,na,6641565.0,na,na,na
2021-03-14,Région,RSS99,Ensemble du Québec,288588.0,9596.0,298184,3481.23,4.36,357.0,18.0,375,6881,80.09,na,na,278842,740,10457,122.08,0.02,5628,2217,2064,548,2,0,1,1,0,na,na,17214.0,3299.0,20513.0,239.48,0.0,0.0,0.0,0.0,na,3159830.0,288634.0,2871196,0.0,0,0.0,na,6660398.0,na,na,na
2021-03-15,Région,RSS99,Ensemble du Québec,289139.0,9606.0,298745,3487.78,3.83,313.0,16.0,329,6753,78.6,na,na,279518,683,10463,122.15,0.03,5628,2218,2069,548,3,0,0,3,0,na,na,17241.0,3303.0,20544.0,239.85,0.0,0.0,0.0,0.0,na,3166868.0,289214.0,2877654,0.0,0,0.0,na,6679479.0,na,na,na
2021-03-16,Région,RSS99,Ensemble du Québec,289831.0,9617.0,299448,3495.99,5.32,441.0,16.0,457,6833,79.53,na,na,280111,567,10475,122.29,0.0,5630,2224,2073,548,0,0,0,0,0,na,na,17269.0,3307.0,20576.0,240.22,0.0,0.0,0.0,0.0,na,3176475.0,289872.0,2886603,0.0,0,0.0,na,6708974.0,na,na,na
2021-03-17,Région,RSS99,Ensemble du Québec,290521.0,9629.0,300150,3504.19,5.2,434.0,13.0,447,6883,80.11,na,na,280754,657,10481,122.36,0.0,5632,2226,2075,548,0,0,0,0,0,na,na,17300.0,3329.0,20629.0,240.84,0.0,0.0,0.0,0.0,na,3186939.0,290536.0,2896403,0.0,0,0.0,na,6741996.0,na,na,na
2021-03-18,Région,RSS99,Ensemble du Québec,291257.0,9657.0,300914,3513.11,5.87,477.0,27.0,504,6851,79.74,na,na,281522,787,10491,122.48,0.01,5632,2228,2082,549,1,0,0,1,0,na,na,17325.0,3338.0,20663.0,241.24,0.0,0.0,0.0,0.0,na,3196900.0,291315.0,2905585,0.0,0,0.0,na,6773710.0,na,na,na
2021-03-19,Région,RSS99,Ensemble du Québec,292032.0,9657.0,301689,3522.15,6.18,519.0,12.0,531,6894,80.24,na,na,282244,759,10498,122.56,0.01,5633,2233,2084,548,1,0,1,0,0,na,na,17385.0,3351.0,20736.0,242.09,0.0,0.0,0.0,0.0,na,3206998.0,292140.0,2914858,0.0,0,0.0,na,6807178.0,na,na,na
2021-03-20,Région,RSS99,Ensemble du Québec,292682.0,9655.0,302337,3529.72,4.46,379.0,4.0,383,6800,79.14,na,na,282989,769,10503,122.62,0.03,5634,2235,2086,548,3,1,1,1,0,na,na,17413.0,3359.0,20772.0,242.51,0.0,0.0,0.0,0.0,na,3216193.0,292816.0,2923377,0.0,0,0.0,na,6836023.0,na,na,na
2021-03-21,Région,RSS99,Ensemble du Québec,293390.0,9659.0,303049,3538.03,4.92,415.0,8.0,423,6755,78.62,na,na,283740,786,10518,122.8,0.03,5636,2238,2096,548,3,0,1,2,0,na,na,17438.0,3373.0,20811.0,242.96,0.0,0.0,0.0,0.0,na,3224330.0,293501.0,2930829,0.0,0,0.0,na,6858158.0,na,na,na
2021-03-22,Région,RSS99,Ensemble du Québec,294029.0,9676.0,303705,3545.69,5.04,418.0,15.0,433,6742,78.47,na,na,284387,698,10522,122.84,0.01,5637,2240,2096,549,1,0,1,0,0,na,na,17470.0,3383.0,20853.0,243.45,0.0,0.0,0.0,0.0,na,3232468.0,294149.0,2938319,0.0,0,0.0,na,6880293.0,na,na,na
2021-03-23,Région,RSS99,Ensemble du Québec,294788.0,9700.0,304488,3554.83,6.02,495.0,22.0,517,6918,80.52,na,na,284980,626,10530,122.94,0.0,5637,2242,2102,549,0,0,0,0,0,na,na,17507.0,3388.0,20895.0,243.94,0.0,0.0,0.0,0.0,na,3243321.0,294935.0,2948386,0.0,0,0.0,na,6913507.0,na,na,na
2021-03-24,Région,RSS99,Ensemble du Québec,295858.0,9712.0,305570,3567.46,9.46,791.0,22.0,813,6946,80.84,na,na,285410,719,10534,122.98,0.01,5638,2242,2105,549,1,1,0,0,0,na,na,17530.0,3399.0,20929.0,244.34,0.0,0.0,0.0,0.0,na,3260821.0,296291.0,2964530,0.0,0,0.0,na,6967784.0,na,na,na
2021-03-25,Région,RSS99,Ensemble du Québec,296661.0,9722.0,306383,3576.96,7.15,593.0,21.0,614,7365,85.72,na,na,286404,772,10541,123.06,0.01,5638,2243,2110,550,1,0,0,1,0,na,na,17560.0,3403.0,20963.0,244.74,0.0,0.0,0.0,0.0,na,3267185.0,296746.0,2970439,0.0,0,0.0,na,6986443.0,na,na,na
2021-03-26,Région,RSS99,Ensemble du Québec,297661.0,9731.0,307392,3588.73,7.52,636.0,10.0,646,7617,88.65,na,na,287135,744,10549,123.16,0.02,5640,2244,2115,550,2,1,0,1,0,na,na,17587.0,3406.0,20993.0,245.09,0.0,0.0,0.0,0.0,na,3278092.0,297743.0,2980349,0.0,0,0.0,na,7021408.0,na,na,na
2021-03-27,Région,RSS99,Ensemble du Québec,298574.0,9735.0,308309,3599.44,6.61,556.0,12.0,568,7837,91.21,na,na,287842,725,10551,123.18,0.0,5640,2245,2116,550,0,0,0,0,0,na,na,17617.0,3418.0,21035.0,245.58,0.0,0.0,0.0,0.0,na,3287752.0,298657.0,2989095,0.0,0,0.0,na,7051184.0,na,na,na
2021-03-28,Région,RSS99,Ensemble du Québec,299470.0,9730.0,309200,3609.84,6.25,531.0,6.0,537,7987,92.96,na,na,288593,759,10555,123.23,0.02,5641,2247,2117,550,2,0,1,1,0,na,na,17648.0,3428.0,21076.0,246.06,0.0,0.0,0.0,0.0,na,3296172.0,299459.0,2996713,0.0,0,0.0,na,7074262.0,na,na,na
2021-03-29,Région,RSS99,Ensemble du Québec,300317.0,9747.0,310064,3619.93,6.9,576.0,17.0,593,8118,94.48,na,na,289329,758,10562,123.31,0.01,5641,2247,2123,551,1,0,0,0,1,na,na,17668.0,3436.0,21104.0,246.38,0.0,0.0,0.0,0.0,na,3306751.0,300350.0,3006401,0.0,0,0.0,na,7101025.0,na,na,na
2021-03-30,Région,RSS99,Ensemble du Québec,301327.0,9762.0,311089,3631.9,8.08,675.0,19.0,694,8518,99.14,na,na,289944,631,10571,123.41,0.03,5639,2254,2127,551,3,0,2,1,0,na,na,17696.0,3447.0,21143.0,246.84,0.0,0.0,0.0,0.0,na,3318743.0,301361.0,3017382,0.0,0,0.0,na,7137856.0,na,na,na
2021-03-31,Région,RSS99,Ensemble du Québec,302584.0,9776.0,312360,3646.74,11.5,969.0,19.0,988,9038,105.19,na,na,290668,729,10577,123.48,0.01,5641,2255,2130,551,1,1,0,0,0,na,na,17735.0,3455.0,21190.0,247.39,0.0,0.0,0.0,0.0,na,3332656.0,302708.0,3029948,0.0,0,0.0,na,7178826.0,na,na,na
2021-04-01,Région,RSS99,Ensemble du Québec,303896.0,9778.0,313674,3662.08,10.04,855.0,8.0,863,9428,109.73,na,na,291577,968,10584,123.57,0.01,5641,2256,2136,551,1,0,0,1,0,na,na,17773.0,3467.0,21240.0,247.97,0.0,0.0,0.0,0.0,na,3346523.0,303996.0,3042527,0.0,0,0.0,na,7220824.0,na,na,na
2021-04-02,Région,RSS99,Ensemble du Québec,305175.0,9781.0,314956,3677.04,10.23,862.0,17.0,879,9714,113.06,na,na,292555,962,10587,123.6,0.0,5641,2256,2139,551,0,0,0,0,0,na,na,17814.0,3482.0,21296.0,248.63,0.0,0.0,0.0,0.0,na,3358964.0,305142.0,3053822,0.0,0,0.0,na,7259951.0,na,na,na
2021-04-03,Région,RSS99,Ensemble du Québec,306324.0,9786.0,316110,3690.52,8.72,742.0,7.0,749,9966,115.99,na,na,293444,912,10596,123.71,0.01,5641,2258,2144,553,1,0,1,0,0,na,na,17848.0,3490.0,21338.0,249.12,0.0,0.0,0.0,0.0,na,3369308.0,306182.0,3063126,0.0,0,0.0,na,7290964.0,na,na,na
2021-04-04,Région,RSS99,Ensemble du Québec,307559.0,9803.0,317362,3705.13,8.58,722.0,15.0,737,10271,119.54,na,na,294403,984,10600,123.75,0.01,5641,2259,2147,553,1,0,0,1,0,na,na,17883.0,3496.0,21379.0,249.6,0.0,0.0,0.0,0.0,na,3377895.0,307275.0,3070620,0.0,0,0.0,na,7315560.0,na,na,na
2021-04-05,Région,RSS99,Ensemble du Québec,308710.0,9820.0,318530,3718.77,9.11,766.0,17.0,783,10447,121.59,na,na,295388,1021,10604,123.8,0.01,5641,2259,2151,553,1,0,0,1,0,na,na,17917.0,3505.0,21422.0,250.1,0.0,0.0,0.0,0.0,na,3389773.0,308732.0,3081041,0.0,0,0.0,na,7347188.0,na,na,na
2021-04-06,Région,RSS99,Ensemble du Québec,309988.0,9812.0,319800,3733.6,9.65,823.0,6.0,829,10795,125.64,na,na,296279,904,10612,123.89,0.01,5643,2261,2155,553,1,0,0,1,0,na,na,17974.0,3518.0,21492.0,250.91,0.0,0.0,0.0,0.0,na,3400126.0,309942.0,3090184,0.0,0,0.0,na,7378044.0,na,na,na
2021-04-07,Région,RSS99,Ensemble du Québec,311591.0,9818.0,321409,3752.38,13.25,1128.0,10.0,1138,11452,133.29,na,na,297219,970,10622,124.01,0.01,5643,2262,2163,554,1,0,0,1,0,na,na,17987.0,3521.0,21508.0,251.1,0.0,0.0,0.0,0.0,na,3414100.0,311483.0,3102617,0.0,0,0.0,na,7421612.0,na,na,na
2021-04-08,Région,RSS99,Ensemble du Québec,313251.0,9841.0,323092,3772.03,13.87,1170.0,22.0,1192,11897,138.47,na,na,298445,1235,10630,124.1,0.06,5644,2263,2169,554,5,1,0,4,0,na,na,18099.0,3547.0,21646.0,252.71,0.35,26.0,4.0,30.0,na,3428975.0,313060.0,3115915,0.0,0,0.0,na,7468352.0,435.0,134.0,569.0
2021-04-09,Région,RSS99,Ensemble du Québec,314995.0,9851.0,324846,3792.51,14.93,1271.0,12.0,1283,12371,143.99,na,na,299695,1243,10640,124.22,0.02,5645,2265,2176,554,2,0,1,1,0,na,na,18161.0,3564.0,21725.0,253.63,0.27,21.0,2.0,23.0,na,3443928.0,314726.0,3129202,0.0,0,0.0,na,7514594.0,445.0,138.0,583.0
2021-04-10,Région,RSS99,Ensemble du Québec,316531.0,9850.0,326381,3810.43,11.84,1006.0,11.0,1017,12602,146.67,na,na,300993,1341,10644,124.27,0.02,5645,2266,2179,554,2,0,1,1,0,na,na,18224.0,3577.0,21801.0,254.52,0.43,34.0,3.0,37.0,na,3456519.0,316438.0,3140081,0.0,0,0.0,na,7554098.0,469.0,139.0,608.0
2021-04-11,Région,RSS99,Ensemble du Québec,318120.0,9860.0,327980,3829.1,11.43,962.0,20.0,982,12971,150.97,na,na,302235,1235,10647,124.3,0.0,5646,2266,2181,554,0,0,0,0,0,na,na,18271.0,3594.0,21865.0,255.27,0.31,22.0,5.0,27.0,na,3466614.0,317815.0,3148799,0.0,0,0.0,na,7583280.0,488.0,142.0,630.0
2021-04-12,Région,RSS99,Ensemble du Québec,319594.0,9876.0,329470,3846.49,10.63,896.0,17.0,913,13254,154.26,na,na,303426,1195,10659,124.44,0.03,5649,2267,2189,554,3,2,0,1,0,na,na,18320.0,3614.0,21934.0,256.07,0.31,24.0,3.0,27.0,na,3480236.0,319331.0,3160905,0.0,0,0.0,na,7617838.0,493.0,150.0,643.0
2021-04-13,Région,RSS99,Ensemble du Québec,321144.0,9885.0,331029,3864.69,12.03,1013.0,21.0,1034,13660,158.99,na,na,304552,1124,10666,124.52,0.01,5650,2267,2194,555,1,0,0,1,0,na,na,18385.0,3628.0,22013.0,257.0,0.36,26.0,5.0,31.0,na,3493358.0,320932.0,3172426,0.0,0,0.0,na,7659146.0,508.0,152.0,660.0
2021-04-14,Région,RSS99,Ensemble du Québec,322658.0,9884.0,332542,3882.36,12.31,1046.0,12.0,1058,14018,163.15,na,na,305672,1126,10679,124.68,0.05,5650,2267,2206,556,4,0,0,4,0,na,na,18439.0,3648.0,22087.0,257.86,0.27,21.0,2.0,23.0,na,3507695.0,322368.0,3185327,0.0,0,0.0,na,7704593.0,502.0,159.0,661.0
2021-04-15,Région,RSS99,Ensemble du Québec,324173.0,9896.0,334069,3900.18,12.44,1056.0,13.0,1069,13941,162.26,na,na,307223,1534,10686,124.76,0.01,5651,2267,2212,556,1,0,0,1,0,na,na,18498.0,3666.0,22164.0,258.76,0.41,28.0,7.0,35.0,na,3522693.0,323924.0,3198769,0.0,0,0.0,na,7752211.0,497.0,167.0,664.0
2021-04-16,Région,RSS99,Ensemble du Québec,325704.0,9902.0,335606,3918.13,11.0,932.0,13.0,945,13768,160.24,na,na,308907,1681,10694,124.85,0.06,5652,2269,2217,556,5,0,2,3,0,na,na,18566.0,3687.0,22253.0,259.8,0.44,34.0,4.0,38.0,na,3535906.0,325444.0,3210462,0.0,0,0.0,na,7795819.0,517.0,175.0,692.0
2021-04-17,Région,RSS99,Ensemble du Québec,327036.0,9914.0,336950,3933.82,10.07,848.0,17.0,865,13449,156.53,na,na,310562,1681,10703,124.96,0.02,5653,2271,2223,556,2,0,1,1,0,na,na,18602.0,3702.0,22304.0,260.39,0.29,20.0,5.0,25.0,na,3546264.0,326617.0,3219647,0.0,0,0.0,na,7832034.0,508.0,175.0,683.0
2021-04-18,Région,RSS99,Ensemble du Québec,328106.0,9936.0,338042,3946.57,7.87,652.0,24.0,676,12852,149.58,na,na,312239,1697,10715,125.1,0.02,5656,2273,2230,556,2,1,0,1,0,na,na,18652.0,3718.0,22370.0,261.16,0.28,17.0,7.0,24.0,na,3554651.0,327603.0,3227048,0.0,0,0.0,na,7858203.0,503.0,183.0,686.0
2021-04-19,Région,RSS99,Ensemble du Québec,329227.0,9951.0,339178,3959.83,9.25,772.0,23.0,795,12363,143.89,na,na,313857,1614,10730,125.27,0.05,5657,2276,2241,556,4,0,1,3,0,na,na,18714.0,3734.0,22448.0,262.08,0.3,25.0,1.0,26.0,na,3566188.0,328850.0,3237338,0.0,0,0.0,na,7891180.0,517.0,177.0,694.0
2021-04-20,Région,RSS99,Ensemble du Québec,330434.0,9961.0,340395,3974.04,9.79,819.0,22.0,841,12221,142.24,na,na,315205,1364,10736,125.34,0.01,5659,2276,2245,556,1,0,0,1,0,na,na,18776.0,3752.0,22528.0,263.01,0.43,36.0,1.0,37.0,na,3577954.0,330086.0,3247868,0.0,0,0.0,na,7931174.0,538.0,178.0,716.0
2021-04-21,Région,RSS99,Ensemble du Québec,331666.0,9977.0,341643,3988.61,10.25,861.0,20.0,881,12125,141.12,na,na,316524,1329,10743,125.42,0.02,5659,2277,2250,557,2,0,0,2,0,na,na,18826.0,3773.0,22599.0,263.84,0.35,26.0,4.0,30.0,na,3589888.0,331319.0,3258569,0.0,0,0.0,na,7973705.0,537.0,174.0,711.0
2021-04-22,Région,RSS99,Ensemble du Québec,332705.0,9981.0,342686,4000.78,8.72,735.0,14.0,749,11526,134.15,na,na,318107,1560,10759,125.61,0.07,5662,2282,2258,557,6,0,4,2,0,na,na,18861.0,3786.0,22647.0,264.4,0.17,13.0,2.0,15.0,na,3601307.0,332271.0,3269036,0.0,0,0.0,na,8015911.0,512.0,172.0,684.0
2021-04-23,Région,RSS99,Ensemble du Québec,333792.0,10000.0,343792,4013.7,9.02,753.0,22.0,775,11259,131.04,na,na,319469,1367,10770,125.74,0.03,5665,2282,2265,558,3,1,1,1,0,na,na,18892.0,3807.0,22699.0,265.01,0.21,16.0,2.0,18.0,na,3613095.0,333370.0,3279725,0.0,0,0.0,na,8059625.0,481.0,181.0,662.0
2021-04-24,Région,RSS99,Ensemble du Québec,334795.0,10011.0,344806,4025.54,10.29,870.0,14.0,884,10844,126.21,na,na,320921,1454,10780,125.85,0.07,5667,2283,2272,558,6,0,1,5,0,na,na,18932.0,3816.0,22748.0,265.58,0.21,16.0,2.0,18.0,na,3621809.0,334288.0,3287521,0.0,0,0.0,na,8095502.0,489.0,165.0,654.0
2021-04-25,Région,RSS99,Ensemble du Québec,335682.0,10013.0,345695,4035.91,6.95,584.0,13.0,597,10370,120.7,na,na,322287,1413,10787,125.94,0.01,5668,2284,2276,559,1,0,1,0,0,na,na,18977.0,3833.0,22810.0,266.3,0.22,14.0,5.0,19.0,na,3629110.0,335105.0,3294005,0.0,0,0.0,na,8120905.0,497.0,167.0,664.0
2021-04-26,Région,RSS99,Ensemble du Québec,336568.0,10026.0,346594,4046.41,7.22,601.0,19.0,620,10007,116.47,na,na,323536,1300,10799,126.08,0.03,5671,2286,2282,560,3,1,1,1,0,na,na,19025.0,3844.0,22869.0,266.99,0.17,13.0,2.0,15.0,na,3638895.0,336044.0,3302851,0.0,0,0.0,na,8150946.0,497.0,170.0,667.0
2021-04-27,Région,RSS99,Ensemble du Québec,337654.0,10034.0,347688,4059.18,8.95,756.0,13.0,769,9948,115.78,na,na,324641,1103,10809,126.19,0.03,5672,2286,2289,562,3,0,0,2,1,na,na,19070.0,3852.0,22922.0,267.61,0.2,14.0,3.0,17.0,na,3650606.0,337127.0,3313479,0.0,0,0.0,na,8191523.0,482.0,161.0,643.0
2021-04-28,Région,RSS99,Ensemble du Québec,338681.0,10049.0,348730,4071.35,8.89,738.0,26.0,764,9954,115.85,na,na,325679,1044,10815,126.26,0.03,5673,2287,2292,563,3,1,2,0,0,na,na,19100.0,3864.0,22964.0,268.1,0.19,14.0,2.0,16.0,na,3661864.0,338142.0,3323722,0.0,0,0.0,na,8232151.0,458.0,165.0,623.0
2021-04-29,Région,RSS99,Ensemble du Québec,339715.0,10056.0,349771,4083.5,8.6,722.0,17.0,739,9673,112.58,na,na,326999,1314,10827,126.4,0.03,5673,2291,2300,563,3,0,2,1,0,na,na,19134.0,3879.0,23013.0,268.67,0.16,13.0,1.0,14.0,na,3672696.0,339207.0,3333489,0.0,0,0.0,na,8275772.0,428.0,164.0,592.0
2021-04-30,Région,RSS99,Ensemble du Québec,340817.0,10055.0,350872,4096.35,8.57,727.0,9.0,736,9579,111.49,na,na,328171,1153,10834,126.48,0.01,5673,2292,2306,563,1,0,0,1,0,na,na,19173.0,3890.0,23063.0,269.26,0.21,16.0,2.0,18.0,na,3683238.0,340286.0,3342952,0.0,0,0.0,na,8314687.0,419.0,159.0,578.0
2021-05-01,Région,RSS99,Ensemble du Québec,341822.0,10056.0,351878,4108.1,6.76,567.0,14.0,581,9425,109.7,na,na,329327,1082,10843,126.59,0.0,5673,2293,2313,564,0,0,0,0,0,na,na,19209.0,3898.0,23107.0,269.77,0.13,10.0,1.0,11.0,na,3691683.0,341191.0,3350492,0.0,0,0.0,na,8348055.0,417.0,157.0,574.0
2021-05-02,Région,RSS99,Ensemble du Québec,342614.0,10062.0,352676,4117.42,5.78,484.0,13.0,497,9157,106.58,na,na,330379,1087,10844,126.6,0.0,5673,2293,2314,564,0,0,0,0,0,na,na,19251.0,3907.0,23158.0,270.36,0.2,15.0,2.0,17.0,na,3698160.0,341908.0,3356252,0.0,0,0.0,na,8371023.0,437.0,151.0,588.0
